id,solver_name,solver_version,problem_library,problem_name,problem_type,environment_info,commit_hash,timestamp,solve_time,status,primal_objective_value,dual_objective_value,duality_gap,primal_infeasibility,dual_infeasibility,iterations,memo
1792,cvxpy_ecos,cvxpy-1.6.5-ECOS-2.0.14,DIMACS,bm1,SDP,"{""cpu"": {""cpu_count"": 8, ""cpu_count_physical"": 8, ""processor"": ""arm"", ""architecture"": ""64bit""}, ""memory"": {""total_gb"": 24.0}, ""os"": {""system"": ""Darwin"", ""machine"": ""arm64"", ""release"": ""23.5.0""}, ""python"": {""implementation"": ""CPython"", ""version"": ""3.12.2"", ""version_info"": ""3.12.2""}, ""git"": {""commit_hash"": ""0d9be48d5161918e56908f73cddd63d9b51ecd84""}, ""timezone"": {""timezone_name"": ""UTC"", ""utc_offset_hours"": 0.0}, ""timestamp"": 1752926592.0}",0d9be48d5161918e56908f73cddd63d9b51ecd84,2025-07-22T14:48:51,,UNSUPPORTED,,,,,,,"{""reason"": ""Solver does not support SDP problems"", ""problem_type"": ""SDP"", ""problem_class"": ""SDP""}"
1730,cvxpy_highs,cvxpy-1.6.5-HIGHS-1.11.0,DIMACS,bm1,SDP,"{""cpu"": {""cpu_count"": 8, ""cpu_count_physical"": 8, ""processor"": ""arm"", ""architecture"": ""64bit""}, ""memory"": {""total_gb"": 24.0}, ""os"": {""system"": ""Darwin"", ""machine"": ""arm64"", ""release"": ""23.5.0""}, ""python"": {""implementation"": ""CPython"", ""version"": ""3.12.2"", ""version_info"": ""3.12.2""}, ""git"": {""commit_hash"": ""0d9be48d5161918e56908f73cddd63d9b51ecd84""}, ""timezone"": {""timezone_name"": ""UTC"", ""utc_offset_hours"": 0.0}, ""timestamp"": 1752926592.0}",0d9be48d5161918e56908f73cddd63d9b51ecd84,2025-07-22T14:36:13,,UNSUPPORTED,,,,,,,"{""reason"": ""Solver does not support SDP problems"", ""problem_type"": ""SDP"", ""problem_class"": ""SDP""}"
1731,cvxpy_osqp,cvxpy-1.6.5-OSQP-1.0.4,DIMACS,bm1,SDP,"{""cpu"": {""cpu_count"": 8, ""cpu_count_physical"": 8, ""processor"": ""arm"", ""architecture"": ""64bit""}, ""memory"": {""total_gb"": 24.0}, ""os"": {""system"": ""Darwin"", ""machine"": ""arm64"", ""release"": ""23.5.0""}, ""python"": {""implementation"": ""CPython"", ""version"": ""3.12.2"", ""version_info"": ""3.12.2""}, ""git"": {""commit_hash"": ""0d9be48d5161918e56908f73cddd63d9b51ecd84""}, ""timezone"": {""timezone_name"": ""UTC"", ""utc_offset_hours"": 0.0}, ""timestamp"": 1752926592.0}",0d9be48d5161918e56908f73cddd63d9b51ecd84,2025-07-22T14:36:13,,UNSUPPORTED,,,,,,,"{""reason"": ""Solver does not support SDP problems"", ""problem_type"": ""SDP"", ""problem_class"": ""SDP""}"
1793,cvxpy_scip,cvxpy-1.6.5-SCIP-5.5.0,DIMACS,bm1,SDP,"{""cpu"": {""cpu_count"": 8, ""cpu_count_physical"": 8, ""processor"": ""arm"", ""architecture"": ""64bit""}, ""memory"": {""total_gb"": 24.0}, ""os"": {""system"": ""Darwin"", ""machine"": ""arm64"", ""release"": ""23.5.0""}, ""python"": {""implementation"": ""CPython"", ""version"": ""3.12.2"", ""version_info"": ""3.12.2""}, ""git"": {""commit_hash"": ""0d9be48d5161918e56908f73cddd63d9b51ecd84""}, ""timezone"": {""timezone_name"": ""UTC"", ""utc_offset_hours"": 0.0}, ""timestamp"": 1752926592.0}",0d9be48d5161918e56908f73cddd63d9b51ecd84,2025-07-22T14:48:51,,UNSUPPORTED,,,,,,,"{""reason"": ""Solver does not support SDP problems"", ""problem_type"": ""SDP"", ""problem_class"": ""SDP""}"
1720,cvxpy_sdpa,cvxpy-1.6.5-SDPA-0.2.2,DIMACS,bm1,SDP,"{""cpu"": {""cpu_count"": 8, ""cpu_count_physical"": 8, ""processor"": ""arm"", ""architecture"": ""64bit""}, ""memory"": {""total_gb"": 24.0}, ""os"": {""system"": ""Darwin"", ""machine"": ""arm64"", ""release"": ""23.5.0""}, ""python"": {""implementation"": ""CPython"", ""version"": ""3.12.2"", ""version_info"": ""3.12.2""}, ""git"": {""commit_hash"": ""0d9be48d5161918e56908f73cddd63d9b51ecd84""}, ""timezone"": {""timezone_name"": ""UTC"", ""utc_offset_hours"": 0.0}, ""timestamp"": 1752926592.0}",0d9be48d5161918e56908f73cddd63d9b51ecd84,2025-07-22T14:29:14,121.13185501098633,OPTIMAL,23.439818974587567,23.439818435224183,5.393633841777046e-07,1.589519974455338e-11,4.7948349842514454e-14,,"{""iteration_info_limitation"": ""SDPA does not provide iteration count through CVXPY"", ""solver_solve_time"": null, ""problem_class"": ""SDP""}"
1662,matlab_sdpt3,SDPT3-4.0-20240410 (MATLAB 24.1.0.2537033 (R2024a)),DIMACS,bm1,SDP,"{""cpu"": {""cpu_count"": 8, ""cpu_count_physical"": 8, ""processor"": ""arm"", ""architecture"": ""64bit""}, ""memory"": {""total_gb"": 24.0}, ""os"": {""system"": ""Darwin"", ""machine"": ""arm64"", ""release"": ""23.5.0""}, ""python"": {""implementation"": ""CPython"", ""version"": ""3.12.2"", ""version_info"": ""3.12.2""}, ""git"": {""commit_hash"": ""96ca043787ef8c38515cfa8d108d16b61b823e04""}, ""timezone"": {""timezone_name"": ""UTC"", ""utc_offset_hours"": 0.0}, ""timestamp"": 1752926592.0}",96ca043787ef8c38515cfa8d108d16b61b823e04,2025-07-19T14:10:50,7.386539916666667,NUM_ERROR,23.439854216116014,23.439818538353734,3.5677762280528214e-05,8.672790954165753e-13,3.574491428937259e-12,20,"{""matlab_output"": {""solver_name"": ""SDPT3"", ""status"": ""num_error"", ""solve_time"": 7.386539916666667, ""setup_time"": [], ""iterations"": 20, ""primal_objective_value"": 23.439854216116014, ""dual_objective_value"": 23.439818538353734, ""duality_gap"": 3.5677762280528214e-05, ""primal_infeasibility"": 8.672790954165753e-13, ""dual_infeasibility"": 3.574491428937259e-12, ""solver_version"": ""SDPT3-4.0-20240410"", ""solver_options"": {}, ""termination_reason"": """", ""error_message"": """", ""timestamp"": ""2025-07-19 23:10:48"", ""matlab_version"": ""24.1.0.2537033 (R2024a)""}, ""matlab_version"": ""24.1.0.2537033 (R2024a)"", ""solver_backend"": ""sdpt3"", ""execution_environment"": ""matlab"", ""problem_class"": ""SDP""}"
1456,matlab_sedumi,SeDuMi-1.3.7 (MATLAB 24.1.0.2537033 (R2024a)),DIMACS,bm1,SDP,"{""cpu"": {""cpu_count"": 8, ""cpu_count_physical"": 8, ""processor"": ""arm"", ""architecture"": ""64bit""}, ""memory"": {""total_gb"": 24.0}, ""os"": {""system"": ""Darwin"", ""machine"": ""arm64"", ""release"": ""23.5.0""}, ""python"": {""implementation"": ""CPython"", ""version"": ""3.12.2"", ""version_info"": ""3.12.2""}, ""git"": {""commit_hash"": ""96ca043787ef8c38515cfa8d108d16b61b823e04""}, ""timezone"": {""timezone_name"": ""UTC"", ""utc_offset_hours"": 0.0}, ""timestamp"": 1752416768.0}",96ca043787ef8c38515cfa8d108d16b61b823e04,2025-07-19T11:12:04,54.54148845833333,NUM_ERROR,23.44598268573775,24.309815518761912,0.863832833024162,3.19198625458438e-06,3.967426777597085e-06,29,"{""matlab_output"": {""solver_name"": ""SeDuMi"", ""status"": ""num_error"", ""solve_time"": 54.54148845833333, ""setup_time"": [], ""iterations"": 29, ""primal_objective_value"": 23.44598268573775, ""dual_objective_value"": 24.309815518761912, ""duality_gap"": 0.863832833024162, ""primal_infeasibility"": 3.19198625458438e-06, ""dual_infeasibility"": 3.967426777597085e-06, ""solver_version"": ""SeDuMi-1.3.7"", ""solver_options"": {}, ""termination_reason"": """", ""error_message"": """", ""timestamp"": ""2025-07-19 20:12:00"", ""matlab_version"": ""24.1.0.2537033 (R2024a)""}, ""matlab_version"": ""24.1.0.2537033 (R2024a)"", ""solver_backend"": ""sedumi"", ""execution_environment"": ""matlab"", ""problem_class"": ""SDP""}"
1732,scipy_linprog,scipy-1.15.3,DIMACS,bm1,SDP,"{""cpu"": {""cpu_count"": 8, ""cpu_count_physical"": 8, ""processor"": ""arm"", ""architecture"": ""64bit""}, ""memory"": {""total_gb"": 24.0}, ""os"": {""system"": ""Darwin"", ""machine"": ""arm64"", ""release"": ""23.5.0""}, ""python"": {""implementation"": ""CPython"", ""version"": ""3.12.2"", ""version_info"": ""3.12.2""}, ""git"": {""commit_hash"": ""0d9be48d5161918e56908f73cddd63d9b51ecd84""}, ""timezone"": {""timezone_name"": ""UTC"", ""utc_offset_hours"": 0.0}, ""timestamp"": 1752926592.0}",0d9be48d5161918e56908f73cddd63d9b51ecd84,2025-07-22T14:36:13,,UNSUPPORTED,,,,,,,"{""reason"": ""Solver does not support SDP problems"", ""problem_type"": ""SDP"", ""problem_class"": ""SDP""}"
1794,cvxpy_ecos,cvxpy-1.6.5-ECOS-2.0.14,DIMACS,copo14,SDP,"{""cpu"": {""cpu_count"": 8, ""cpu_count_physical"": 8, ""processor"": ""arm"", ""architecture"": ""64bit""}, ""memory"": {""total_gb"": 24.0}, ""os"": {""system"": ""Darwin"", ""machine"": ""arm64"", ""release"": ""23.5.0""}, ""python"": {""implementation"": ""CPython"", ""version"": ""3.12.2"", ""version_info"": ""3.12.2""}, ""git"": {""commit_hash"": ""0d9be48d5161918e56908f73cddd63d9b51ecd84""}, ""timezone"": {""timezone_name"": ""UTC"", ""utc_offset_hours"": 0.0}, ""timestamp"": 1752926592.0}",0d9be48d5161918e56908f73cddd63d9b51ecd84,2025-07-22T14:48:51,,UNSUPPORTED,,,,,,,"{""reason"": ""Solver does not support SDP problems"", ""problem_type"": ""SDP"", ""problem_class"": ""SDP""}"
1757,cvxpy_highs,cvxpy-1.6.5-HIGHS-1.11.0,DIMACS,copo14,SDP,"{""cpu"": {""cpu_count"": 8, ""cpu_count_physical"": 8, ""processor"": ""arm"", ""architecture"": ""64bit""}, ""memory"": {""total_gb"": 24.0}, ""os"": {""system"": ""Darwin"", ""machine"": ""arm64"", ""release"": ""23.5.0""}, ""python"": {""implementation"": ""CPython"", ""version"": ""3.12.2"", ""version_info"": ""3.12.2""}, ""git"": {""commit_hash"": ""0d9be48d5161918e56908f73cddd63d9b51ecd84""}, ""timezone"": {""timezone_name"": ""UTC"", ""utc_offset_hours"": 0.0}, ""timestamp"": 1752926592.0}",0d9be48d5161918e56908f73cddd63d9b51ecd84,2025-07-22T14:40:11,,UNSUPPORTED,,,,,,,"{""reason"": ""Solver does not support SDP problems"", ""problem_type"": ""SDP"", ""problem_class"": ""SDP""}"
1758,cvxpy_osqp,cvxpy-1.6.5-OSQP-1.0.4,DIMACS,copo14,SDP,"{""cpu"": {""cpu_count"": 8, ""cpu_count_physical"": 8, ""processor"": ""arm"", ""architecture"": ""64bit""}, ""memory"": {""total_gb"": 24.0}, ""os"": {""system"": ""Darwin"", ""machine"": ""arm64"", ""release"": ""23.5.0""}, ""python"": {""implementation"": ""CPython"", ""version"": ""3.12.2"", ""version_info"": ""3.12.2""}, ""git"": {""commit_hash"": ""0d9be48d5161918e56908f73cddd63d9b51ecd84""}, ""timezone"": {""timezone_name"": ""UTC"", ""utc_offset_hours"": 0.0}, ""timestamp"": 1752926592.0}",0d9be48d5161918e56908f73cddd63d9b51ecd84,2025-07-22T14:40:11,,UNSUPPORTED,,,,,,,"{""reason"": ""Solver does not support SDP problems"", ""problem_type"": ""SDP"", ""problem_class"": ""SDP""}"
1795,cvxpy_scip,cvxpy-1.6.5-SCIP-5.5.0,DIMACS,copo14,SDP,"{""cpu"": {""cpu_count"": 8, ""cpu_count_physical"": 8, ""processor"": ""arm"", ""architecture"": ""64bit""}, ""memory"": {""total_gb"": 24.0}, ""os"": {""system"": ""Darwin"", ""machine"": ""arm64"", ""release"": ""23.5.0""}, ""python"": {""implementation"": ""CPython"", ""version"": ""3.12.2"", ""version_info"": ""3.12.2""}, ""git"": {""commit_hash"": ""0d9be48d5161918e56908f73cddd63d9b51ecd84""}, ""timezone"": {""timezone_name"": ""UTC"", ""utc_offset_hours"": 0.0}, ""timestamp"": 1752926592.0}",0d9be48d5161918e56908f73cddd63d9b51ecd84,2025-07-22T14:48:51,,UNSUPPORTED,,,,,,,"{""reason"": ""Solver does not support SDP problems"", ""problem_type"": ""SDP"", ""problem_class"": ""SDP""}"
1590,matlab_sdpt3,SDPT3-4.0-20240410 (MATLAB 24.1.0.2537033 (R2024a)),DIMACS,copo14,SDP,"{""cpu"": {""cpu_count"": 8, ""cpu_count_physical"": 8, ""processor"": ""arm"", ""architecture"": ""64bit""}, ""memory"": {""total_gb"": 24.0}, ""os"": {""system"": ""Darwin"", ""machine"": ""arm64"", ""release"": ""23.5.0""}, ""python"": {""implementation"": ""CPython"", ""version"": ""3.12.2"", ""version_info"": ""3.12.2""}, ""git"": {""commit_hash"": ""96ca043787ef8c38515cfa8d108d16b61b823e04""}, ""timezone"": {""timezone_name"": ""UTC"", ""utc_offset_hours"": 0.0}, ""timestamp"": 1752926592.0}",96ca043787ef8c38515cfa8d108d16b61b823e04,2025-07-19T13:59:15,0.8339302916666667,OPTIMAL,3.052785142731995e-10,-8.226008756477171e-10,1.1278793899209166e-09,8.989166660748627e-12,0.0,17,"{""matlab_output"": {""solver_name"": ""SDPT3"", ""status"": ""optimal"", ""solve_time"": 0.8339302916666667, ""setup_time"": [], ""iterations"": 17, ""primal_objective_value"": 3.052785142731995e-10, ""dual_objective_value"": -8.226008756477171e-10, ""duality_gap"": 1.1278793899209166e-09, ""primal_infeasibility"": 8.989166660748627e-12, ""dual_infeasibility"": 0, ""solver_version"": ""SDPT3-4.0-20240410"", ""solver_options"": {}, ""termination_reason"": """", ""error_message"": """", ""timestamp"": ""2025-07-19 22:59:12"", ""matlab_version"": ""24.1.0.2537033 (R2024a)""}, ""matlab_version"": ""24.1.0.2537033 (R2024a)"", ""solver_backend"": ""sdpt3"", ""execution_environment"": ""matlab"", ""problem_class"": ""SDP""}"
1459,matlab_sedumi,SeDuMi-1.3.7 (MATLAB 24.1.0.2537033 (R2024a)),DIMACS,copo14,SDP,"{""cpu"": {""cpu_count"": 8, ""cpu_count_physical"": 8, ""processor"": ""arm"", ""architecture"": ""64bit""}, ""memory"": {""total_gb"": 24.0}, ""os"": {""system"": ""Darwin"", ""machine"": ""arm64"", ""release"": ""23.5.0""}, ""python"": {""implementation"": ""CPython"", ""version"": ""3.12.2"", ""version_info"": ""3.12.2""}, ""git"": {""commit_hash"": ""96ca043787ef8c38515cfa8d108d16b61b823e04""}, ""timezone"": {""timezone_name"": ""UTC"", ""utc_offset_hours"": 0.0}, ""timestamp"": 1752416768.0}",96ca043787ef8c38515cfa8d108d16b61b823e04,2025-07-19T11:12:18,0.6905710833333333,OPTIMAL,-6.648659598568196e-09,-6.63208127634892e-09,1.6578322219276284e-11,1.912548723169372e-09,0.0,17,"{""matlab_output"": {""solver_name"": ""SeDuMi"", ""status"": ""optimal"", ""solve_time"": 0.6905710833333333, ""setup_time"": [], ""iterations"": 17, ""primal_objective_value"": -6.648659598568196e-09, ""dual_objective_value"": -6.63208127634892e-09, ""duality_gap"": 1.6578322219276284e-11, ""primal_infeasibility"": 1.912548723169372e-09, ""dual_infeasibility"": 0, ""solver_version"": ""SeDuMi-1.3.7"", ""solver_options"": {}, ""termination_reason"": """", ""error_message"": """", ""timestamp"": ""2025-07-19 20:12:15"", ""matlab_version"": ""24.1.0.2537033 (R2024a)""}, ""matlab_version"": ""24.1.0.2537033 (R2024a)"", ""solver_backend"": ""sedumi"", ""execution_environment"": ""matlab"", ""problem_class"": ""SDP""}"
1759,scipy_linprog,scipy-1.15.3,DIMACS,copo14,SDP,"{""cpu"": {""cpu_count"": 8, ""cpu_count_physical"": 8, ""processor"": ""arm"", ""architecture"": ""64bit""}, ""memory"": {""total_gb"": 24.0}, ""os"": {""system"": ""Darwin"", ""machine"": ""arm64"", ""release"": ""23.5.0""}, ""python"": {""implementation"": ""CPython"", ""version"": ""3.12.2"", ""version_info"": ""3.12.2""}, ""git"": {""commit_hash"": ""0d9be48d5161918e56908f73cddd63d9b51ecd84""}, ""timezone"": {""timezone_name"": ""UTC"", ""utc_offset_hours"": 0.0}, ""timestamp"": 1752926592.0}",0d9be48d5161918e56908f73cddd63d9b51ecd84,2025-07-22T14:40:11,,UNSUPPORTED,,,,,,,"{""reason"": ""Solver does not support SDP problems"", ""problem_type"": ""SDP"", ""problem_class"": ""SDP""}"
1796,cvxpy_ecos,cvxpy-1.6.5-ECOS-2.0.14,DIMACS,copo23,SDP,"{""cpu"": {""cpu_count"": 8, ""cpu_count_physical"": 8, ""processor"": ""arm"", ""architecture"": ""64bit""}, ""memory"": {""total_gb"": 24.0}, ""os"": {""system"": ""Darwin"", ""machine"": ""arm64"", ""release"": ""23.5.0""}, ""python"": {""implementation"": ""CPython"", ""version"": ""3.12.2"", ""version_info"": ""3.12.2""}, ""git"": {""commit_hash"": ""0d9be48d5161918e56908f73cddd63d9b51ecd84""}, ""timezone"": {""timezone_name"": ""UTC"", ""utc_offset_hours"": 0.0}, ""timestamp"": 1752926592.0}",0d9be48d5161918e56908f73cddd63d9b51ecd84,2025-07-22T14:48:51,,UNSUPPORTED,,,,,,,"{""reason"": ""Solver does not support SDP problems"", ""problem_type"": ""SDP"", ""problem_class"": ""SDP""}"
1760,cvxpy_highs,cvxpy-1.6.5-HIGHS-1.11.0,DIMACS,copo23,SDP,"{""cpu"": {""cpu_count"": 8, ""cpu_count_physical"": 8, ""processor"": ""arm"", ""architecture"": ""64bit""}, ""memory"": {""total_gb"": 24.0}, ""os"": {""system"": ""Darwin"", ""machine"": ""arm64"", ""release"": ""23.5.0""}, ""python"": {""implementation"": ""CPython"", ""version"": ""3.12.2"", ""version_info"": ""3.12.2""}, ""git"": {""commit_hash"": ""0d9be48d5161918e56908f73cddd63d9b51ecd84""}, ""timezone"": {""timezone_name"": ""UTC"", ""utc_offset_hours"": 0.0}, ""timestamp"": 1752926592.0}",0d9be48d5161918e56908f73cddd63d9b51ecd84,2025-07-22T14:40:11,,UNSUPPORTED,,,,,,,"{""reason"": ""Solver does not support SDP problems"", ""problem_type"": ""SDP"", ""problem_class"": ""SDP""}"
1761,cvxpy_osqp,cvxpy-1.6.5-OSQP-1.0.4,DIMACS,copo23,SDP,"{""cpu"": {""cpu_count"": 8, ""cpu_count_physical"": 8, ""processor"": ""arm"", ""architecture"": ""64bit""}, ""memory"": {""total_gb"": 24.0}, ""os"": {""system"": ""Darwin"", ""machine"": ""arm64"", ""release"": ""23.5.0""}, ""python"": {""implementation"": ""CPython"", ""version"": ""3.12.2"", ""version_info"": ""3.12.2""}, ""git"": {""commit_hash"": ""0d9be48d5161918e56908f73cddd63d9b51ecd84""}, ""timezone"": {""timezone_name"": ""UTC"", ""utc_offset_hours"": 0.0}, ""timestamp"": 1752926592.0}",0d9be48d5161918e56908f73cddd63d9b51ecd84,2025-07-22T14:40:11,,UNSUPPORTED,,,,,,,"{""reason"": ""Solver does not support SDP problems"", ""problem_type"": ""SDP"", ""problem_class"": ""SDP""}"
1797,cvxpy_scip,cvxpy-1.6.5-SCIP-5.5.0,DIMACS,copo23,SDP,"{""cpu"": {""cpu_count"": 8, ""cpu_count_physical"": 8, ""processor"": ""arm"", ""architecture"": ""64bit""}, ""memory"": {""total_gb"": 24.0}, ""os"": {""system"": ""Darwin"", ""machine"": ""arm64"", ""release"": ""23.5.0""}, ""python"": {""implementation"": ""CPython"", ""version"": ""3.12.2"", ""version_info"": ""3.12.2""}, ""git"": {""commit_hash"": ""0d9be48d5161918e56908f73cddd63d9b51ecd84""}, ""timezone"": {""timezone_name"": ""UTC"", ""utc_offset_hours"": 0.0}, ""timestamp"": 1752926592.0}",0d9be48d5161918e56908f73cddd63d9b51ecd84,2025-07-22T14:48:51,,UNSUPPORTED,,,,,,,"{""reason"": ""Solver does not support SDP problems"", ""problem_type"": ""SDP"", ""problem_class"": ""SDP""}"
1591,matlab_sdpt3,SDPT3-4.0-20240410 (MATLAB 24.1.0.2537033 (R2024a)),DIMACS,copo23,SDP,"{""cpu"": {""cpu_count"": 8, ""cpu_count_physical"": 8, ""processor"": ""arm"", ""architecture"": ""64bit""}, ""memory"": {""total_gb"": 24.0}, ""os"": {""system"": ""Darwin"", ""machine"": ""arm64"", ""release"": ""23.5.0""}, ""python"": {""implementation"": ""CPython"", ""version"": ""3.12.2"", ""version_info"": ""3.12.2""}, ""git"": {""commit_hash"": ""96ca043787ef8c38515cfa8d108d16b61b823e04""}, ""timezone"": {""timezone_name"": ""UTC"", ""utc_offset_hours"": 0.0}, ""timestamp"": 1752926592.0}",96ca043787ef8c38515cfa8d108d16b61b823e04,2025-07-19T13:59:27,6.8528615,OPTIMAL,2.1934585398009077e-10,-5.412207421364536e-10,7.605665961165443e-10,4.353859708422998e-12,0.0,20,"{""matlab_output"": {""solver_name"": ""SDPT3"", ""status"": ""optimal"", ""solve_time"": 6.8528615, ""setup_time"": [], ""iterations"": 20, ""primal_objective_value"": 2.1934585398009077e-10, ""dual_objective_value"": -5.412207421364536e-10, ""duality_gap"": 7.605665961165443e-10, ""primal_infeasibility"": 4.353859708422998e-12, ""dual_infeasibility"": 0, ""solver_version"": ""SDPT3-4.0-20240410"", ""solver_options"": {}, ""termination_reason"": """", ""error_message"": """", ""timestamp"": ""2025-07-19 22:59:24"", ""matlab_version"": ""24.1.0.2537033 (R2024a)""}, ""matlab_version"": ""24.1.0.2537033 (R2024a)"", ""solver_backend"": ""sdpt3"", ""execution_environment"": ""matlab"", ""problem_class"": ""SDP""}"
1460,matlab_sedumi,SeDuMi-1.3.7 (MATLAB 24.1.0.2537033 (R2024a)),DIMACS,copo23,SDP,"{""cpu"": {""cpu_count"": 8, ""cpu_count_physical"": 8, ""processor"": ""arm"", ""architecture"": ""64bit""}, ""memory"": {""total_gb"": 24.0}, ""os"": {""system"": ""Darwin"", ""machine"": ""arm64"", ""release"": ""23.5.0""}, ""python"": {""implementation"": ""CPython"", ""version"": ""3.12.2"", ""version_info"": ""3.12.2""}, ""git"": {""commit_hash"": ""96ca043787ef8c38515cfa8d108d16b61b823e04""}, ""timezone"": {""timezone_name"": ""UTC"", ""utc_offset_hours"": 0.0}, ""timestamp"": 1752416768.0}",96ca043787ef8c38515cfa8d108d16b61b823e04,2025-07-19T11:12:46,23.723182375,OPTIMAL,-1.8940067866499155e-08,-1.8927203322356983e-08,1.2864544142172114e-11,3.257627120427927e-09,0.0,20,"{""matlab_output"": {""solver_name"": ""SeDuMi"", ""status"": ""optimal"", ""solve_time"": 23.723182375, ""setup_time"": [], ""iterations"": 20, ""primal_objective_value"": -1.8940067866499155e-08, ""dual_objective_value"": -1.8927203322356983e-08, ""duality_gap"": 1.2864544142172114e-11, ""primal_infeasibility"": 3.257627120427927e-09, ""dual_infeasibility"": 0, ""solver_version"": ""SeDuMi-1.3.7"", ""solver_options"": {}, ""termination_reason"": """", ""error_message"": """", ""timestamp"": ""2025-07-19 20:12:44"", ""matlab_version"": ""24.1.0.2537033 (R2024a)""}, ""matlab_version"": ""24.1.0.2537033 (R2024a)"", ""solver_backend"": ""sedumi"", ""execution_environment"": ""matlab"", ""problem_class"": ""SDP""}"
1762,scipy_linprog,scipy-1.15.3,DIMACS,copo23,SDP,"{""cpu"": {""cpu_count"": 8, ""cpu_count_physical"": 8, ""processor"": ""arm"", ""architecture"": ""64bit""}, ""memory"": {""total_gb"": 24.0}, ""os"": {""system"": ""Darwin"", ""machine"": ""arm64"", ""release"": ""23.5.0""}, ""python"": {""implementation"": ""CPython"", ""version"": ""3.12.2"", ""version_info"": ""3.12.2""}, ""git"": {""commit_hash"": ""0d9be48d5161918e56908f73cddd63d9b51ecd84""}, ""timezone"": {""timezone_name"": ""UTC"", ""utc_offset_hours"": 0.0}, ""timestamp"": 1752926592.0}",0d9be48d5161918e56908f73cddd63d9b51ecd84,2025-07-22T14:40:11,,UNSUPPORTED,,,,,,,"{""reason"": ""Solver does not support SDP problems"", ""problem_type"": ""SDP"", ""problem_class"": ""SDP""}"
1798,cvxpy_ecos,cvxpy-1.6.5-ECOS-2.0.14,DIMACS,fap09,SDP,"{""cpu"": {""cpu_count"": 8, ""cpu_count_physical"": 8, ""processor"": ""arm"", ""architecture"": ""64bit""}, ""memory"": {""total_gb"": 24.0}, ""os"": {""system"": ""Darwin"", ""machine"": ""arm64"", ""release"": ""23.5.0""}, ""python"": {""implementation"": ""CPython"", ""version"": ""3.12.2"", ""version_info"": ""3.12.2""}, ""git"": {""commit_hash"": ""0d9be48d5161918e56908f73cddd63d9b51ecd84""}, ""timezone"": {""timezone_name"": ""UTC"", ""utc_offset_hours"": 0.0}, ""timestamp"": 1752926592.0}",0d9be48d5161918e56908f73cddd63d9b51ecd84,2025-07-22T14:48:51,,UNSUPPORTED,,,,,,,"{""reason"": ""Solver does not support SDP problems"", ""problem_type"": ""SDP"", ""problem_class"": ""SDP""}"
1736,cvxpy_highs,cvxpy-1.6.5-HIGHS-1.11.0,DIMACS,fap09,SDP,"{""cpu"": {""cpu_count"": 8, ""cpu_count_physical"": 8, ""processor"": ""arm"", ""architecture"": ""64bit""}, ""memory"": {""total_gb"": 24.0}, ""os"": {""system"": ""Darwin"", ""machine"": ""arm64"", ""release"": ""23.5.0""}, ""python"": {""implementation"": ""CPython"", ""version"": ""3.12.2"", ""version_info"": ""3.12.2""}, ""git"": {""commit_hash"": ""0d9be48d5161918e56908f73cddd63d9b51ecd84""}, ""timezone"": {""timezone_name"": ""UTC"", ""utc_offset_hours"": 0.0}, ""timestamp"": 1752926592.0}",0d9be48d5161918e56908f73cddd63d9b51ecd84,2025-07-22T14:36:13,,UNSUPPORTED,,,,,,,"{""reason"": ""Solver does not support SDP problems"", ""problem_type"": ""SDP"", ""problem_class"": ""SDP""}"
1737,cvxpy_osqp,cvxpy-1.6.5-OSQP-1.0.4,DIMACS,fap09,SDP,"{""cpu"": {""cpu_count"": 8, ""cpu_count_physical"": 8, ""processor"": ""arm"", ""architecture"": ""64bit""}, ""memory"": {""total_gb"": 24.0}, ""os"": {""system"": ""Darwin"", ""machine"": ""arm64"", ""release"": ""23.5.0""}, ""python"": {""implementation"": ""CPython"", ""version"": ""3.12.2"", ""version_info"": ""3.12.2""}, ""git"": {""commit_hash"": ""0d9be48d5161918e56908f73cddd63d9b51ecd84""}, ""timezone"": {""timezone_name"": ""UTC"", ""utc_offset_hours"": 0.0}, ""timestamp"": 1752926592.0}",0d9be48d5161918e56908f73cddd63d9b51ecd84,2025-07-22T14:36:13,,UNSUPPORTED,,,,,,,"{""reason"": ""Solver does not support SDP problems"", ""problem_type"": ""SDP"", ""problem_class"": ""SDP""}"
1799,cvxpy_scip,cvxpy-1.6.5-SCIP-5.5.0,DIMACS,fap09,SDP,"{""cpu"": {""cpu_count"": 8, ""cpu_count_physical"": 8, ""processor"": ""arm"", ""architecture"": ""64bit""}, ""memory"": {""total_gb"": 24.0}, ""os"": {""system"": ""Darwin"", ""machine"": ""arm64"", ""release"": ""23.5.0""}, ""python"": {""implementation"": ""CPython"", ""version"": ""3.12.2"", ""version_info"": ""3.12.2""}, ""git"": {""commit_hash"": ""0d9be48d5161918e56908f73cddd63d9b51ecd84""}, ""timezone"": {""timezone_name"": ""UTC"", ""utc_offset_hours"": 0.0}, ""timestamp"": 1752926592.0}",0d9be48d5161918e56908f73cddd63d9b51ecd84,2025-07-22T14:48:52,,UNSUPPORTED,,,,,,,"{""reason"": ""Solver does not support SDP problems"", ""problem_type"": ""SDP"", ""problem_class"": ""SDP""}"
1819,matlab_sdpt3,unknown,DIMACS,fap09,SDP,"{""cpu"": {""cpu_count"": 8, ""cpu_count_physical"": 8, ""processor"": ""arm"", ""architecture"": ""64bit""}, ""memory"": {""total_gb"": 24.0}, ""os"": {""system"": ""Darwin"", ""machine"": ""arm64"", ""release"": ""23.5.0""}, ""python"": {""implementation"": ""CPython"", ""version"": ""3.12.2"", ""version_info"": ""3.12.2""}, ""git"": {""commit_hash"": ""86bfae9b39861dd3a3303c878d8ee30e9a970bb6""}, ""timezone"": {""timezone_name"": ""UTC"", ""utc_offset_hours"": 0.0}, ""timestamp"": 1752926592.0}",86bfae9b39861dd3a3303c878d8ee30e9a970bb6,2025-07-22T15:24:49,300.0,TIMEOUT,,,,,,,"{""timeout_duration"": 300, ""problem_class"": ""SDP""}"
1461,matlab_sedumi,unknown,DIMACS,fap09,SDP,"{""cpu"": {""cpu_count"": 8, ""cpu_count_physical"": 8, ""processor"": ""arm"", ""architecture"": ""64bit""}, ""memory"": {""total_gb"": 24.0}, ""os"": {""system"": ""Darwin"", ""machine"": ""arm64"", ""release"": ""23.5.0""}, ""python"": {""implementation"": ""CPython"", ""version"": ""3.12.2"", ""version_info"": ""3.12.2""}, ""git"": {""commit_hash"": ""96ca043787ef8c38515cfa8d108d16b61b823e04""}, ""timezone"": {""timezone_name"": ""UTC"", ""utc_offset_hours"": 0.0}, ""timestamp"": 1752416768.0}",96ca043787ef8c38515cfa8d108d16b61b823e04,2025-07-19T11:54:06,300.0,TIMEOUT,,,,,,,"{""timeout_duration"": 300, ""problem_class"": ""SDP""}"
1738,scipy_linprog,scipy-1.15.3,DIMACS,fap09,SDP,"{""cpu"": {""cpu_count"": 8, ""cpu_count_physical"": 8, ""processor"": ""arm"", ""architecture"": ""64bit""}, ""memory"": {""total_gb"": 24.0}, ""os"": {""system"": ""Darwin"", ""machine"": ""arm64"", ""release"": ""23.5.0""}, ""python"": {""implementation"": ""CPython"", ""version"": ""3.12.2"", ""version_info"": ""3.12.2""}, ""git"": {""commit_hash"": ""0d9be48d5161918e56908f73cddd63d9b51ecd84""}, ""timezone"": {""timezone_name"": ""UTC"", ""utc_offset_hours"": 0.0}, ""timestamp"": 1752926592.0}",0d9be48d5161918e56908f73cddd63d9b51ecd84,2025-07-22T14:36:13,,UNSUPPORTED,,,,,,,"{""reason"": ""Solver does not support SDP problems"", ""problem_type"": ""SDP"", ""problem_class"": ""SDP""}"
1800,cvxpy_ecos,cvxpy-1.6.5-ECOS-2.0.14,DIMACS,filter48,SDP,"{""cpu"": {""cpu_count"": 8, ""cpu_count_physical"": 8, ""processor"": ""arm"", ""architecture"": ""64bit""}, ""memory"": {""total_gb"": 24.0}, ""os"": {""system"": ""Darwin"", ""machine"": ""arm64"", ""release"": ""23.5.0""}, ""python"": {""implementation"": ""CPython"", ""version"": ""3.12.2"", ""version_info"": ""3.12.2""}, ""git"": {""commit_hash"": ""0d9be48d5161918e56908f73cddd63d9b51ecd84""}, ""timezone"": {""timezone_name"": ""UTC"", ""utc_offset_hours"": 0.0}, ""timestamp"": 1752926592.0}",0d9be48d5161918e56908f73cddd63d9b51ecd84,2025-07-22T14:48:52,,UNSUPPORTED,,,,,,,"{""reason"": ""Solver does not support SDP problems"", ""problem_type"": ""SDP"", ""problem_class"": ""SDP""}"
1763,cvxpy_highs,cvxpy-1.6.5-HIGHS-1.11.0,DIMACS,filter48,SDP,"{""cpu"": {""cpu_count"": 8, ""cpu_count_physical"": 8, ""processor"": ""arm"", ""architecture"": ""64bit""}, ""memory"": {""total_gb"": 24.0}, ""os"": {""system"": ""Darwin"", ""machine"": ""arm64"", ""release"": ""23.5.0""}, ""python"": {""implementation"": ""CPython"", ""version"": ""3.12.2"", ""version_info"": ""3.12.2""}, ""git"": {""commit_hash"": ""0d9be48d5161918e56908f73cddd63d9b51ecd84""}, ""timezone"": {""timezone_name"": ""UTC"", ""utc_offset_hours"": 0.0}, ""timestamp"": 1752926592.0}",0d9be48d5161918e56908f73cddd63d9b51ecd84,2025-07-22T14:40:11,,UNSUPPORTED,,,,,,,"{""reason"": ""Solver does not support SDP problems"", ""problem_type"": ""SDP"", ""problem_class"": ""SDP""}"
1764,cvxpy_osqp,cvxpy-1.6.5-OSQP-1.0.4,DIMACS,filter48,SDP,"{""cpu"": {""cpu_count"": 8, ""cpu_count_physical"": 8, ""processor"": ""arm"", ""architecture"": ""64bit""}, ""memory"": {""total_gb"": 24.0}, ""os"": {""system"": ""Darwin"", ""machine"": ""arm64"", ""release"": ""23.5.0""}, ""python"": {""implementation"": ""CPython"", ""version"": ""3.12.2"", ""version_info"": ""3.12.2""}, ""git"": {""commit_hash"": ""0d9be48d5161918e56908f73cddd63d9b51ecd84""}, ""timezone"": {""timezone_name"": ""UTC"", ""utc_offset_hours"": 0.0}, ""timestamp"": 1752926592.0}",0d9be48d5161918e56908f73cddd63d9b51ecd84,2025-07-22T14:40:11,,UNSUPPORTED,,,,,,,"{""reason"": ""Solver does not support SDP problems"", ""problem_type"": ""SDP"", ""problem_class"": ""SDP""}"
1801,cvxpy_scip,cvxpy-1.6.5-SCIP-5.5.0,DIMACS,filter48,SDP,"{""cpu"": {""cpu_count"": 8, ""cpu_count_physical"": 8, ""processor"": ""arm"", ""architecture"": ""64bit""}, ""memory"": {""total_gb"": 24.0}, ""os"": {""system"": ""Darwin"", ""machine"": ""arm64"", ""release"": ""23.5.0""}, ""python"": {""implementation"": ""CPython"", ""version"": ""3.12.2"", ""version_info"": ""3.12.2""}, ""git"": {""commit_hash"": ""0d9be48d5161918e56908f73cddd63d9b51ecd84""}, ""timezone"": {""timezone_name"": ""UTC"", ""utc_offset_hours"": 0.0}, ""timestamp"": 1752926592.0}",0d9be48d5161918e56908f73cddd63d9b51ecd84,2025-07-22T14:48:52,,UNSUPPORTED,,,,,,,"{""reason"": ""Solver does not support SDP problems"", ""problem_type"": ""SDP"", ""problem_class"": ""SDP""}"
1592,matlab_sdpt3,SDPT3-4.0-20240410 (MATLAB 24.1.0.2537033 (R2024a)),DIMACS,filter48,SDP,"{""cpu"": {""cpu_count"": 8, ""cpu_count_physical"": 8, ""processor"": ""arm"", ""architecture"": ""64bit""}, ""memory"": {""total_gb"": 24.0}, ""os"": {""system"": ""Darwin"", ""machine"": ""arm64"", ""release"": ""23.5.0""}, ""python"": {""implementation"": ""CPython"", ""version"": ""3.12.2"", ""version_info"": ""3.12.2""}, ""git"": {""commit_hash"": ""96ca043787ef8c38515cfa8d108d16b61b823e04""}, ""timezone"": {""timezone_name"": ""UTC"", ""utc_offset_hours"": 0.0}, ""timestamp"": 1752926592.0}",96ca043787ef8c38515cfa8d108d16b61b823e04,2025-07-19T13:59:35,3.385503375,MAX_ITER,1.4161291196982995,1.416128628065133,4.916331663995521e-07,7.938472564250578e-08,0.0,42,"{""matlab_output"": {""solver_name"": ""SDPT3"", ""status"": ""max_iter"", ""solve_time"": 3.385503375, ""setup_time"": [], ""iterations"": 42, ""primal_objective_value"": 1.4161291196982995, ""dual_objective_value"": 1.416128628065133, ""duality_gap"": 4.916331663995521e-07, ""primal_infeasibility"": 7.938472564250578e-08, ""dual_infeasibility"": 0, ""solver_version"": ""SDPT3-4.0-20240410"", ""solver_options"": {}, ""termination_reason"": """", ""error_message"": """", ""timestamp"": ""2025-07-19 22:59:32"", ""matlab_version"": ""24.1.0.2537033 (R2024a)""}, ""matlab_version"": ""24.1.0.2537033 (R2024a)"", ""solver_backend"": ""sdpt3"", ""execution_environment"": ""matlab"", ""problem_class"": ""SDP""}"
1466,matlab_sedumi,SeDuMi-1.3.7 (MATLAB 24.1.0.2537033 (R2024a)),DIMACS,filter48,SDP,"{""cpu"": {""cpu_count"": 8, ""cpu_count_physical"": 8, ""processor"": ""arm"", ""architecture"": ""64bit""}, ""memory"": {""total_gb"": 24.0}, ""os"": {""system"": ""Darwin"", ""machine"": ""arm64"", ""release"": ""23.5.0""}, ""python"": {""implementation"": ""CPython"", ""version"": ""3.12.2"", ""version_info"": ""3.12.2""}, ""git"": {""commit_hash"": ""96ca043787ef8c38515cfa8d108d16b61b823e04""}, ""timezone"": {""timezone_name"": ""UTC"", ""utc_offset_hours"": 0.0}, ""timestamp"": 1752926592.0}",96ca043787ef8c38515cfa8d108d16b61b823e04,2025-07-19T12:38:07,0.8317842916666667,OPTIMAL,1.416129455716613,1.4161294580694332,2.3528201609224197e-09,1.2528510194570304e-09,1.5300296534754392e-08,37,"{""matlab_output"": {""solver_name"": ""SeDuMi"", ""status"": ""optimal"", ""solve_time"": 0.8317842916666667, ""setup_time"": [], ""iterations"": 37, ""primal_objective_value"": 1.416129455716613, ""dual_objective_value"": 1.4161294580694332, ""duality_gap"": 2.3528201609224197e-09, ""primal_infeasibility"": 1.2528510194570304e-09, ""dual_infeasibility"": 1.5300296534754392e-08, ""solver_version"": ""SeDuMi-1.3.7"", ""solver_options"": {}, ""termination_reason"": """", ""error_message"": """", ""timestamp"": ""2025-07-19 21:38:04"", ""matlab_version"": ""24.1.0.2537033 (R2024a)""}, ""matlab_version"": ""24.1.0.2537033 (R2024a)"", ""solver_backend"": ""sedumi"", ""execution_environment"": ""matlab"", ""problem_class"": ""SDP""}"
1765,scipy_linprog,scipy-1.15.3,DIMACS,filter48,SDP,"{""cpu"": {""cpu_count"": 8, ""cpu_count_physical"": 8, ""processor"": ""arm"", ""architecture"": ""64bit""}, ""memory"": {""total_gb"": 24.0}, ""os"": {""system"": ""Darwin"", ""machine"": ""arm64"", ""release"": ""23.5.0""}, ""python"": {""implementation"": ""CPython"", ""version"": ""3.12.2"", ""version_info"": ""3.12.2""}, ""git"": {""commit_hash"": ""0d9be48d5161918e56908f73cddd63d9b51ecd84""}, ""timezone"": {""timezone_name"": ""UTC"", ""utc_offset_hours"": 0.0}, ""timestamp"": 1752926592.0}",0d9be48d5161918e56908f73cddd63d9b51ecd84,2025-07-22T14:40:11,,UNSUPPORTED,,,,,,,"{""reason"": ""Solver does not support SDP problems"", ""problem_type"": ""SDP"", ""problem_class"": ""SDP""}"
1710,matlab_sdpt3,SDPT3-4.0-20240410 (MATLAB 24.1.0.2537033 (R2024a)),DIMACS,hamming_7_5_6,SDP,"{""cpu"": {""cpu_count"": 8, ""cpu_count_physical"": 8, ""processor"": ""arm"", ""architecture"": ""64bit""}, ""memory"": {""total_gb"": 24.0}, ""os"": {""system"": ""Darwin"", ""machine"": ""arm64"", ""release"": ""23.5.0""}, ""python"": {""implementation"": ""CPython"", ""version"": ""3.12.2"", ""version_info"": ""3.12.2""}, ""git"": {""commit_hash"": ""96ca043787ef8c38515cfa8d108d16b61b823e04""}, ""timezone"": {""timezone_name"": ""UTC"", ""utc_offset_hours"": 0.0}, ""timestamp"": 1752926592.0}",96ca043787ef8c38515cfa8d108d16b61b823e04,2025-07-19T14:42:19,1.0727401666666667,OPTIMAL,-42.66666606990655,-42.66666679075191,7.208453638440915e-07,1.0369985582790911e-10,0.0,8,"{""matlab_output"": {""solver_name"": ""SDPT3"", ""status"": ""optimal"", ""solve_time"": 1.0727401666666667, ""setup_time"": [], ""iterations"": 8, ""primal_objective_value"": -42.66666606990655, ""dual_objective_value"": -42.66666679075191, ""duality_gap"": 7.208453638440915e-07, ""primal_infeasibility"": 1.0369985582790911e-10, ""dual_infeasibility"": 0, ""solver_version"": ""SDPT3-4.0-20240410"", ""solver_options"": {}, ""termination_reason"": """", ""error_message"": """", ""timestamp"": ""2025-07-19 23:42:18"", ""matlab_version"": ""24.1.0.2537033 (R2024a)""}, ""matlab_version"": ""24.1.0.2537033 (R2024a)"", ""solver_backend"": ""sdpt3"", ""execution_environment"": ""matlab"", ""problem_class"": ""SDP""}"
1577,matlab_sedumi,SeDuMi-1.3.7 (MATLAB 24.1.0.2537033 (R2024a)),DIMACS,hamming_7_5_6,SDP,"{""cpu"": {""cpu_count"": 8, ""cpu_count_physical"": 8, ""processor"": ""arm"", ""architecture"": ""64bit""}, ""memory"": {""total_gb"": 24.0}, ""os"": {""system"": ""Darwin"", ""machine"": ""arm64"", ""release"": ""23.5.0""}, ""python"": {""implementation"": ""CPython"", ""version"": ""3.12.2"", ""version_info"": ""3.12.2""}, ""git"": {""commit_hash"": ""96ca043787ef8c38515cfa8d108d16b61b823e04""}, ""timezone"": {""timezone_name"": ""UTC"", ""utc_offset_hours"": 0.0}, ""timestamp"": 1752926592.0}",96ca043787ef8c38515cfa8d108d16b61b823e04,2025-07-19T13:22:59,5.317319375,OPTIMAL,-42.666666707488446,-42.66666670384585,3.6425973348741536e-09,2.7680298055873787e-09,0.0,17,"{""matlab_output"": {""solver_name"": ""SeDuMi"", ""status"": ""optimal"", ""solve_time"": 5.317319375, ""setup_time"": [], ""iterations"": 17, ""primal_objective_value"": -42.666666707488446, ""dual_objective_value"": -42.66666670384585, ""duality_gap"": 3.6425973348741536e-09, ""primal_infeasibility"": 2.7680298055873787e-09, ""dual_infeasibility"": 0, ""solver_version"": ""SeDuMi-1.3.7"", ""solver_options"": {}, ""termination_reason"": """", ""error_message"": """", ""timestamp"": ""2025-07-19 22:22:56"", ""matlab_version"": ""24.1.0.2537033 (R2024a)""}, ""matlab_version"": ""24.1.0.2537033 (R2024a)"", ""solver_backend"": ""sedumi"", ""execution_environment"": ""matlab"", ""problem_class"": ""SDP""}"
1711,matlab_sdpt3,SDPT3-4.0-20240410 (MATLAB 24.1.0.2537033 (R2024a)),DIMACS,hamming_8_3_4,SDP,"{""cpu"": {""cpu_count"": 8, ""cpu_count_physical"": 8, ""processor"": ""arm"", ""architecture"": ""64bit""}, ""memory"": {""total_gb"": 24.0}, ""os"": {""system"": ""Darwin"", ""machine"": ""arm64"", ""release"": ""23.5.0""}, ""python"": {""implementation"": ""CPython"", ""version"": ""3.12.2"", ""version_info"": ""3.12.2""}, ""git"": {""commit_hash"": ""96ca043787ef8c38515cfa8d108d16b61b823e04""}, ""timezone"": {""timezone_name"": ""UTC"", ""utc_offset_hours"": 0.0}, ""timestamp"": 1752926592.0}",96ca043787ef8c38515cfa8d108d16b61b823e04,2025-07-19T14:44:56,151.334371,OPTIMAL,-25.599999843331616,-25.600000096699134,2.5336751718896267e-07,3.1121343206556096e-11,0.0,9,"{""matlab_output"": {""solver_name"": ""SDPT3"", ""status"": ""optimal"", ""solve_time"": 151.334371, ""setup_time"": [], ""iterations"": 9, ""primal_objective_value"": -25.599999843331616, ""dual_objective_value"": -25.600000096699134, ""duality_gap"": 2.5336751718896267e-07, ""primal_infeasibility"": 3.1121343206556096e-11, ""dual_infeasibility"": 0, ""solver_version"": ""SDPT3-4.0-20240410"", ""solver_options"": {}, ""termination_reason"": """", ""error_message"": """", ""timestamp"": ""2025-07-19 23:44:53"", ""matlab_version"": ""24.1.0.2537033 (R2024a)""}, ""matlab_version"": ""24.1.0.2537033 (R2024a)"", ""solver_backend"": ""sdpt3"", ""execution_environment"": ""matlab"", ""problem_class"": ""SDP""}"
1806,cvxpy_ecos,cvxpy-1.6.5-ECOS-2.0.14,DIMACS,hamming_9_8,SDP,"{""cpu"": {""cpu_count"": 8, ""cpu_count_physical"": 8, ""processor"": ""arm"", ""architecture"": ""64bit""}, ""memory"": {""total_gb"": 24.0}, ""os"": {""system"": ""Darwin"", ""machine"": ""arm64"", ""release"": ""23.5.0""}, ""python"": {""implementation"": ""CPython"", ""version"": ""3.12.2"", ""version_info"": ""3.12.2""}, ""git"": {""commit_hash"": ""0d9be48d5161918e56908f73cddd63d9b51ecd84""}, ""timezone"": {""timezone_name"": ""UTC"", ""utc_offset_hours"": 0.0}, ""timestamp"": 1752926592.0}",0d9be48d5161918e56908f73cddd63d9b51ecd84,2025-07-22T14:48:52,,UNSUPPORTED,,,,,,,"{""reason"": ""Solver does not support SDP problems"", ""problem_type"": ""SDP"", ""problem_class"": ""SDP""}"
1807,cvxpy_scip,cvxpy-1.6.5-SCIP-5.5.0,DIMACS,hamming_9_8,SDP,"{""cpu"": {""cpu_count"": 8, ""cpu_count_physical"": 8, ""processor"": ""arm"", ""architecture"": ""64bit""}, ""memory"": {""total_gb"": 24.0}, ""os"": {""system"": ""Darwin"", ""machine"": ""arm64"", ""release"": ""23.5.0""}, ""python"": {""implementation"": ""CPython"", ""version"": ""3.12.2"", ""version_info"": ""3.12.2""}, ""git"": {""commit_hash"": ""0d9be48d5161918e56908f73cddd63d9b51ecd84""}, ""timezone"": {""timezone_name"": ""UTC"", ""utc_offset_hours"": 0.0}, ""timestamp"": 1752926592.0}",0d9be48d5161918e56908f73cddd63d9b51ecd84,2025-07-22T14:48:52,,UNSUPPORTED,,,,,,,"{""reason"": ""Solver does not support SDP problems"", ""problem_type"": ""SDP"", ""problem_class"": ""SDP""}"
1714,matlab_sdpt3,SDPT3-4.0-20240410 (MATLAB 24.1.0.2537033 (R2024a)),DIMACS,hamming_9_8,SDP,"{""cpu"": {""cpu_count"": 8, ""cpu_count_physical"": 8, ""processor"": ""arm"", ""architecture"": ""64bit""}, ""memory"": {""total_gb"": 24.0}, ""os"": {""system"": ""Darwin"", ""machine"": ""arm64"", ""release"": ""23.5.0""}, ""python"": {""implementation"": ""CPython"", ""version"": ""3.12.2"", ""version_info"": ""3.12.2""}, ""git"": {""commit_hash"": ""96ca043787ef8c38515cfa8d108d16b61b823e04""}, ""timezone"": {""timezone_name"": ""UTC"", ""utc_offset_hours"": 0.0}, ""timestamp"": 1752926592.0}",96ca043787ef8c38515cfa8d108d16b61b823e04,2025-07-19T14:46:48,2.2588253333333332,OPTIMAL,-223.99999755382208,-224.00000119657497,3.642752886889866e-06,3.435419260401472e-11,0.0,9,"{""matlab_output"": {""solver_name"": ""SDPT3"", ""status"": ""optimal"", ""solve_time"": 2.2588253333333332, ""setup_time"": [], ""iterations"": 9, ""primal_objective_value"": -223.99999755382208, ""dual_objective_value"": -224.00000119657497, ""duality_gap"": 3.642752886889866e-06, ""primal_infeasibility"": 3.435419260401472e-11, ""dual_infeasibility"": 0, ""solver_version"": ""SDPT3-4.0-20240410"", ""solver_options"": {}, ""termination_reason"": """", ""error_message"": """", ""timestamp"": ""2025-07-19 23:46:44"", ""matlab_version"": ""24.1.0.2537033 (R2024a)""}, ""matlab_version"": ""24.1.0.2537033 (R2024a)"", ""solver_backend"": ""sdpt3"", ""execution_environment"": ""matlab"", ""problem_class"": ""SDP""}"
1579,matlab_sedumi,SeDuMi-1.3.7 (MATLAB 24.1.0.2537033 (R2024a)),DIMACS,hamming_9_8,SDP,"{""cpu"": {""cpu_count"": 8, ""cpu_count_physical"": 8, ""processor"": ""arm"", ""architecture"": ""64bit""}, ""memory"": {""total_gb"": 24.0}, ""os"": {""system"": ""Darwin"", ""machine"": ""arm64"", ""release"": ""23.5.0""}, ""python"": {""implementation"": ""CPython"", ""version"": ""3.12.2"", ""version_info"": ""3.12.2""}, ""git"": {""commit_hash"": ""96ca043787ef8c38515cfa8d108d16b61b823e04""}, ""timezone"": {""timezone_name"": ""UTC"", ""utc_offset_hours"": 0.0}, ""timestamp"": 1752926592.0}",96ca043787ef8c38515cfa8d108d16b61b823e04,2025-07-19T13:36:22,26.297596458333334,OPTIMAL,-224.00000026429433,-224.00000011609177,1.4820255955783068e-07,5.2487088009421366e-09,0.0,25,"{""matlab_output"": {""solver_name"": ""SeDuMi"", ""status"": ""optimal"", ""solve_time"": 26.297596458333334, ""setup_time"": [], ""iterations"": 25, ""primal_objective_value"": -224.00000026429433, ""dual_objective_value"": -224.00000011609177, ""duality_gap"": 1.4820255955783068e-07, ""primal_infeasibility"": 5.2487088009421366e-09, ""dual_infeasibility"": 0, ""solver_version"": ""SeDuMi-1.3.7"", ""solver_options"": {}, ""termination_reason"": """", ""error_message"": """", ""timestamp"": ""2025-07-19 22:36:19"", ""matlab_version"": ""24.1.0.2537033 (R2024a)""}, ""matlab_version"": ""24.1.0.2537033 (R2024a)"", ""solver_backend"": ""sedumi"", ""execution_environment"": ""matlab"", ""problem_class"": ""SDP""}"
945,cvxpy_clarabel,cvxpy-1.6.5-CLARABEL-0.11.0,DIMACS,hinf12,SDP,"{""cpu"": {""cpu_count"": 8, ""cpu_count_physical"": 8, ""processor"": ""arm"", ""architecture"": ""64bit""}, ""memory"": {""total_gb"": 24.0}, ""os"": {""system"": ""Darwin"", ""machine"": ""arm64"", ""release"": ""23.5.0""}, ""python"": {""implementation"": ""CPython"", ""version"": ""3.12.2"", ""version_info"": ""3.12.2""}, ""git"": {""commit_hash"": ""443b599dca6666ab5976e2cf184c9398d48cda2b""}, ""timezone"": {""timezone_name"": ""UTC"", ""utc_offset_hours"": 0.0}, ""timestamp"": 1752416768.0}",443b599dca6666ab5976e2cf184c9398d48cda2b,2025-07-16T15:25:35,0.01759481430053711,OPTIMAL,-5.925342226589732e-05,-5.925213757701722e-05,-1.284688880104324e-09,1.639363195032902e-05,0.0,44,"{""solver_solve_time"": 0.014165622, ""problem_class"": ""SDP""}"
946,cvxpy_cvxopt,unknown,DIMACS,hinf12,SDP,"{""cpu"": {""cpu_count"": 8, ""cpu_count_physical"": 8, ""processor"": ""arm"", ""architecture"": ""64bit""}, ""memory"": {""total_gb"": 24.0}, ""os"": {""system"": ""Darwin"", ""machine"": ""arm64"", ""release"": ""23.5.0""}, ""python"": {""implementation"": ""CPython"", ""version"": ""3.12.2"", ""version_info"": ""3.12.2""}, ""git"": {""commit_hash"": ""443b599dca6666ab5976e2cf184c9398d48cda2b""}, ""timezone"": {""timezone_name"": ""UTC"", ""utc_offset_hours"": 0.0}, ""timestamp"": 1752416768.0}",443b599dca6666ab5976e2cf184c9398d48cda2b,2025-07-16T15:25:35,0.3677828311920166,ERROR,,,,,,,"{""error_message"": ""Solver 'CVXOPT' failed. Try another solver, or solve with verbose=True for more information."", ""problem_class"": ""SDP""}"
949,cvxpy_ecos,cvxpy-1.6.5-ECOS-2.0.14,DIMACS,hinf12,SDP,"{""cpu"": {""cpu_count"": 8, ""cpu_count_physical"": 8, ""processor"": ""arm"", ""architecture"": ""64bit""}, ""memory"": {""total_gb"": 24.0}, ""os"": {""system"": ""Darwin"", ""machine"": ""arm64"", ""release"": ""23.5.0""}, ""python"": {""implementation"": ""CPython"", ""version"": ""3.12.2"", ""version_info"": ""3.12.2""}, ""git"": {""commit_hash"": ""443b599dca6666ab5976e2cf184c9398d48cda2b""}, ""timezone"": {""timezone_name"": ""UTC"", ""utc_offset_hours"": 0.0}, ""timestamp"": 1752416768.0}",443b599dca6666ab5976e2cf184c9398d48cda2b,2025-07-16T15:25:51,,UNSUPPORTED,,,,,,,"{""reason"": ""Solver does not support SDP problems"", ""problem_type"": ""SDP"", ""problem_class"": ""SDP""}"
950,cvxpy_highs,cvxpy-1.6.5-HIGHS-1.11.0,DIMACS,hinf12,SDP,"{""cpu"": {""cpu_count"": 8, ""cpu_count_physical"": 8, ""processor"": ""arm"", ""architecture"": ""64bit""}, ""memory"": {""total_gb"": 24.0}, ""os"": {""system"": ""Darwin"", ""machine"": ""arm64"", ""release"": ""23.5.0""}, ""python"": {""implementation"": ""CPython"", ""version"": ""3.12.2"", ""version_info"": ""3.12.2""}, ""git"": {""commit_hash"": ""443b599dca6666ab5976e2cf184c9398d48cda2b""}, ""timezone"": {""timezone_name"": ""UTC"", ""utc_offset_hours"": 0.0}, ""timestamp"": 1752416768.0}",443b599dca6666ab5976e2cf184c9398d48cda2b,2025-07-16T15:25:51,,UNSUPPORTED,,,,,,,"{""reason"": ""Solver does not support SDP problems"", ""problem_type"": ""SDP"", ""problem_class"": ""SDP""}"
951,cvxpy_osqp,cvxpy-1.6.5-OSQP-1.0.4,DIMACS,hinf12,SDP,"{""cpu"": {""cpu_count"": 8, ""cpu_count_physical"": 8, ""processor"": ""arm"", ""architecture"": ""64bit""}, ""memory"": {""total_gb"": 24.0}, ""os"": {""system"": ""Darwin"", ""machine"": ""arm64"", ""release"": ""23.5.0""}, ""python"": {""implementation"": ""CPython"", ""version"": ""3.12.2"", ""version_info"": ""3.12.2""}, ""git"": {""commit_hash"": ""443b599dca6666ab5976e2cf184c9398d48cda2b""}, ""timezone"": {""timezone_name"": ""UTC"", ""utc_offset_hours"": 0.0}, ""timestamp"": 1752416768.0}",443b599dca6666ab5976e2cf184c9398d48cda2b,2025-07-16T15:25:51,,UNSUPPORTED,,,,,,,"{""reason"": ""Solver does not support SDP problems"", ""problem_type"": ""SDP"", ""problem_class"": ""SDP""}"
952,cvxpy_scip,cvxpy-1.6.5-SCIP-5.5.0,DIMACS,hinf12,SDP,"{""cpu"": {""cpu_count"": 8, ""cpu_count_physical"": 8, ""processor"": ""arm"", ""architecture"": ""64bit""}, ""memory"": {""total_gb"": 24.0}, ""os"": {""system"": ""Darwin"", ""machine"": ""arm64"", ""release"": ""23.5.0""}, ""python"": {""implementation"": ""CPython"", ""version"": ""3.12.2"", ""version_info"": ""3.12.2""}, ""git"": {""commit_hash"": ""443b599dca6666ab5976e2cf184c9398d48cda2b""}, ""timezone"": {""timezone_name"": ""UTC"", ""utc_offset_hours"": 0.0}, ""timestamp"": 1752416768.0}",443b599dca6666ab5976e2cf184c9398d48cda2b,2025-07-16T15:25:51,,UNSUPPORTED,,,,,,,"{""reason"": ""Solver does not support SDP problems"", ""problem_type"": ""SDP"", ""problem_class"": ""SDP""}"
947,cvxpy_scs,cvxpy-1.6.5-SCS-3.2.7.post2,DIMACS,hinf12,SDP,"{""cpu"": {""cpu_count"": 8, ""cpu_count_physical"": 8, ""processor"": ""arm"", ""architecture"": ""64bit""}, ""memory"": {""total_gb"": 24.0}, ""os"": {""system"": ""Darwin"", ""machine"": ""arm64"", ""release"": ""23.5.0""}, ""python"": {""implementation"": ""CPython"", ""version"": ""3.12.2"", ""version_info"": ""3.12.2""}, ""git"": {""commit_hash"": ""443b599dca6666ab5976e2cf184c9398d48cda2b""}, ""timezone"": {""timezone_name"": ""UTC"", ""utc_offset_hours"": 0.0}, ""timestamp"": 1752416768.0}",443b599dca6666ab5976e2cf184c9398d48cda2b,2025-07-16T15:25:37,1.846771001815796,OPTIMAL (INACCURATE),-0.9141614331465502,-0.8869089226495065,-0.02725251049704369,8.264335179641823e-08,1.6865610824784975e-07,100000,"{""solver_solve_time"": 1.842922833, ""problem_class"": ""SDP""}"
948,cvxpy_sdpa,cvxpy-1.6.5-SDPA-0.2.2,DIMACS,hinf12,SDP,"{""cpu"": {""cpu_count"": 8, ""cpu_count_physical"": 8, ""processor"": ""arm"", ""architecture"": ""64bit""}, ""memory"": {""total_gb"": 24.0}, ""os"": {""system"": ""Darwin"", ""machine"": ""arm64"", ""release"": ""23.5.0""}, ""python"": {""implementation"": ""CPython"", ""version"": ""3.12.2"", ""version_info"": ""3.12.2""}, ""git"": {""commit_hash"": ""443b599dca6666ab5976e2cf184c9398d48cda2b""}, ""timezone"": {""timezone_name"": ""UTC"", ""utc_offset_hours"": 0.0}, ""timestamp"": 1752416768.0}",443b599dca6666ab5976e2cf184c9398d48cda2b,2025-07-16T15:25:37,0.013288259506225586,OPTIMAL (INACCURATE),-26.284632319814868,-3.218852415953317,-23.06577990386155,0.0002664963558692289,0.0,,"{""iteration_info_limitation"": ""SDPA does not provide iteration count through CVXPY"", ""solver_solve_time"": null, ""problem_class"": ""SDP""}"
1595,matlab_sdpt3,unknown,DIMACS,hinf12,SDP,"{""cpu"": {""cpu_count"": 8, ""cpu_count_physical"": 8, ""processor"": ""arm"", ""architecture"": ""64bit""}, ""memory"": {""total_gb"": 24.0}, ""os"": {""system"": ""Darwin"", ""machine"": ""arm64"", ""release"": ""23.5.0""}, ""python"": {""implementation"": ""CPython"", ""version"": ""3.12.2"", ""version_info"": ""3.12.2""}, ""git"": {""commit_hash"": ""96ca043787ef8c38515cfa8d108d16b61b823e04""}, ""timezone"": {""timezone_name"": ""UTC"", ""utc_offset_hours"": 0.0}, ""timestamp"": 1752926592.0}",96ca043787ef8c38515cfa8d108d16b61b823e04,2025-07-19T13:59:54,,ERROR,,,,,,,"{""error_message"": ""MATLAB execution failed (code 1): Error: K.l (linear variables) must be a non-negative integer; Original error: K.l (linear variables) must be a non-negative integer"", ""problem_class"": ""SDP""}"
1469,matlab_sedumi,unknown,DIMACS,hinf12,SDP,"{""cpu"": {""cpu_count"": 8, ""cpu_count_physical"": 8, ""processor"": ""arm"", ""architecture"": ""64bit""}, ""memory"": {""total_gb"": 24.0}, ""os"": {""system"": ""Darwin"", ""machine"": ""arm64"", ""release"": ""23.5.0""}, ""python"": {""implementation"": ""CPython"", ""version"": ""3.12.2"", ""version_info"": ""3.12.2""}, ""git"": {""commit_hash"": ""96ca043787ef8c38515cfa8d108d16b61b823e04""}, ""timezone"": {""timezone_name"": ""UTC"", ""utc_offset_hours"": 0.0}, ""timestamp"": 1752926592.0}",96ca043787ef8c38515cfa8d108d16b61b823e04,2025-07-19T12:38:24,,ERROR,,,,,,,"{""error_message"": ""MATLAB execution failed (code 1): Error: K.l (linear variables) must be a non-negative integer; Original error: K.l (linear variables) must be a non-negative integer"", ""problem_class"": ""SDP""}"
953,scipy_linprog,scipy-1.15.3,DIMACS,hinf12,SDP,"{""cpu"": {""cpu_count"": 8, ""cpu_count_physical"": 8, ""processor"": ""arm"", ""architecture"": ""64bit""}, ""memory"": {""total_gb"": 24.0}, ""os"": {""system"": ""Darwin"", ""machine"": ""arm64"", ""release"": ""23.5.0""}, ""python"": {""implementation"": ""CPython"", ""version"": ""3.12.2"", ""version_info"": ""3.12.2""}, ""git"": {""commit_hash"": ""443b599dca6666ab5976e2cf184c9398d48cda2b""}, ""timezone"": {""timezone_name"": ""UTC"", ""utc_offset_hours"": 0.0}, ""timestamp"": 1752416768.0}",443b599dca6666ab5976e2cf184c9398d48cda2b,2025-07-16T15:25:51,,UNSUPPORTED,,,,,,,"{""reason"": ""Solver does not support SDP problems"", ""problem_type"": ""SDP"", ""problem_class"": ""SDP""}"
1596,matlab_sdpt3,unknown,DIMACS,hinf13,SDP,"{""cpu"": {""cpu_count"": 8, ""cpu_count_physical"": 8, ""processor"": ""arm"", ""architecture"": ""64bit""}, ""memory"": {""total_gb"": 24.0}, ""os"": {""system"": ""Darwin"", ""machine"": ""arm64"", ""release"": ""23.5.0""}, ""python"": {""implementation"": ""CPython"", ""version"": ""3.12.2"", ""version_info"": ""3.12.2""}, ""git"": {""commit_hash"": ""96ca043787ef8c38515cfa8d108d16b61b823e04""}, ""timezone"": {""timezone_name"": ""UTC"", ""utc_offset_hours"": 0.0}, ""timestamp"": 1752926592.0}",96ca043787ef8c38515cfa8d108d16b61b823e04,2025-07-19T13:59:59,,ERROR,,,,,,,"{""error_message"": ""MATLAB execution failed (code 1): Error: K.l (linear variables) must be a non-negative integer; Original error: K.l (linear variables) must be a non-negative integer"", ""problem_class"": ""SDP""}"
1470,matlab_sedumi,unknown,DIMACS,hinf13,SDP,"{""cpu"": {""cpu_count"": 8, ""cpu_count_physical"": 8, ""processor"": ""arm"", ""architecture"": ""64bit""}, ""memory"": {""total_gb"": 24.0}, ""os"": {""system"": ""Darwin"", ""machine"": ""arm64"", ""release"": ""23.5.0""}, ""python"": {""implementation"": ""CPython"", ""version"": ""3.12.2"", ""version_info"": ""3.12.2""}, ""git"": {""commit_hash"": ""96ca043787ef8c38515cfa8d108d16b61b823e04""}, ""timezone"": {""timezone_name"": ""UTC"", ""utc_offset_hours"": 0.0}, ""timestamp"": 1752926592.0}",96ca043787ef8c38515cfa8d108d16b61b823e04,2025-07-19T12:38:29,,ERROR,,,,,,,"{""error_message"": ""MATLAB execution failed (code 1): Error: K.l (linear variables) must be a non-negative integer; Original error: K.l (linear variables) must be a non-negative integer"", ""problem_class"": ""SDP""}"
1804,cvxpy_ecos,cvxpy-1.6.5-ECOS-2.0.14,DIMACS,minphase,SDP,"{""cpu"": {""cpu_count"": 8, ""cpu_count_physical"": 8, ""processor"": ""arm"", ""architecture"": ""64bit""}, ""memory"": {""total_gb"": 24.0}, ""os"": {""system"": ""Darwin"", ""machine"": ""arm64"", ""release"": ""23.5.0""}, ""python"": {""implementation"": ""CPython"", ""version"": ""3.12.2"", ""version_info"": ""3.12.2""}, ""git"": {""commit_hash"": ""0d9be48d5161918e56908f73cddd63d9b51ecd84""}, ""timezone"": {""timezone_name"": ""UTC"", ""utc_offset_hours"": 0.0}, ""timestamp"": 1752926592.0}",0d9be48d5161918e56908f73cddd63d9b51ecd84,2025-07-22T14:48:52,,UNSUPPORTED,,,,,,,"{""reason"": ""Solver does not support SDP problems"", ""problem_type"": ""SDP"", ""problem_class"": ""SDP""}"
1805,cvxpy_scip,cvxpy-1.6.5-SCIP-5.5.0,DIMACS,minphase,SDP,"{""cpu"": {""cpu_count"": 8, ""cpu_count_physical"": 8, ""processor"": ""arm"", ""architecture"": ""64bit""}, ""memory"": {""total_gb"": 24.0}, ""os"": {""system"": ""Darwin"", ""machine"": ""arm64"", ""release"": ""23.5.0""}, ""python"": {""implementation"": ""CPython"", ""version"": ""3.12.2"", ""version_info"": ""3.12.2""}, ""git"": {""commit_hash"": ""0d9be48d5161918e56908f73cddd63d9b51ecd84""}, ""timezone"": {""timezone_name"": ""UTC"", ""utc_offset_hours"": 0.0}, ""timestamp"": 1752926592.0}",0d9be48d5161918e56908f73cddd63d9b51ecd84,2025-07-22T14:48:52,,UNSUPPORTED,,,,,,,"{""reason"": ""Solver does not support SDP problems"", ""problem_type"": ""SDP"", ""problem_class"": ""SDP""}"
1594,matlab_sdpt3,SDPT3-4.0-20240410 (MATLAB 24.1.0.2537033 (R2024a)),DIMACS,minphase,SDP,"{""cpu"": {""cpu_count"": 8, ""cpu_count_physical"": 8, ""processor"": ""arm"", ""architecture"": ""64bit""}, ""memory"": {""total_gb"": 24.0}, ""os"": {""system"": ""Darwin"", ""machine"": ""arm64"", ""release"": ""23.5.0""}, ""python"": {""implementation"": ""CPython"", ""version"": ""3.12.2"", ""version_info"": ""3.12.2""}, ""git"": {""commit_hash"": ""96ca043787ef8c38515cfa8d108d16b61b823e04""}, ""timezone"": {""timezone_name"": ""UTC"", ""utc_offset_hours"": 0.0}, ""timestamp"": 1752926592.0}",96ca043787ef8c38515cfa8d108d16b61b823e04,2025-07-19T13:59:49,0.9657167916666667,UNKNOWN,5.992654461591593,5.981017465497352,0.01163699609424107,2.6102968408925996e-08,0.0,27,"{""matlab_output"": {""solver_name"": ""SDPT3"", ""status"": ""unknown"", ""solve_time"": 0.9657167916666667, ""setup_time"": [], ""iterations"": 27, ""primal_objective_value"": 5.992654461591593, ""dual_objective_value"": 5.981017465497352, ""duality_gap"": 0.01163699609424107, ""primal_infeasibility"": 2.6102968408925996e-08, ""dual_infeasibility"": 0, ""solver_version"": ""SDPT3-4.0-20240410"", ""solver_options"": {}, ""termination_reason"": """", ""error_message"": """", ""timestamp"": ""2025-07-19 22:59:47"", ""matlab_version"": ""24.1.0.2537033 (R2024a)""}, ""matlab_version"": ""24.1.0.2537033 (R2024a)"", ""solver_backend"": ""sdpt3"", ""execution_environment"": ""matlab"", ""problem_class"": ""SDP""}"
1468,matlab_sedumi,SeDuMi-1.3.7 (MATLAB 24.1.0.2537033 (R2024a)),DIMACS,minphase,SDP,"{""cpu"": {""cpu_count"": 8, ""cpu_count_physical"": 8, ""processor"": ""arm"", ""architecture"": ""64bit""}, ""memory"": {""total_gb"": 24.0}, ""os"": {""system"": ""Darwin"", ""machine"": ""arm64"", ""release"": ""23.5.0""}, ""python"": {""implementation"": ""CPython"", ""version"": ""3.12.2"", ""version_info"": ""3.12.2""}, ""git"": {""commit_hash"": ""96ca043787ef8c38515cfa8d108d16b61b823e04""}, ""timezone"": {""timezone_name"": ""UTC"", ""utc_offset_hours"": 0.0}, ""timestamp"": 1752926592.0}",96ca043787ef8c38515cfa8d108d16b61b823e04,2025-07-19T12:38:19,0.5304792916666666,NUM_ERROR,5.981957450464189,5.982166011101507,0.00020856063731766739,7.963841922701557e-09,0.0,34,"{""matlab_output"": {""solver_name"": ""SeDuMi"", ""status"": ""num_error"", ""solve_time"": 0.5304792916666666, ""setup_time"": [], ""iterations"": 34, ""primal_objective_value"": 5.981957450464189, ""dual_objective_value"": 5.982166011101507, ""duality_gap"": 0.00020856063731766739, ""primal_infeasibility"": 7.963841922701557e-09, ""dual_infeasibility"": 0, ""solver_version"": ""SeDuMi-1.3.7"", ""solver_options"": {}, ""termination_reason"": """", ""error_message"": """", ""timestamp"": ""2025-07-19 21:38:16"", ""matlab_version"": ""24.1.0.2537033 (R2024a)""}, ""matlab_version"": ""24.1.0.2537033 (R2024a)"", ""solver_backend"": ""sedumi"", ""execution_environment"": ""matlab"", ""problem_class"": ""SDP""}"
1721,cvxpy_highs,cvxpy-1.6.5-HIGHS-1.11.0,DIMACS,nb,SOCP,"{""cpu"": {""cpu_count"": 8, ""cpu_count_physical"": 8, ""processor"": ""arm"", ""architecture"": ""64bit""}, ""memory"": {""total_gb"": 24.0}, ""os"": {""system"": ""Darwin"", ""machine"": ""arm64"", ""release"": ""23.5.0""}, ""python"": {""implementation"": ""CPython"", ""version"": ""3.12.2"", ""version_info"": ""3.12.2""}, ""git"": {""commit_hash"": ""0d9be48d5161918e56908f73cddd63d9b51ecd84""}, ""timezone"": {""timezone_name"": ""UTC"", ""utc_offset_hours"": 0.0}, ""timestamp"": 1752926592.0}",0d9be48d5161918e56908f73cddd63d9b51ecd84,2025-07-22T14:36:13,,UNSUPPORTED,,,,,,,"{""reason"": ""Solver does not support SOCP problems"", ""problem_type"": ""SOCP"", ""problem_class"": ""SOCP""}"
1722,cvxpy_osqp,cvxpy-1.6.5-OSQP-1.0.4,DIMACS,nb,SOCP,"{""cpu"": {""cpu_count"": 8, ""cpu_count_physical"": 8, ""processor"": ""arm"", ""architecture"": ""64bit""}, ""memory"": {""total_gb"": 24.0}, ""os"": {""system"": ""Darwin"", ""machine"": ""arm64"", ""release"": ""23.5.0""}, ""python"": {""implementation"": ""CPython"", ""version"": ""3.12.2"", ""version_info"": ""3.12.2""}, ""git"": {""commit_hash"": ""0d9be48d5161918e56908f73cddd63d9b51ecd84""}, ""timezone"": {""timezone_name"": ""UTC"", ""utc_offset_hours"": 0.0}, ""timestamp"": 1752926592.0}",0d9be48d5161918e56908f73cddd63d9b51ecd84,2025-07-22T14:36:13,,UNSUPPORTED,,,,,,,"{""reason"": ""Solver does not support SOCP problems"", ""problem_type"": ""SOCP"", ""problem_class"": ""SOCP""}"
1584,matlab_sdpt3,SDPT3-4.0-20240410 (MATLAB 24.1.0.2537033 (R2024a)),DIMACS,nb,SOCP,"{""cpu"": {""cpu_count"": 8, ""cpu_count_physical"": 8, ""processor"": ""arm"", ""architecture"": ""64bit""}, ""memory"": {""total_gb"": 24.0}, ""os"": {""system"": ""Darwin"", ""machine"": ""arm64"", ""release"": ""23.5.0""}, ""python"": {""implementation"": ""CPython"", ""version"": ""3.12.2"", ""version_info"": ""3.12.2""}, ""git"": {""commit_hash"": ""96ca043787ef8c38515cfa8d108d16b61b823e04""}, ""timezone"": {""timezone_name"": ""UTC"", ""utc_offset_hours"": 0.0}, ""timestamp"": 1752926592.0}",96ca043787ef8c38515cfa8d108d16b61b823e04,2025-07-19T13:58:40,0.96570575,OPTIMAL,-0.05070308578560933,-0.050703094832485564,9.046876234264367e-09,1.59782982293915e-10,1.4016403840157828e-09,25,"{""matlab_output"": {""solver_name"": ""SDPT3"", ""status"": ""optimal"", ""solve_time"": 0.96570575, ""setup_time"": [], ""iterations"": 25, ""primal_objective_value"": -0.05070308578560933, ""dual_objective_value"": -0.050703094832485564, ""duality_gap"": 9.046876234264367e-09, ""primal_infeasibility"": 1.59782982293915e-10, ""dual_infeasibility"": 1.4016403840157828e-09, ""solver_version"": ""SDPT3-4.0-20240410"", ""solver_options"": {}, ""termination_reason"": """", ""error_message"": """", ""timestamp"": ""2025-07-19 22:58:37"", ""matlab_version"": ""24.1.0.2537033 (R2024a)""}, ""matlab_version"": ""24.1.0.2537033 (R2024a)"", ""solver_backend"": ""sdpt3"", ""execution_environment"": ""matlab"", ""problem_class"": ""SOCP""}"
1452,matlab_sedumi,SeDuMi-1.3.7 (MATLAB 24.1.0.2537033 (R2024a)),DIMACS,nb,SOCP,"{""cpu"": {""cpu_count"": 8, ""cpu_count_physical"": 8, ""processor"": ""arm"", ""architecture"": ""64bit""}, ""memory"": {""total_gb"": 24.0}, ""os"": {""system"": ""Darwin"", ""machine"": ""arm64"", ""release"": ""23.5.0""}, ""python"": {""implementation"": ""CPython"", ""version"": ""3.12.2"", ""version_info"": ""3.12.2""}, ""git"": {""commit_hash"": ""96ca043787ef8c38515cfa8d108d16b61b823e04""}, ""timezone"": {""timezone_name"": ""UTC"", ""utc_offset_hours"": 0.0}, ""timestamp"": 1752416768.0}",96ca043787ef8c38515cfa8d108d16b61b823e04,2025-07-19T11:10:47,0.5915824583333333,OPTIMAL,-0.05070309464513528,-0.05070309464949991,4.364626715602782e-12,2.6686184534778507e-11,1.8115531992636216e-11,20,"{""matlab_output"": {""solver_name"": ""SeDuMi"", ""status"": ""optimal"", ""solve_time"": 0.5915824583333333, ""setup_time"": [], ""iterations"": 20, ""primal_objective_value"": -0.05070309464513528, ""dual_objective_value"": -0.05070309464949991, ""duality_gap"": 4.364626715602782e-12, ""primal_infeasibility"": 2.6686184534778507e-11, ""dual_infeasibility"": 1.8115531992636216e-11, ""solver_version"": ""SeDuMi-1.3.7"", ""solver_options"": {}, ""termination_reason"": """", ""error_message"": """", ""timestamp"": ""2025-07-19 20:10:44"", ""matlab_version"": ""24.1.0.2537033 (R2024a)""}, ""matlab_version"": ""24.1.0.2537033 (R2024a)"", ""solver_backend"": ""sedumi"", ""execution_environment"": ""matlab"", ""problem_class"": ""SOCP""}"
1723,scipy_linprog,scipy-1.15.3,DIMACS,nb,SOCP,"{""cpu"": {""cpu_count"": 8, ""cpu_count_physical"": 8, ""processor"": ""arm"", ""architecture"": ""64bit""}, ""memory"": {""total_gb"": 24.0}, ""os"": {""system"": ""Darwin"", ""machine"": ""arm64"", ""release"": ""23.5.0""}, ""python"": {""implementation"": ""CPython"", ""version"": ""3.12.2"", ""version_info"": ""3.12.2""}, ""git"": {""commit_hash"": ""0d9be48d5161918e56908f73cddd63d9b51ecd84""}, ""timezone"": {""timezone_name"": ""UTC"", ""utc_offset_hours"": 0.0}, ""timestamp"": 1752926592.0}",0d9be48d5161918e56908f73cddd63d9b51ecd84,2025-07-22T14:36:13,,UNSUPPORTED,,,,,,,"{""reason"": ""Solver does not support SOCP problems"", ""problem_type"": ""SOCP"", ""problem_class"": ""SOCP""}"
1724,cvxpy_highs,cvxpy-1.6.5-HIGHS-1.11.0,DIMACS,nb_L1,SOCP,"{""cpu"": {""cpu_count"": 8, ""cpu_count_physical"": 8, ""processor"": ""arm"", ""architecture"": ""64bit""}, ""memory"": {""total_gb"": 24.0}, ""os"": {""system"": ""Darwin"", ""machine"": ""arm64"", ""release"": ""23.5.0""}, ""python"": {""implementation"": ""CPython"", ""version"": ""3.12.2"", ""version_info"": ""3.12.2""}, ""git"": {""commit_hash"": ""0d9be48d5161918e56908f73cddd63d9b51ecd84""}, ""timezone"": {""timezone_name"": ""UTC"", ""utc_offset_hours"": 0.0}, ""timestamp"": 1752926592.0}",0d9be48d5161918e56908f73cddd63d9b51ecd84,2025-07-22T14:36:13,,UNSUPPORTED,,,,,,,"{""reason"": ""Solver does not support SOCP problems"", ""problem_type"": ""SOCP"", ""problem_class"": ""SOCP""}"
1725,cvxpy_osqp,cvxpy-1.6.5-OSQP-1.0.4,DIMACS,nb_L1,SOCP,"{""cpu"": {""cpu_count"": 8, ""cpu_count_physical"": 8, ""processor"": ""arm"", ""architecture"": ""64bit""}, ""memory"": {""total_gb"": 24.0}, ""os"": {""system"": ""Darwin"", ""machine"": ""arm64"", ""release"": ""23.5.0""}, ""python"": {""implementation"": ""CPython"", ""version"": ""3.12.2"", ""version_info"": ""3.12.2""}, ""git"": {""commit_hash"": ""0d9be48d5161918e56908f73cddd63d9b51ecd84""}, ""timezone"": {""timezone_name"": ""UTC"", ""utc_offset_hours"": 0.0}, ""timestamp"": 1752926592.0}",0d9be48d5161918e56908f73cddd63d9b51ecd84,2025-07-22T14:36:13,,UNSUPPORTED,,,,,,,"{""reason"": ""Solver does not support SOCP problems"", ""problem_type"": ""SOCP"", ""problem_class"": ""SOCP""}"
1585,matlab_sdpt3,SDPT3-4.0-20240410 (MATLAB 24.1.0.2537033 (R2024a)),DIMACS,nb_L1,SOCP,"{""cpu"": {""cpu_count"": 8, ""cpu_count_physical"": 8, ""processor"": ""arm"", ""architecture"": ""64bit""}, ""memory"": {""total_gb"": 24.0}, ""os"": {""system"": ""Darwin"", ""machine"": ""arm64"", ""release"": ""23.5.0""}, ""python"": {""implementation"": ""CPython"", ""version"": ""3.12.2"", ""version_info"": ""3.12.2""}, ""git"": {""commit_hash"": ""96ca043787ef8c38515cfa8d108d16b61b823e04""}, ""timezone"": {""timezone_name"": ""UTC"", ""utc_offset_hours"": 0.0}, ""timestamp"": 1752926592.0}",96ca043787ef8c38515cfa8d108d16b61b823e04,2025-07-19T13:58:47,1.7669237083333333,OPTIMAL,-13.012270587360916,-13.012270701517188,1.1415627199085066e-07,5.912533758053113e-11,1.1086499606208974e-11,35,"{""matlab_output"": {""solver_name"": ""SDPT3"", ""status"": ""optimal"", ""solve_time"": 1.7669237083333333, ""setup_time"": [], ""iterations"": 35, ""primal_objective_value"": -13.012270587360916, ""dual_objective_value"": -13.012270701517188, ""duality_gap"": 1.1415627199085066e-07, ""primal_infeasibility"": 5.912533758053113e-11, ""dual_infeasibility"": 1.1086499606208974e-11, ""solver_version"": ""SDPT3-4.0-20240410"", ""solver_options"": {}, ""termination_reason"": """", ""error_message"": """", ""timestamp"": ""2025-07-19 22:58:44"", ""matlab_version"": ""24.1.0.2537033 (R2024a)""}, ""matlab_version"": ""24.1.0.2537033 (R2024a)"", ""solver_backend"": ""sdpt3"", ""execution_environment"": ""matlab"", ""problem_class"": ""SOCP""}"
1453,matlab_sedumi,SeDuMi-1.3.7 (MATLAB 24.1.0.2537033 (R2024a)),DIMACS,nb_L1,SOCP,"{""cpu"": {""cpu_count"": 8, ""cpu_count_physical"": 8, ""processor"": ""arm"", ""architecture"": ""64bit""}, ""memory"": {""total_gb"": 24.0}, ""os"": {""system"": ""Darwin"", ""machine"": ""arm64"", ""release"": ""23.5.0""}, ""python"": {""implementation"": ""CPython"", ""version"": ""3.12.2"", ""version_info"": ""3.12.2""}, ""git"": {""commit_hash"": ""96ca043787ef8c38515cfa8d108d16b61b823e04""}, ""timezone"": {""timezone_name"": ""UTC"", ""utc_offset_hours"": 0.0}, ""timestamp"": 1752416768.0}",96ca043787ef8c38515cfa8d108d16b61b823e04,2025-07-19T11:10:53,0.8812795416666667,OPTIMAL,-13.012270029385133,-13.012270026410215,2.9749180896487815e-09,1.5604221692182964e-10,2.645992296428134e-10,18,"{""matlab_output"": {""solver_name"": ""SeDuMi"", ""status"": ""optimal"", ""solve_time"": 0.8812795416666667, ""setup_time"": [], ""iterations"": 18, ""primal_objective_value"": -13.012270029385133, ""dual_objective_value"": -13.012270026410215, ""duality_gap"": 2.9749180896487815e-09, ""primal_infeasibility"": 1.5604221692182964e-10, ""dual_infeasibility"": 2.645992296428134e-10, ""solver_version"": ""SeDuMi-1.3.7"", ""solver_options"": {}, ""termination_reason"": """", ""error_message"": """", ""timestamp"": ""2025-07-19 20:10:50"", ""matlab_version"": ""24.1.0.2537033 (R2024a)""}, ""matlab_version"": ""24.1.0.2537033 (R2024a)"", ""solver_backend"": ""sedumi"", ""execution_environment"": ""matlab"", ""problem_class"": ""SOCP""}"
1726,scipy_linprog,scipy-1.15.3,DIMACS,nb_L1,SOCP,"{""cpu"": {""cpu_count"": 8, ""cpu_count_physical"": 8, ""processor"": ""arm"", ""architecture"": ""64bit""}, ""memory"": {""total_gb"": 24.0}, ""os"": {""system"": ""Darwin"", ""machine"": ""arm64"", ""release"": ""23.5.0""}, ""python"": {""implementation"": ""CPython"", ""version"": ""3.12.2"", ""version_info"": ""3.12.2""}, ""git"": {""commit_hash"": ""0d9be48d5161918e56908f73cddd63d9b51ecd84""}, ""timezone"": {""timezone_name"": ""UTC"", ""utc_offset_hours"": 0.0}, ""timestamp"": 1752926592.0}",0d9be48d5161918e56908f73cddd63d9b51ecd84,2025-07-22T14:36:13,,UNSUPPORTED,,,,,,,"{""reason"": ""Solver does not support SOCP problems"", ""problem_type"": ""SOCP"", ""problem_class"": ""SOCP""}"
1727,cvxpy_highs,cvxpy-1.6.5-HIGHS-1.11.0,DIMACS,nb_L2,SOCP,"{""cpu"": {""cpu_count"": 8, ""cpu_count_physical"": 8, ""processor"": ""arm"", ""architecture"": ""64bit""}, ""memory"": {""total_gb"": 24.0}, ""os"": {""system"": ""Darwin"", ""machine"": ""arm64"", ""release"": ""23.5.0""}, ""python"": {""implementation"": ""CPython"", ""version"": ""3.12.2"", ""version_info"": ""3.12.2""}, ""git"": {""commit_hash"": ""0d9be48d5161918e56908f73cddd63d9b51ecd84""}, ""timezone"": {""timezone_name"": ""UTC"", ""utc_offset_hours"": 0.0}, ""timestamp"": 1752926592.0}",0d9be48d5161918e56908f73cddd63d9b51ecd84,2025-07-22T14:36:13,,UNSUPPORTED,,,,,,,"{""reason"": ""Solver does not support SOCP problems"", ""problem_type"": ""SOCP"", ""problem_class"": ""SOCP""}"
1728,cvxpy_osqp,cvxpy-1.6.5-OSQP-1.0.4,DIMACS,nb_L2,SOCP,"{""cpu"": {""cpu_count"": 8, ""cpu_count_physical"": 8, ""processor"": ""arm"", ""architecture"": ""64bit""}, ""memory"": {""total_gb"": 24.0}, ""os"": {""system"": ""Darwin"", ""machine"": ""arm64"", ""release"": ""23.5.0""}, ""python"": {""implementation"": ""CPython"", ""version"": ""3.12.2"", ""version_info"": ""3.12.2""}, ""git"": {""commit_hash"": ""0d9be48d5161918e56908f73cddd63d9b51ecd84""}, ""timezone"": {""timezone_name"": ""UTC"", ""utc_offset_hours"": 0.0}, ""timestamp"": 1752926592.0}",0d9be48d5161918e56908f73cddd63d9b51ecd84,2025-07-22T14:36:13,,UNSUPPORTED,,,,,,,"{""reason"": ""Solver does not support SOCP problems"", ""problem_type"": ""SOCP"", ""problem_class"": ""SOCP""}"
1586,matlab_sdpt3,SDPT3-4.0-20240410 (MATLAB 24.1.0.2537033 (R2024a)),DIMACS,nb_L2,SOCP,"{""cpu"": {""cpu_count"": 8, ""cpu_count_physical"": 8, ""processor"": ""arm"", ""architecture"": ""64bit""}, ""memory"": {""total_gb"": 24.0}, ""os"": {""system"": ""Darwin"", ""machine"": ""arm64"", ""release"": ""23.5.0""}, ""python"": {""implementation"": ""CPython"", ""version"": ""3.12.2"", ""version_info"": ""3.12.2""}, ""git"": {""commit_hash"": ""96ca043787ef8c38515cfa8d108d16b61b823e04""}, ""timezone"": {""timezone_name"": ""UTC"", ""utc_offset_hours"": 0.0}, ""timestamp"": 1752926592.0}",96ca043787ef8c38515cfa8d108d16b61b823e04,2025-07-19T13:58:52,0.9697343333333334,OPTIMAL,-1.6289719758296834,-1.6289719649739611,1.0855722321068129e-08,1.2364826274510168e-10,2.3874355910020744e-10,18,"{""matlab_output"": {""solver_name"": ""SDPT3"", ""status"": ""optimal"", ""solve_time"": 0.9697343333333334, ""setup_time"": [], ""iterations"": 18, ""primal_objective_value"": -1.6289719758296834, ""dual_objective_value"": -1.6289719649739611, ""duality_gap"": 1.0855722321068129e-08, ""primal_infeasibility"": 1.2364826274510168e-10, ""dual_infeasibility"": 2.3874355910020744e-10, ""solver_version"": ""SDPT3-4.0-20240410"", ""solver_options"": {}, ""termination_reason"": """", ""error_message"": """", ""timestamp"": ""2025-07-19 22:58:51"", ""matlab_version"": ""24.1.0.2537033 (R2024a)""}, ""matlab_version"": ""24.1.0.2537033 (R2024a)"", ""solver_backend"": ""sdpt3"", ""execution_environment"": ""matlab"", ""problem_class"": ""SOCP""}"
1454,matlab_sedumi,SeDuMi-1.3.7 (MATLAB 24.1.0.2537033 (R2024a)),DIMACS,nb_L2,SOCP,"{""cpu"": {""cpu_count"": 8, ""cpu_count_physical"": 8, ""processor"": ""arm"", ""architecture"": ""64bit""}, ""memory"": {""total_gb"": 24.0}, ""os"": {""system"": ""Darwin"", ""machine"": ""arm64"", ""release"": ""23.5.0""}, ""python"": {""implementation"": ""CPython"", ""version"": ""3.12.2"", ""version_info"": ""3.12.2""}, ""git"": {""commit_hash"": ""96ca043787ef8c38515cfa8d108d16b61b823e04""}, ""timezone"": {""timezone_name"": ""UTC"", ""utc_offset_hours"": 0.0}, ""timestamp"": 1752416768.0}",96ca043787ef8c38515cfa8d108d16b61b823e04,2025-07-19T11:10:58,0.602918625,OPTIMAL,-1.6289719586720264,-1.628971958012104,6.599223389969211e-10,3.7220915711599144e-11,1.8222941201475597e-10,16,"{""matlab_output"": {""solver_name"": ""SeDuMi"", ""status"": ""optimal"", ""solve_time"": 0.602918625, ""setup_time"": [], ""iterations"": 16, ""primal_objective_value"": -1.6289719586720264, ""dual_objective_value"": -1.628971958012104, ""duality_gap"": 6.599223389969211e-10, ""primal_infeasibility"": 3.7220915711599144e-11, ""dual_infeasibility"": 1.8222941201475597e-10, ""solver_version"": ""SeDuMi-1.3.7"", ""solver_options"": {}, ""termination_reason"": """", ""error_message"": """", ""timestamp"": ""2025-07-19 20:10:55"", ""matlab_version"": ""24.1.0.2537033 (R2024a)""}, ""matlab_version"": ""24.1.0.2537033 (R2024a)"", ""solver_backend"": ""sedumi"", ""execution_environment"": ""matlab"", ""problem_class"": ""SOCP""}"
1729,scipy_linprog,scipy-1.15.3,DIMACS,nb_L2,SOCP,"{""cpu"": {""cpu_count"": 8, ""cpu_count_physical"": 8, ""processor"": ""arm"", ""architecture"": ""64bit""}, ""memory"": {""total_gb"": 24.0}, ""os"": {""system"": ""Darwin"", ""machine"": ""arm64"", ""release"": ""23.5.0""}, ""python"": {""implementation"": ""CPython"", ""version"": ""3.12.2"", ""version_info"": ""3.12.2""}, ""git"": {""commit_hash"": ""0d9be48d5161918e56908f73cddd63d9b51ecd84""}, ""timezone"": {""timezone_name"": ""UTC"", ""utc_offset_hours"": 0.0}, ""timestamp"": 1752926592.0}",0d9be48d5161918e56908f73cddd63d9b51ecd84,2025-07-22T14:36:13,,UNSUPPORTED,,,,,,,"{""reason"": ""Solver does not support SOCP problems"", ""problem_type"": ""SOCP"", ""problem_class"": ""SOCP""}"
501,cvxpy_clarabel,cvxpy-1.6.5-CLARABEL-0.11.0,DIMACS,nb_L2_bessel,SOCP,"{""cpu"": {""cpu_count"": 8, ""cpu_count_physical"": 8, ""processor"": ""arm"", ""architecture"": ""64bit""}, ""memory"": {""total_gb"": 24.0}, ""os"": {""system"": ""Darwin"", ""machine"": ""arm64"", ""release"": ""23.5.0""}, ""python"": {""implementation"": ""CPython"", ""version"": ""3.12.2"", ""version_info"": ""3.12.2""}, ""git"": {""commit_hash"": ""443b599dca6666ab5976e2cf184c9398d48cda2b""}, ""timezone"": {""timezone_name"": ""UTC"", ""utc_offset_hours"": 0.0}, ""timestamp"": 1752416768.0}",443b599dca6666ab5976e2cf184c9398d48cda2b,2025-07-14T13:56:46,16.746599197387695,OPTIMAL,-0.10256951121188174,-0.10256951121204069,1.589561815507068e-13,8.039548008470551e-16,2.720397466104802e-14,14,"{""solver_solve_time"": 0.443129, ""problem_class"": ""SOCP""}"
502,cvxpy_cvxopt,cvxpy-1.6.5-CVXOPT-1.3.2,DIMACS,nb_L2_bessel,SOCP,"{""cpu"": {""cpu_count"": 8, ""cpu_count_physical"": 8, ""processor"": ""arm"", ""architecture"": ""64bit""}, ""memory"": {""total_gb"": 24.0}, ""os"": {""system"": ""Darwin"", ""machine"": ""arm64"", ""release"": ""23.5.0""}, ""python"": {""implementation"": ""CPython"", ""version"": ""3.12.2"", ""version_info"": ""3.12.2""}, ""git"": {""commit_hash"": ""443b599dca6666ab5976e2cf184c9398d48cda2b""}, ""timezone"": {""timezone_name"": ""UTC"", ""utc_offset_hours"": 0.0}, ""timestamp"": 1752416768.0}",443b599dca6666ab5976e2cf184c9398d48cda2b,2025-07-14T13:57:03,17.025321006774902,OPTIMAL,-0.10256950565999576,-0.10256951114752975,5.487533996650917e-09,2.6441459719661748e-11,2.0332286620010367e-12,,"{""iteration_info_limitation"": ""CVXOPT does not provide iteration count through CVXPY"", ""solver_solve_time"": null, ""problem_class"": ""SOCP""}"
503,cvxpy_ecos,cvxpy-1.6.5-ECOS-2.0.14,DIMACS,nb_L2_bessel,SOCP,"{""cpu"": {""cpu_count"": 8, ""cpu_count_physical"": 8, ""processor"": ""arm"", ""architecture"": ""64bit""}, ""memory"": {""total_gb"": 24.0}, ""os"": {""system"": ""Darwin"", ""machine"": ""arm64"", ""release"": ""23.5.0""}, ""python"": {""implementation"": ""CPython"", ""version"": ""3.12.2"", ""version_info"": ""3.12.2""}, ""git"": {""commit_hash"": ""443b599dca6666ab5976e2cf184c9398d48cda2b""}, ""timezone"": {""timezone_name"": ""UTC"", ""utc_offset_hours"": 0.0}, ""timestamp"": 1752416768.0}",443b599dca6666ab5976e2cf184c9398d48cda2b,2025-07-14T13:57:20,16.910020112991333,OPTIMAL,-0.10256951119546298,-0.10256951120226779,6.804806718108125e-12,3.092966674770312e-14,2.36811594750051e-13,13,"{""solver_solve_time"": 0.334672958, ""problem_class"": ""SOCP""}"
504,cvxpy_highs,cvxpy-1.6.5-HIGHS-1.11.0,DIMACS,nb_L2_bessel,SOCP,"{""cpu"": {""cpu_count"": 8, ""cpu_count_physical"": 8, ""processor"": ""arm"", ""architecture"": ""64bit""}, ""memory"": {""total_gb"": 24.0}, ""os"": {""system"": ""Darwin"", ""machine"": ""arm64"", ""release"": ""23.5.0""}, ""python"": {""implementation"": ""CPython"", ""version"": ""3.12.2"", ""version_info"": ""3.12.2""}, ""git"": {""commit_hash"": ""443b599dca6666ab5976e2cf184c9398d48cda2b""}, ""timezone"": {""timezone_name"": ""UTC"", ""utc_offset_hours"": 0.0}, ""timestamp"": 1752416768.0}",443b599dca6666ab5976e2cf184c9398d48cda2b,2025-07-14T13:57:20,,UNSUPPORTED,,,,,,,"{""reason"": ""Solver does not support SOCP problems"", ""problem_type"": ""SOCP"", ""problem_class"": ""SOCP""}"
505,cvxpy_osqp,cvxpy-1.6.5-OSQP-1.0.4,DIMACS,nb_L2_bessel,SOCP,"{""cpu"": {""cpu_count"": 8, ""cpu_count_physical"": 8, ""processor"": ""arm"", ""architecture"": ""64bit""}, ""memory"": {""total_gb"": 24.0}, ""os"": {""system"": ""Darwin"", ""machine"": ""arm64"", ""release"": ""23.5.0""}, ""python"": {""implementation"": ""CPython"", ""version"": ""3.12.2"", ""version_info"": ""3.12.2""}, ""git"": {""commit_hash"": ""443b599dca6666ab5976e2cf184c9398d48cda2b""}, ""timezone"": {""timezone_name"": ""UTC"", ""utc_offset_hours"": 0.0}, ""timestamp"": 1752416768.0}",443b599dca6666ab5976e2cf184c9398d48cda2b,2025-07-14T13:57:20,,UNSUPPORTED,,,,,,,"{""reason"": ""Solver does not support SOCP problems"", ""problem_type"": ""SOCP"", ""problem_class"": ""SOCP""}"
506,cvxpy_scip,cvxpy-1.6.5-SCIP-5.5.0,DIMACS,nb_L2_bessel,SOCP,"{""cpu"": {""cpu_count"": 8, ""cpu_count_physical"": 8, ""processor"": ""arm"", ""architecture"": ""64bit""}, ""memory"": {""total_gb"": 24.0}, ""os"": {""system"": ""Darwin"", ""machine"": ""arm64"", ""release"": ""23.5.0""}, ""python"": {""implementation"": ""CPython"", ""version"": ""3.12.2"", ""version_info"": ""3.12.2""}, ""git"": {""commit_hash"": ""443b599dca6666ab5976e2cf184c9398d48cda2b""}, ""timezone"": {""timezone_name"": ""UTC"", ""utc_offset_hours"": 0.0}, ""timestamp"": 1752416768.0}",443b599dca6666ab5976e2cf184c9398d48cda2b,2025-07-14T13:58:11,50.8220100402832,OPTIMAL,,-0.1025668967864537,,,1.098899869826144e-07,,"{""solver_solve_time"": null, ""problem_class"": ""SOCP""}"
507,cvxpy_scs,cvxpy-1.6.5-SCS-3.2.7.post2,DIMACS,nb_L2_bessel,SOCP,"{""cpu"": {""cpu_count"": 8, ""cpu_count_physical"": 8, ""processor"": ""arm"", ""architecture"": ""64bit""}, ""memory"": {""total_gb"": 24.0}, ""os"": {""system"": ""Darwin"", ""machine"": ""arm64"", ""release"": ""23.5.0""}, ""python"": {""implementation"": ""CPython"", ""version"": ""3.12.2"", ""version_info"": ""3.12.2""}, ""git"": {""commit_hash"": ""443b599dca6666ab5976e2cf184c9398d48cda2b""}, ""timezone"": {""timezone_name"": ""UTC"", ""utc_offset_hours"": 0.0}, ""timestamp"": 1752416768.0}",443b599dca6666ab5976e2cf184c9398d48cda2b,2025-07-14T13:58:59,17.142093896865845,OPTIMAL,-0.10256936649935693,-0.10257104661299753,1.6801136406008332e-06,3.1910805185769294e-05,1.891547527204477e-07,950,"{""solver_solve_time"": 0.306512833, ""problem_class"": ""SOCP""}"
508,cvxpy_sdpa,cvxpy-1.6.5-SDPA-0.2.2,DIMACS,nb_L2_bessel,SOCP,"{""cpu"": {""cpu_count"": 8, ""cpu_count_physical"": 8, ""processor"": ""arm"", ""architecture"": ""64bit""}, ""memory"": {""total_gb"": 24.0}, ""os"": {""system"": ""Darwin"", ""machine"": ""arm64"", ""release"": ""23.5.0""}, ""python"": {""implementation"": ""CPython"", ""version"": ""3.12.2"", ""version_info"": ""3.12.2""}, ""git"": {""commit_hash"": ""443b599dca6666ab5976e2cf184c9398d48cda2b""}, ""timezone"": {""timezone_name"": ""UTC"", ""utc_offset_hours"": 0.0}, ""timestamp"": 1752416768.0}",443b599dca6666ab5976e2cf184c9398d48cda2b,2025-07-14T13:59:46,37.45549201965332,OPTIMAL (INACCURATE),-0.10256935572921497,-0.1025694147293237,5.9000108729168055e-08,2.8997429768473637e-07,3.76033631227958e-09,,"{""iteration_info_limitation"": ""SDPA does not provide iteration count through CVXPY"", ""solver_solve_time"": null, ""problem_class"": ""SOCP""}"
1587,matlab_sdpt3,SDPT3-4.0-20240410 (MATLAB 24.1.0.2537033 (R2024a)),DIMACS,nb_L2_bessel,SOCP,"{""cpu"": {""cpu_count"": 8, ""cpu_count_physical"": 8, ""processor"": ""arm"", ""architecture"": ""64bit""}, ""memory"": {""total_gb"": 24.0}, ""os"": {""system"": ""Darwin"", ""machine"": ""arm64"", ""release"": ""23.5.0""}, ""python"": {""implementation"": ""CPython"", ""version"": ""3.12.2"", ""version_info"": ""3.12.2""}, ""git"": {""commit_hash"": ""96ca043787ef8c38515cfa8d108d16b61b823e04""}, ""timezone"": {""timezone_name"": ""UTC"", ""utc_offset_hours"": 0.0}, ""timestamp"": 1752926592.0}",96ca043787ef8c38515cfa8d108d16b61b823e04,2025-07-19T13:58:59,0.7735605,OPTIMAL,-0.10256950754836537,-0.10256951016133178,2.612966412685047e-09,7.249211116524449e-12,2.492579880231683e-10,19,"{""matlab_output"": {""solver_name"": ""SDPT3"", ""status"": ""optimal"", ""solve_time"": 0.7735605, ""setup_time"": [], ""iterations"": 19, ""primal_objective_value"": -0.10256950754836537, ""dual_objective_value"": -0.10256951016133178, ""duality_gap"": 2.612966412685047e-09, ""primal_infeasibility"": 7.249211116524449e-12, ""dual_infeasibility"": 2.492579880231683e-10, ""solver_version"": ""SDPT3-4.0-20240410"", ""solver_options"": {}, ""termination_reason"": """", ""error_message"": """", ""timestamp"": ""2025-07-19 22:58:55"", ""matlab_version"": ""24.1.0.2537033 (R2024a)""}, ""matlab_version"": ""24.1.0.2537033 (R2024a)"", ""solver_backend"": ""sdpt3"", ""execution_environment"": ""matlab"", ""problem_class"": ""SOCP""}"
1455,matlab_sedumi,SeDuMi-1.3.7 (MATLAB 24.1.0.2537033 (R2024a)),DIMACS,nb_L2_bessel,SOCP,"{""cpu"": {""cpu_count"": 8, ""cpu_count_physical"": 8, ""processor"": ""arm"", ""architecture"": ""64bit""}, ""memory"": {""total_gb"": 24.0}, ""os"": {""system"": ""Darwin"", ""machine"": ""arm64"", ""release"": ""23.5.0""}, ""python"": {""implementation"": ""CPython"", ""version"": ""3.12.2"", ""version_info"": ""3.12.2""}, ""git"": {""commit_hash"": ""96ca043787ef8c38515cfa8d108d16b61b823e04""}, ""timezone"": {""timezone_name"": ""UTC"", ""utc_offset_hours"": 0.0}, ""timestamp"": 1752416768.0}",96ca043787ef8c38515cfa8d108d16b61b823e04,2025-07-19T11:11:04,0.6093694583333333,OPTIMAL,-0.1025694979041563,-0.10256951119637202,1.3292215716997902e-08,2.856571488970491e-11,7.56900876485523e-13,16,"{""matlab_output"": {""solver_name"": ""SeDuMi"", ""status"": ""optimal"", ""solve_time"": 0.6093694583333333, ""setup_time"": [], ""iterations"": 16, ""primal_objective_value"": -0.1025694979041563, ""dual_objective_value"": -0.10256951119637202, ""duality_gap"": 1.3292215716997902e-08, ""primal_infeasibility"": 2.856571488970491e-11, ""dual_infeasibility"": 7.56900876485523e-13, ""solver_version"": ""SeDuMi-1.3.7"", ""solver_options"": {}, ""termination_reason"": """", ""error_message"": """", ""timestamp"": ""2025-07-19 20:11:01"", ""matlab_version"": ""24.1.0.2537033 (R2024a)""}, ""matlab_version"": ""24.1.0.2537033 (R2024a)"", ""solver_backend"": ""sedumi"", ""execution_environment"": ""matlab"", ""problem_class"": ""SOCP""}"
509,scipy_linprog,scipy-1.15.3,DIMACS,nb_L2_bessel,SOCP,"{""cpu"": {""cpu_count"": 8, ""cpu_count_physical"": 8, ""processor"": ""arm"", ""architecture"": ""64bit""}, ""memory"": {""total_gb"": 24.0}, ""os"": {""system"": ""Darwin"", ""machine"": ""arm64"", ""release"": ""23.5.0""}, ""python"": {""implementation"": ""CPython"", ""version"": ""3.12.2"", ""version_info"": ""3.12.2""}, ""git"": {""commit_hash"": ""443b599dca6666ab5976e2cf184c9398d48cda2b""}, ""timezone"": {""timezone_name"": ""UTC"", ""utc_offset_hours"": 0.0}, ""timestamp"": 1752416768.0}",443b599dca6666ab5976e2cf184c9398d48cda2b,2025-07-14T13:59:58,,UNSUPPORTED,,,,,,,"{""reason"": ""Solver does not support SOCP problems"", ""problem_type"": ""SOCP"", ""problem_class"": ""SOCP""}"
476,cvxpy_highs,cvxpy-1.6.5-HIGHS-1.11.0,DIMACS,nql180,SOCP,"{""cpu"": {""cpu_count"": 8, ""cpu_count_physical"": 8, ""processor"": ""arm"", ""architecture"": ""64bit""}, ""memory"": {""total_gb"": 24.0}, ""os"": {""system"": ""Darwin"", ""machine"": ""arm64"", ""release"": ""23.5.0""}, ""python"": {""implementation"": ""CPython"", ""version"": ""3.12.2"", ""version_info"": ""3.12.2""}, ""git"": {""commit_hash"": ""443b599dca6666ab5976e2cf184c9398d48cda2b""}, ""timezone"": {""timezone_name"": ""UTC"", ""utc_offset_hours"": 0.0}, ""timestamp"": 1752416768.0}",443b599dca6666ab5976e2cf184c9398d48cda2b,2025-07-14T13:27:33,,UNSUPPORTED,,,,,,,"{""reason"": ""Solver does not support SOCP problems"", ""problem_type"": ""SOCP"", ""problem_class"": ""SOCP""}"
477,cvxpy_osqp,cvxpy-1.6.5-OSQP-1.0.4,DIMACS,nql180,SOCP,"{""cpu"": {""cpu_count"": 8, ""cpu_count_physical"": 8, ""processor"": ""arm"", ""architecture"": ""64bit""}, ""memory"": {""total_gb"": 24.0}, ""os"": {""system"": ""Darwin"", ""machine"": ""arm64"", ""release"": ""23.5.0""}, ""python"": {""implementation"": ""CPython"", ""version"": ""3.12.2"", ""version_info"": ""3.12.2""}, ""git"": {""commit_hash"": ""443b599dca6666ab5976e2cf184c9398d48cda2b""}, ""timezone"": {""timezone_name"": ""UTC"", ""utc_offset_hours"": 0.0}, ""timestamp"": 1752416768.0}",443b599dca6666ab5976e2cf184c9398d48cda2b,2025-07-14T13:27:34,,UNSUPPORTED,,,,,,,"{""reason"": ""Solver does not support SOCP problems"", ""problem_type"": ""SOCP"", ""problem_class"": ""SOCP""}"
1664,matlab_sdpt3,SDPT3-4.0-20240410 (MATLAB 24.1.0.2537033 (R2024a)),DIMACS,nql180,SOCP,"{""cpu"": {""cpu_count"": 8, ""cpu_count_physical"": 8, ""processor"": ""arm"", ""architecture"": ""64bit""}, ""memory"": {""total_gb"": 24.0}, ""os"": {""system"": ""Darwin"", ""machine"": ""arm64"", ""release"": ""23.5.0""}, ""python"": {""implementation"": ""CPython"", ""version"": ""3.12.2"", ""version_info"": ""3.12.2""}, ""git"": {""commit_hash"": ""96ca043787ef8c38515cfa8d108d16b61b823e04""}, ""timezone"": {""timezone_name"": ""UTC"", ""utc_offset_hours"": 0.0}, ""timestamp"": 1752926592.0}",96ca043787ef8c38515cfa8d108d16b61b823e04,2025-07-19T14:16:46,36.740298708333334,OPTIMAL,-0.9277286131116571,-0.927728620913157,7.801499890547348e-09,5.4916733095581286e-11,1.161702398637029e-12,58,"{""matlab_output"": {""solver_name"": ""SDPT3"", ""status"": ""optimal"", ""solve_time"": 36.740298708333334, ""setup_time"": [], ""iterations"": 58, ""primal_objective_value"": -0.9277286131116571, ""dual_objective_value"": -0.927728620913157, ""duality_gap"": 7.801499890547348e-09, ""primal_infeasibility"": 5.4916733095581286e-11, ""dual_infeasibility"": 1.161702398637029e-12, ""solver_version"": ""SDPT3-4.0-20240410"", ""solver_options"": {}, ""termination_reason"": """", ""error_message"": """", ""timestamp"": ""2025-07-19 23:16:42"", ""matlab_version"": ""24.1.0.2537033 (R2024a)""}, ""matlab_version"": ""24.1.0.2537033 (R2024a)"", ""solver_backend"": ""sdpt3"", ""execution_environment"": ""matlab"", ""problem_class"": ""SOCP""}"
1532,matlab_sedumi,SeDuMi-1.3.7 (MATLAB 24.1.0.2537033 (R2024a)),DIMACS,nql180,SOCP,"{""cpu"": {""cpu_count"": 8, ""cpu_count_physical"": 8, ""processor"": ""arm"", ""architecture"": ""64bit""}, ""memory"": {""total_gb"": 24.0}, ""os"": {""system"": ""Darwin"", ""machine"": ""arm64"", ""release"": ""23.5.0""}, ""python"": {""implementation"": ""CPython"", ""version"": ""3.12.2"", ""version_info"": ""3.12.2""}, ""git"": {""commit_hash"": ""96ca043787ef8c38515cfa8d108d16b61b823e04""}, ""timezone"": {""timezone_name"": ""UTC"", ""utc_offset_hours"": 0.0}, ""timestamp"": 1752926592.0}",96ca043787ef8c38515cfa8d108d16b61b823e04,2025-07-19T12:56:38,12.182909208333333,OPTIMAL,-0.9277236542726338,-0.9277138968827718,9.757389861975163e-06,1.0298591375138612e-09,1.071058841986682e-07,16,"{""matlab_output"": {""solver_name"": ""SeDuMi"", ""status"": ""optimal"", ""solve_time"": 12.182909208333333, ""setup_time"": [], ""iterations"": 16, ""primal_objective_value"": -0.9277236542726338, ""dual_objective_value"": -0.9277138968827718, ""duality_gap"": 9.757389861975163e-06, ""primal_infeasibility"": 1.0298591375138612e-09, ""dual_infeasibility"": 1.071058841986682e-07, ""solver_version"": ""SeDuMi-1.3.7"", ""solver_options"": {}, ""termination_reason"": """", ""error_message"": """", ""timestamp"": ""2025-07-19 21:56:34"", ""matlab_version"": ""24.1.0.2537033 (R2024a)""}, ""matlab_version"": ""24.1.0.2537033 (R2024a)"", ""solver_backend"": ""sedumi"", ""execution_environment"": ""matlab"", ""problem_class"": ""SOCP""}"
478,scipy_linprog,scipy-1.15.3,DIMACS,nql180,SOCP,"{""cpu"": {""cpu_count"": 8, ""cpu_count_physical"": 8, ""processor"": ""arm"", ""architecture"": ""64bit""}, ""memory"": {""total_gb"": 24.0}, ""os"": {""system"": ""Darwin"", ""machine"": ""arm64"", ""release"": ""23.5.0""}, ""python"": {""implementation"": ""CPython"", ""version"": ""3.12.2"", ""version_info"": ""3.12.2""}, ""git"": {""commit_hash"": ""443b599dca6666ab5976e2cf184c9398d48cda2b""}, ""timezone"": {""timezone_name"": ""UTC"", ""utc_offset_hours"": 0.0}, ""timestamp"": 1752416768.0}",443b599dca6666ab5976e2cf184c9398d48cda2b,2025-07-14T13:27:34,,UNSUPPORTED,,,,,,,"{""reason"": ""Solver does not support SOCP problems"", ""problem_type"": ""SOCP"", ""problem_class"": ""SOCP""}"
459,cvxpy_clarabel,cvxpy-1.6.5-CLARABEL-0.11.0,DIMACS,nql30,SOCP,"{""cpu"": {""cpu_count"": 8, ""cpu_count_physical"": 8, ""processor"": ""arm"", ""architecture"": ""64bit""}, ""memory"": {""total_gb"": 24.0}, ""os"": {""system"": ""Darwin"", ""machine"": ""arm64"", ""release"": ""23.5.0""}, ""python"": {""implementation"": ""CPython"", ""version"": ""3.12.2"", ""version_info"": ""3.12.2""}, ""git"": {""commit_hash"": ""443b599dca6666ab5976e2cf184c9398d48cda2b""}, ""timezone"": {""timezone_name"": ""UTC"", ""utc_offset_hours"": 0.0}, ""timestamp"": 1752416768.0}",443b599dca6666ab5976e2cf184c9398d48cda2b,2025-07-14T13:05:58,21.510102033615112,OPTIMAL,-0.9460280973730932,-0.9460280998223545,2.4492612382687184e-09,1.956251612313512e-08,1.3360942438602618e-08,15,"{""solver_solve_time"": 0.080912458, ""problem_class"": ""SOCP""}"
460,cvxpy_cvxopt,unknown,DIMACS,nql30,SOCP,"{""cpu"": {""cpu_count"": 8, ""cpu_count_physical"": 8, ""processor"": ""arm"", ""architecture"": ""64bit""}, ""memory"": {""total_gb"": 24.0}, ""os"": {""system"": ""Darwin"", ""machine"": ""arm64"", ""release"": ""23.5.0""}, ""python"": {""implementation"": ""CPython"", ""version"": ""3.12.2"", ""version_info"": ""3.12.2""}, ""git"": {""commit_hash"": ""443b599dca6666ab5976e2cf184c9398d48cda2b""}, ""timezone"": {""timezone_name"": ""UTC"", ""utc_offset_hours"": 0.0}, ""timestamp"": 1752416768.0}",443b599dca6666ab5976e2cf184c9398d48cda2b,2025-07-14T13:06:20,22.299565076828003,ERROR,,,,,,,"{""error_message"": ""Solver 'CVXOPT' failed. Try another solver, or solve with verbose=True for more information."", ""problem_class"": ""SOCP""}"
467,cvxpy_ecos,cvxpy-1.6.5-ECOS-2.0.14,DIMACS,nql30,SOCP,"{""cpu"": {""cpu_count"": 8, ""cpu_count_physical"": 8, ""processor"": ""arm"", ""architecture"": ""64bit""}, ""memory"": {""total_gb"": 24.0}, ""os"": {""system"": ""Darwin"", ""machine"": ""arm64"", ""release"": ""23.5.0""}, ""python"": {""implementation"": ""CPython"", ""version"": ""3.12.2"", ""version_info"": ""3.12.2""}, ""git"": {""commit_hash"": ""443b599dca6666ab5976e2cf184c9398d48cda2b""}, ""timezone"": {""timezone_name"": ""UTC"", ""utc_offset_hours"": 0.0}, ""timestamp"": 1752416768.0}",443b599dca6666ab5976e2cf184c9398d48cda2b,2025-07-14T13:10:22,21.114145040512085,OPTIMAL (INACCURATE),-0.9460284749224446,-0.9460284748518045,-7.064004936552237e-11,3.478855069906872e-11,8.506553783847303e-09,63,"{""solver_solve_time"": 0.339042, ""problem_class"": ""SOCP""}"
461,cvxpy_ecos,cvxpy-1.6.5-ECOS-2.0.14,DIMACS,nql30,SOCP,"{""cpu"": {""cpu_count"": 8, ""cpu_count_physical"": 8, ""processor"": ""arm"", ""architecture"": ""64bit""}, ""memory"": {""total_gb"": 24.0}, ""os"": {""system"": ""Darwin"", ""machine"": ""arm64"", ""release"": ""23.5.0""}, ""python"": {""implementation"": ""CPython"", ""version"": ""3.12.2"", ""version_info"": ""3.12.2""}, ""git"": {""commit_hash"": ""443b599dca6666ab5976e2cf184c9398d48cda2b""}, ""timezone"": {""timezone_name"": ""UTC"", ""utc_offset_hours"": 0.0}, ""timestamp"": 1752416768.0}",443b599dca6666ab5976e2cf184c9398d48cda2b,2025-07-14T13:06:42,21.298002243041992,OPTIMAL (INACCURATE),-0.9460284749224446,-0.9460284748518045,-7.064004936552237e-11,3.478855069906872e-11,8.506553783847303e-09,63,"{""solver_solve_time"": 0.339001291, ""problem_class"": ""SOCP""}"
462,cvxpy_highs,cvxpy-1.6.5-HIGHS-1.11.0,DIMACS,nql30,SOCP,"{""cpu"": {""cpu_count"": 8, ""cpu_count_physical"": 8, ""processor"": ""arm"", ""architecture"": ""64bit""}, ""memory"": {""total_gb"": 24.0}, ""os"": {""system"": ""Darwin"", ""machine"": ""arm64"", ""release"": ""23.5.0""}, ""python"": {""implementation"": ""CPython"", ""version"": ""3.12.2"", ""version_info"": ""3.12.2""}, ""git"": {""commit_hash"": ""443b599dca6666ab5976e2cf184c9398d48cda2b""}, ""timezone"": {""timezone_name"": ""UTC"", ""utc_offset_hours"": 0.0}, ""timestamp"": 1752416768.0}",443b599dca6666ab5976e2cf184c9398d48cda2b,2025-07-14T13:06:42,,UNSUPPORTED,,,,,,,"{""reason"": ""Solver does not support SOCP problems"", ""problem_type"": ""SOCP"", ""problem_class"": ""SOCP""}"
463,cvxpy_osqp,cvxpy-1.6.5-OSQP-1.0.4,DIMACS,nql30,SOCP,"{""cpu"": {""cpu_count"": 8, ""cpu_count_physical"": 8, ""processor"": ""arm"", ""architecture"": ""64bit""}, ""memory"": {""total_gb"": 24.0}, ""os"": {""system"": ""Darwin"", ""machine"": ""arm64"", ""release"": ""23.5.0""}, ""python"": {""implementation"": ""CPython"", ""version"": ""3.12.2"", ""version_info"": ""3.12.2""}, ""git"": {""commit_hash"": ""443b599dca6666ab5976e2cf184c9398d48cda2b""}, ""timezone"": {""timezone_name"": ""UTC"", ""utc_offset_hours"": 0.0}, ""timestamp"": 1752416768.0}",443b599dca6666ab5976e2cf184c9398d48cda2b,2025-07-14T13:06:42,,UNSUPPORTED,,,,,,,"{""reason"": ""Solver does not support SOCP problems"", ""problem_type"": ""SOCP"", ""problem_class"": ""SOCP""}"
466,cvxpy_scip,cvxpy-1.6.5-SCIP-5.5.0,DIMACS,nql30,SOCP,"{""cpu"": {""cpu_count"": 8, ""cpu_count_physical"": 8, ""processor"": ""arm"", ""architecture"": ""64bit""}, ""memory"": {""total_gb"": 24.0}, ""os"": {""system"": ""Darwin"", ""machine"": ""arm64"", ""release"": ""23.5.0""}, ""python"": {""implementation"": ""CPython"", ""version"": ""3.12.2"", ""version_info"": ""3.12.2""}, ""git"": {""commit_hash"": ""443b599dca6666ab5976e2cf184c9398d48cda2b""}, ""timezone"": {""timezone_name"": ""UTC"", ""utc_offset_hours"": 0.0}, ""timestamp"": 1752416768.0}",443b599dca6666ab5976e2cf184c9398d48cda2b,2025-07-14T13:09:57,57.389968156814575,OPTIMAL,,-0.9316011995967092,,,0.0004163234009667355,,"{""solver_solve_time"": null, ""problem_class"": ""SOCP""}"
464,cvxpy_scs,cvxpy-1.6.5-SCS-3.2.7.post2,DIMACS,nql30,SOCP,"{""cpu"": {""cpu_count"": 8, ""cpu_count_physical"": 8, ""processor"": ""arm"", ""architecture"": ""64bit""}, ""memory"": {""total_gb"": 24.0}, ""os"": {""system"": ""Darwin"", ""machine"": ""arm64"", ""release"": ""23.5.0""}, ""python"": {""implementation"": ""CPython"", ""version"": ""3.12.2"", ""version_info"": ""3.12.2""}, ""git"": {""commit_hash"": ""443b599dca6666ab5976e2cf184c9398d48cda2b""}, ""timezone"": {""timezone_name"": ""UTC"", ""utc_offset_hours"": 0.0}, ""timestamp"": 1752416768.0}",443b599dca6666ab5976e2cf184c9398d48cda2b,2025-07-14T13:08:05,20.956520080566406,OPTIMAL,-0.9460027956114715,-0.9459981676622777,-4.627949193758418e-06,2.900046732074137e-06,1.0668505768545404e-05,475,"{""solver_solve_time"": 0.163330708, ""problem_class"": ""SOCP""}"
465,cvxpy_sdpa,unknown,DIMACS,nql30,SOCP,"{""cpu"": {""cpu_count"": 8, ""cpu_count_physical"": 8, ""processor"": ""arm"", ""architecture"": ""64bit""}, ""memory"": {""total_gb"": 24.0}, ""os"": {""system"": ""Darwin"", ""machine"": ""arm64"", ""release"": ""23.5.0""}, ""python"": {""implementation"": ""CPython"", ""version"": ""3.12.2"", ""version_info"": ""3.12.2""}, ""git"": {""commit_hash"": ""443b599dca6666ab5976e2cf184c9398d48cda2b""}, ""timezone"": {""timezone_name"": ""UTC"", ""utc_offset_hours"": 0.0}, ""timestamp"": 1752416768.0}",443b599dca6666ab5976e2cf184c9398d48cda2b,2025-07-14T13:08:54,42.34715795516968,ERROR,,,,,,,"{""error_message"": ""Solver 'SDPA' failed. Try another solver, or solve with verbose=True for more information."", ""problem_class"": ""SOCP""}"
1649,matlab_sdpt3,SDPT3-4.0-20240410 (MATLAB 24.1.0.2537033 (R2024a)),DIMACS,nql30,SOCP,"{""cpu"": {""cpu_count"": 8, ""cpu_count_physical"": 8, ""processor"": ""arm"", ""architecture"": ""64bit""}, ""memory"": {""total_gb"": 24.0}, ""os"": {""system"": ""Darwin"", ""machine"": ""arm64"", ""release"": ""23.5.0""}, ""python"": {""implementation"": ""CPython"", ""version"": ""3.12.2"", ""version_info"": ""3.12.2""}, ""git"": {""commit_hash"": ""96ca043787ef8c38515cfa8d108d16b61b823e04""}, ""timezone"": {""timezone_name"": ""UTC"", ""utc_offset_hours"": 0.0}, ""timestamp"": 1752926592.0}",96ca043787ef8c38515cfa8d108d16b61b823e04,2025-07-19T14:06:39,0.9404508333333333,OPTIMAL,-0.9460284865934897,-0.9460284991390998,1.2545610106329264e-08,6.250873663071201e-11,2.95124542471296e-11,37,"{""matlab_output"": {""solver_name"": ""SDPT3"", ""status"": ""optimal"", ""solve_time"": 0.9404508333333333, ""setup_time"": [], ""iterations"": 37, ""primal_objective_value"": -0.9460284865934897, ""dual_objective_value"": -0.9460284991390998, ""duality_gap"": 1.2545610106329264e-08, ""primal_infeasibility"": 6.250873663071201e-11, ""dual_infeasibility"": 2.95124542471296e-11, ""solver_version"": ""SDPT3-4.0-20240410"", ""solver_options"": {}, ""termination_reason"": """", ""error_message"": """", ""timestamp"": ""2025-07-19 23:06:36"", ""matlab_version"": ""24.1.0.2537033 (R2024a)""}, ""matlab_version"": ""24.1.0.2537033 (R2024a)"", ""solver_backend"": ""sdpt3"", ""execution_environment"": ""matlab"", ""problem_class"": ""SOCP""}"
1519,matlab_sedumi,SeDuMi-1.3.7 (MATLAB 24.1.0.2537033 (R2024a)),DIMACS,nql30,SOCP,"{""cpu"": {""cpu_count"": 8, ""cpu_count_physical"": 8, ""processor"": ""arm"", ""architecture"": ""64bit""}, ""memory"": {""total_gb"": 24.0}, ""os"": {""system"": ""Darwin"", ""machine"": ""arm64"", ""release"": ""23.5.0""}, ""python"": {""implementation"": ""CPython"", ""version"": ""3.12.2"", ""version_info"": ""3.12.2""}, ""git"": {""commit_hash"": ""96ca043787ef8c38515cfa8d108d16b61b823e04""}, ""timezone"": {""timezone_name"": ""UTC"", ""utc_offset_hours"": 0.0}, ""timestamp"": 1752926592.0}",96ca043787ef8c38515cfa8d108d16b61b823e04,2025-07-19T12:47:15,0.4045484166666667,OPTIMAL,-0.9460278817820568,-0.9460275595123333,3.2226972346283134e-07,8.718969712675225e-10,1.4556998452282358e-08,15,"{""matlab_output"": {""solver_name"": ""SeDuMi"", ""status"": ""optimal"", ""solve_time"": 0.4045484166666667, ""setup_time"": [], ""iterations"": 15, ""primal_objective_value"": -0.9460278817820568, ""dual_objective_value"": -0.9460275595123333, ""duality_gap"": 3.2226972346283134e-07, ""primal_infeasibility"": 8.718969712675225e-10, ""dual_infeasibility"": 1.4556998452282358e-08, ""solver_version"": ""SeDuMi-1.3.7"", ""solver_options"": {}, ""termination_reason"": """", ""error_message"": """", ""timestamp"": ""2025-07-19 21:47:11"", ""matlab_version"": ""24.1.0.2537033 (R2024a)""}, ""matlab_version"": ""24.1.0.2537033 (R2024a)"", ""solver_backend"": ""sedumi"", ""execution_environment"": ""matlab"", ""problem_class"": ""SOCP""}"
468,scipy_linprog,scipy-1.15.3,DIMACS,nql30,SOCP,"{""cpu"": {""cpu_count"": 8, ""cpu_count_physical"": 8, ""processor"": ""arm"", ""architecture"": ""64bit""}, ""memory"": {""total_gb"": 24.0}, ""os"": {""system"": ""Darwin"", ""machine"": ""arm64"", ""release"": ""23.5.0""}, ""python"": {""implementation"": ""CPython"", ""version"": ""3.12.2"", ""version_info"": ""3.12.2""}, ""git"": {""commit_hash"": ""443b599dca6666ab5976e2cf184c9398d48cda2b""}, ""timezone"": {""timezone_name"": ""UTC"", ""utc_offset_hours"": 0.0}, ""timestamp"": 1752416768.0}",443b599dca6666ab5976e2cf184c9398d48cda2b,2025-07-14T13:11:21,,UNSUPPORTED,,,,,,,"{""reason"": ""Solver does not support SOCP problems"", ""problem_type"": ""SOCP"", ""problem_class"": ""SOCP""}"
471,cvxpy_highs,cvxpy-1.6.5-HIGHS-1.11.0,DIMACS,nql60,SOCP,"{""cpu"": {""cpu_count"": 8, ""cpu_count_physical"": 8, ""processor"": ""arm"", ""architecture"": ""64bit""}, ""memory"": {""total_gb"": 24.0}, ""os"": {""system"": ""Darwin"", ""machine"": ""arm64"", ""release"": ""23.5.0""}, ""python"": {""implementation"": ""CPython"", ""version"": ""3.12.2"", ""version_info"": ""3.12.2""}, ""git"": {""commit_hash"": ""443b599dca6666ab5976e2cf184c9398d48cda2b""}, ""timezone"": {""timezone_name"": ""UTC"", ""utc_offset_hours"": 0.0}, ""timestamp"": 1752416768.0}",443b599dca6666ab5976e2cf184c9398d48cda2b,2025-07-14T13:16:42,,UNSUPPORTED,,,,,,,"{""reason"": ""Solver does not support SOCP problems"", ""problem_type"": ""SOCP"", ""problem_class"": ""SOCP""}"
472,cvxpy_osqp,cvxpy-1.6.5-OSQP-1.0.4,DIMACS,nql60,SOCP,"{""cpu"": {""cpu_count"": 8, ""cpu_count_physical"": 8, ""processor"": ""arm"", ""architecture"": ""64bit""}, ""memory"": {""total_gb"": 24.0}, ""os"": {""system"": ""Darwin"", ""machine"": ""arm64"", ""release"": ""23.5.0""}, ""python"": {""implementation"": ""CPython"", ""version"": ""3.12.2"", ""version_info"": ""3.12.2""}, ""git"": {""commit_hash"": ""443b599dca6666ab5976e2cf184c9398d48cda2b""}, ""timezone"": {""timezone_name"": ""UTC"", ""utc_offset_hours"": 0.0}, ""timestamp"": 1752416768.0}",443b599dca6666ab5976e2cf184c9398d48cda2b,2025-07-14T13:16:42,,UNSUPPORTED,,,,,,,"{""reason"": ""Solver does not support SOCP problems"", ""problem_type"": ""SOCP"", ""problem_class"": ""SOCP""}"
1663,matlab_sdpt3,SDPT3-4.0-20240410 (MATLAB 24.1.0.2537033 (R2024a)),DIMACS,nql60,SOCP,"{""cpu"": {""cpu_count"": 8, ""cpu_count_physical"": 8, ""processor"": ""arm"", ""architecture"": ""64bit""}, ""memory"": {""total_gb"": 24.0}, ""os"": {""system"": ""Darwin"", ""machine"": ""arm64"", ""release"": ""23.5.0""}, ""python"": {""implementation"": ""CPython"", ""version"": ""3.12.2"", ""version_info"": ""3.12.2""}, ""git"": {""commit_hash"": ""96ca043787ef8c38515cfa8d108d16b61b823e04""}, ""timezone"": {""timezone_name"": ""UTC"", ""utc_offset_hours"": 0.0}, ""timestamp"": 1752926592.0}",96ca043787ef8c38515cfa8d108d16b61b823e04,2025-07-19T14:16:03,4.5348270416666665,OPTIMAL,-0.9350529216589623,-0.9350529430516714,2.1392709159684387e-08,4.568144423812863e-11,3.3090660555122834e-11,42,"{""matlab_output"": {""solver_name"": ""SDPT3"", ""status"": ""optimal"", ""solve_time"": 4.5348270416666665, ""setup_time"": [], ""iterations"": 42, ""primal_objective_value"": -0.9350529216589623, ""dual_objective_value"": -0.9350529430516714, ""duality_gap"": 2.1392709159684387e-08, ""primal_infeasibility"": 4.568144423812863e-11, ""dual_infeasibility"": 3.3090660555122834e-11, ""solver_version"": ""SDPT3-4.0-20240410"", ""solver_options"": {}, ""termination_reason"": """", ""error_message"": """", ""timestamp"": ""2025-07-19 23:15:59"", ""matlab_version"": ""24.1.0.2537033 (R2024a)""}, ""matlab_version"": ""24.1.0.2537033 (R2024a)"", ""solver_backend"": ""sdpt3"", ""execution_environment"": ""matlab"", ""problem_class"": ""SOCP""}"
1531,matlab_sedumi,SeDuMi-1.3.7 (MATLAB 24.1.0.2537033 (R2024a)),DIMACS,nql60,SOCP,"{""cpu"": {""cpu_count"": 8, ""cpu_count_physical"": 8, ""processor"": ""arm"", ""architecture"": ""64bit""}, ""memory"": {""total_gb"": 24.0}, ""os"": {""system"": ""Darwin"", ""machine"": ""arm64"", ""release"": ""23.5.0""}, ""python"": {""implementation"": ""CPython"", ""version"": ""3.12.2"", ""version_info"": ""3.12.2""}, ""git"": {""commit_hash"": ""96ca043787ef8c38515cfa8d108d16b61b823e04""}, ""timezone"": {""timezone_name"": ""UTC"", ""utc_offset_hours"": 0.0}, ""timestamp"": 1752926592.0}",96ca043787ef8c38515cfa8d108d16b61b823e04,2025-07-19T12:56:19,0.9663814166666667,OPTIMAL,-0.9350511855008967,-0.9350485012990968,2.6842017999406664e-06,5.844691781034275e-10,4.421947097574071e-08,14,"{""matlab_output"": {""solver_name"": ""SeDuMi"", ""status"": ""optimal"", ""solve_time"": 0.9663814166666667, ""setup_time"": [], ""iterations"": 14, ""primal_objective_value"": -0.9350511855008967, ""dual_objective_value"": -0.9350485012990968, ""duality_gap"": 2.6842017999406664e-06, ""primal_infeasibility"": 5.844691781034275e-10, ""dual_infeasibility"": 4.421947097574071e-08, ""solver_version"": ""SeDuMi-1.3.7"", ""solver_options"": {}, ""termination_reason"": """", ""error_message"": """", ""timestamp"": ""2025-07-19 21:56:16"", ""matlab_version"": ""24.1.0.2537033 (R2024a)""}, ""matlab_version"": ""24.1.0.2537033 (R2024a)"", ""solver_backend"": ""sedumi"", ""execution_environment"": ""matlab"", ""problem_class"": ""SOCP""}"
473,scipy_linprog,scipy-1.15.3,DIMACS,nql60,SOCP,"{""cpu"": {""cpu_count"": 8, ""cpu_count_physical"": 8, ""processor"": ""arm"", ""architecture"": ""64bit""}, ""memory"": {""total_gb"": 24.0}, ""os"": {""system"": ""Darwin"", ""machine"": ""arm64"", ""release"": ""23.5.0""}, ""python"": {""implementation"": ""CPython"", ""version"": ""3.12.2"", ""version_info"": ""3.12.2""}, ""git"": {""commit_hash"": ""443b599dca6666ab5976e2cf184c9398d48cda2b""}, ""timezone"": {""timezone_name"": ""UTC"", ""utc_offset_hours"": 0.0}, ""timestamp"": 1752416768.0}",443b599dca6666ab5976e2cf184c9398d48cda2b,2025-07-14T13:16:42,,UNSUPPORTED,,,,,,,"{""reason"": ""Solver does not support SOCP problems"", ""problem_type"": ""SOCP"", ""problem_class"": ""SOCP""}"
512,cvxpy_clarabel,cvxpy-1.6.5-CLARABEL-0.11.0,DIMACS,qssp30,SOCP,"{""cpu"": {""cpu_count"": 8, ""cpu_count_physical"": 8, ""processor"": ""arm"", ""architecture"": ""64bit""}, ""memory"": {""total_gb"": 24.0}, ""os"": {""system"": ""Darwin"", ""machine"": ""arm64"", ""release"": ""23.5.0""}, ""python"": {""implementation"": ""CPython"", ""version"": ""3.12.2"", ""version_info"": ""3.12.2""}, ""git"": {""commit_hash"": ""443b599dca6666ab5976e2cf184c9398d48cda2b""}, ""timezone"": {""timezone_name"": ""UTC"", ""utc_offset_hours"": 0.0}, ""timestamp"": 1752416768.0}",443b599dca6666ab5976e2cf184c9398d48cda2b,2025-07-14T14:04:07,52.38844394683838,OPTIMAL,-6.496675072773684,-6.496675072817704,4.4019898837177607e-11,8.612756727893201e-10,3.714323041760762e-09,19,"{""solver_solve_time"": 0.12342425, ""problem_class"": ""SOCP""}"
513,cvxpy_cvxopt,cvxpy-1.6.5-CVXOPT-1.3.2,DIMACS,qssp30,SOCP,"{""cpu"": {""cpu_count"": 8, ""cpu_count_physical"": 8, ""processor"": ""arm"", ""architecture"": ""64bit""}, ""memory"": {""total_gb"": 24.0}, ""os"": {""system"": ""Darwin"", ""machine"": ""arm64"", ""release"": ""23.5.0""}, ""python"": {""implementation"": ""CPython"", ""version"": ""3.12.2"", ""version_info"": ""3.12.2""}, ""git"": {""commit_hash"": ""443b599dca6666ab5976e2cf184c9398d48cda2b""}, ""timezone"": {""timezone_name"": ""UTC"", ""utc_offset_hours"": 0.0}, ""timestamp"": 1752416768.0}",443b599dca6666ab5976e2cf184c9398d48cda2b,2025-07-14T14:05:37,77.06227493286133,OPTIMAL,-6.496674199067025,-6.496674193174276,-5.892748511371337e-09,2.237809310520621e-09,8.622386895665068e-09,,"{""iteration_info_limitation"": ""CVXOPT does not provide iteration count through CVXPY"", ""solver_solve_time"": null, ""problem_class"": ""SOCP""}"
514,cvxpy_ecos,cvxpy-1.6.5-ECOS-2.0.14,DIMACS,qssp30,SOCP,"{""cpu"": {""cpu_count"": 8, ""cpu_count_physical"": 8, ""processor"": ""arm"", ""architecture"": ""64bit""}, ""memory"": {""total_gb"": 24.0}, ""os"": {""system"": ""Darwin"", ""machine"": ""arm64"", ""release"": ""23.5.0""}, ""python"": {""implementation"": ""CPython"", ""version"": ""3.12.2"", ""version_info"": ""3.12.2""}, ""git"": {""commit_hash"": ""443b599dca6666ab5976e2cf184c9398d48cda2b""}, ""timezone"": {""timezone_name"": ""UTC"", ""utc_offset_hours"": 0.0}, ""timestamp"": 1752416768.0}",443b599dca6666ab5976e2cf184c9398d48cda2b,2025-07-14T14:07:31,52.14936709403992,OPTIMAL,-6.496675716987453,-6.496675716971549,-1.5903722783150442e-11,7.350808444749379e-13,7.798431676338478e-10,17,"{""solver_solve_time"": 0.17480625, ""problem_class"": ""SOCP""}"
515,cvxpy_highs,cvxpy-1.6.5-HIGHS-1.11.0,DIMACS,qssp30,SOCP,"{""cpu"": {""cpu_count"": 8, ""cpu_count_physical"": 8, ""processor"": ""arm"", ""architecture"": ""64bit""}, ""memory"": {""total_gb"": 24.0}, ""os"": {""system"": ""Darwin"", ""machine"": ""arm64"", ""release"": ""23.5.0""}, ""python"": {""implementation"": ""CPython"", ""version"": ""3.12.2"", ""version_info"": ""3.12.2""}, ""git"": {""commit_hash"": ""443b599dca6666ab5976e2cf184c9398d48cda2b""}, ""timezone"": {""timezone_name"": ""UTC"", ""utc_offset_hours"": 0.0}, ""timestamp"": 1752416768.0}",443b599dca6666ab5976e2cf184c9398d48cda2b,2025-07-14T14:07:41,,UNSUPPORTED,,,,,,,"{""reason"": ""Solver does not support SOCP problems"", ""problem_type"": ""SOCP"", ""problem_class"": ""SOCP""}"
516,cvxpy_osqp,cvxpy-1.6.5-OSQP-1.0.4,DIMACS,qssp30,SOCP,"{""cpu"": {""cpu_count"": 8, ""cpu_count_physical"": 8, ""processor"": ""arm"", ""architecture"": ""64bit""}, ""memory"": {""total_gb"": 24.0}, ""os"": {""system"": ""Darwin"", ""machine"": ""arm64"", ""release"": ""23.5.0""}, ""python"": {""implementation"": ""CPython"", ""version"": ""3.12.2"", ""version_info"": ""3.12.2""}, ""git"": {""commit_hash"": ""443b599dca6666ab5976e2cf184c9398d48cda2b""}, ""timezone"": {""timezone_name"": ""UTC"", ""utc_offset_hours"": 0.0}, ""timestamp"": 1752416768.0}",443b599dca6666ab5976e2cf184c9398d48cda2b,2025-07-14T14:07:41,,UNSUPPORTED,,,,,,,"{""reason"": ""Solver does not support SOCP problems"", ""problem_type"": ""SOCP"", ""problem_class"": ""SOCP""}"
517,cvxpy_scs,cvxpy-1.6.5-SCS-3.2.7.post2,DIMACS,qssp30,SOCP,"{""cpu"": {""cpu_count"": 8, ""cpu_count_physical"": 8, ""processor"": ""arm"", ""architecture"": ""64bit""}, ""memory"": {""total_gb"": 24.0}, ""os"": {""system"": ""Darwin"", ""machine"": ""arm64"", ""release"": ""23.5.0""}, ""python"": {""implementation"": ""CPython"", ""version"": ""3.12.2"", ""version_info"": ""3.12.2""}, ""git"": {""commit_hash"": ""443b599dca6666ab5976e2cf184c9398d48cda2b""}, ""timezone"": {""timezone_name"": ""UTC"", ""utc_offset_hours"": 0.0}, ""timestamp"": 1752416768.0}",443b599dca6666ab5976e2cf184c9398d48cda2b,2025-07-14T14:12:59,57.17706084251404,OPTIMAL,-6.496662894119256,-6.496659451196209,-3.4429230471033634e-06,8.634202940522347e-08,5.405298460172423e-06,14375,"{""solver_solve_time"": 5.181465375, ""problem_class"": ""SOCP""}"
518,cvxpy_sdpa,unknown,DIMACS,qssp30,SOCP,"{""cpu"": {""cpu_count"": 8, ""cpu_count_physical"": 8, ""processor"": ""arm"", ""architecture"": ""64bit""}, ""memory"": {""total_gb"": 24.0}, ""os"": {""system"": ""Darwin"", ""machine"": ""arm64"", ""release"": ""23.5.0""}, ""python"": {""implementation"": ""CPython"", ""version"": ""3.12.2"", ""version_info"": ""3.12.2""}, ""git"": {""commit_hash"": ""443b599dca6666ab5976e2cf184c9398d48cda2b""}, ""timezone"": {""timezone_name"": ""UTC"", ""utc_offset_hours"": 0.0}, ""timestamp"": 1752416768.0}",443b599dca6666ab5976e2cf184c9398d48cda2b,2025-07-14T14:14:57,104.95400619506836,ERROR,,,,,,,"{""error_message"": ""Solver 'SDPA' failed. Try another solver, or solve with verbose=True for more information."", ""problem_class"": ""SOCP""}"
1651,matlab_sdpt3,SDPT3-4.0-20240410 (MATLAB 24.1.0.2537033 (R2024a)),DIMACS,qssp30,SOCP,"{""cpu"": {""cpu_count"": 8, ""cpu_count_physical"": 8, ""processor"": ""arm"", ""architecture"": ""64bit""}, ""memory"": {""total_gb"": 24.0}, ""os"": {""system"": ""Darwin"", ""machine"": ""arm64"", ""release"": ""23.5.0""}, ""python"": {""implementation"": ""CPython"", ""version"": ""3.12.2"", ""version_info"": ""3.12.2""}, ""git"": {""commit_hash"": ""96ca043787ef8c38515cfa8d108d16b61b823e04""}, ""timezone"": {""timezone_name"": ""UTC"", ""utc_offset_hours"": 0.0}, ""timestamp"": 1752926592.0}",96ca043787ef8c38515cfa8d108d16b61b823e04,2025-07-19T14:06:50,0.7027917083333334,UNKNOWN,-6.4966770139444625,-6.496675726860695,1.2870837675649227e-06,7.454748459602961e-09,2.2293203875515626e-08,21,"{""matlab_output"": {""solver_name"": ""SDPT3"", ""status"": ""unknown"", ""solve_time"": 0.7027917083333334, ""setup_time"": [], ""iterations"": 21, ""primal_objective_value"": -6.4966770139444625, ""dual_objective_value"": -6.496675726860695, ""duality_gap"": 1.2870837675649227e-06, ""primal_infeasibility"": 7.454748459602961e-09, ""dual_infeasibility"": 2.2293203875515626e-08, ""solver_version"": ""SDPT3-4.0-20240410"", ""solver_options"": {}, ""termination_reason"": """", ""error_message"": """", ""timestamp"": ""2025-07-19 23:06:47"", ""matlab_version"": ""24.1.0.2537033 (R2024a)""}, ""matlab_version"": ""24.1.0.2537033 (R2024a)"", ""solver_backend"": ""sdpt3"", ""execution_environment"": ""matlab"", ""problem_class"": ""SOCP""}"
1521,matlab_sedumi,SeDuMi-1.3.7 (MATLAB 24.1.0.2537033 (R2024a)),DIMACS,qssp30,SOCP,"{""cpu"": {""cpu_count"": 8, ""cpu_count_physical"": 8, ""processor"": ""arm"", ""architecture"": ""64bit""}, ""memory"": {""total_gb"": 24.0}, ""os"": {""system"": ""Darwin"", ""machine"": ""arm64"", ""release"": ""23.5.0""}, ""python"": {""implementation"": ""CPython"", ""version"": ""3.12.2"", ""version_info"": ""3.12.2""}, ""git"": {""commit_hash"": ""96ca043787ef8c38515cfa8d108d16b61b823e04""}, ""timezone"": {""timezone_name"": ""UTC"", ""utc_offset_hours"": 0.0}, ""timestamp"": 1752926592.0}",96ca043787ef8c38515cfa8d108d16b61b823e04,2025-07-19T12:47:27,0.49142,OPTIMAL,-6.49666909788267,-6.496669087168537,1.0714132692157818e-08,7.182734585341389e-10,3.7263864829751396e-08,20,"{""matlab_output"": {""solver_name"": ""SeDuMi"", ""status"": ""optimal"", ""solve_time"": 0.49142, ""setup_time"": [], ""iterations"": 20, ""primal_objective_value"": -6.49666909788267, ""dual_objective_value"": -6.496669087168537, ""duality_gap"": 1.0714132692157818e-08, ""primal_infeasibility"": 7.182734585341389e-10, ""dual_infeasibility"": 3.7263864829751396e-08, ""solver_version"": ""SeDuMi-1.3.7"", ""solver_options"": {}, ""termination_reason"": """", ""error_message"": """", ""timestamp"": ""2025-07-19 21:47:24"", ""matlab_version"": ""24.1.0.2537033 (R2024a)""}, ""matlab_version"": ""24.1.0.2537033 (R2024a)"", ""solver_backend"": ""sedumi"", ""execution_environment"": ""matlab"", ""problem_class"": ""SOCP""}"
519,scipy_linprog,scipy-1.15.3,DIMACS,qssp30,SOCP,"{""cpu"": {""cpu_count"": 8, ""cpu_count_physical"": 8, ""processor"": ""arm"", ""architecture"": ""64bit""}, ""memory"": {""total_gb"": 24.0}, ""os"": {""system"": ""Darwin"", ""machine"": ""arm64"", ""release"": ""23.5.0""}, ""python"": {""implementation"": ""CPython"", ""version"": ""3.12.2"", ""version_info"": ""3.12.2""}, ""git"": {""commit_hash"": ""443b599dca6666ab5976e2cf184c9398d48cda2b""}, ""timezone"": {""timezone_name"": ""UTC"", ""utc_offset_hours"": 0.0}, ""timestamp"": 1752416768.0}",443b599dca6666ab5976e2cf184c9398d48cda2b,2025-07-14T14:14:57,,UNSUPPORTED,,,,,,,"{""reason"": ""Solver does not support SOCP problems"", ""problem_type"": ""SOCP"", ""problem_class"": ""SOCP""}"
522,cvxpy_highs,cvxpy-1.6.5-HIGHS-1.11.0,DIMACS,qssp60,SOCP,"{""cpu"": {""cpu_count"": 8, ""cpu_count_physical"": 8, ""processor"": ""arm"", ""architecture"": ""64bit""}, ""memory"": {""total_gb"": 24.0}, ""os"": {""system"": ""Darwin"", ""machine"": ""arm64"", ""release"": ""23.5.0""}, ""python"": {""implementation"": ""CPython"", ""version"": ""3.12.2"", ""version_info"": ""3.12.2""}, ""git"": {""commit_hash"": ""443b599dca6666ab5976e2cf184c9398d48cda2b""}, ""timezone"": {""timezone_name"": ""UTC"", ""utc_offset_hours"": 0.0}, ""timestamp"": 1752416768.0}",443b599dca6666ab5976e2cf184c9398d48cda2b,2025-07-14T14:24:38,,UNSUPPORTED,,,,,,,"{""reason"": ""Solver does not support SOCP problems"", ""problem_type"": ""SOCP"", ""problem_class"": ""SOCP""}"
523,cvxpy_osqp,cvxpy-1.6.5-OSQP-1.0.4,DIMACS,qssp60,SOCP,"{""cpu"": {""cpu_count"": 8, ""cpu_count_physical"": 8, ""processor"": ""arm"", ""architecture"": ""64bit""}, ""memory"": {""total_gb"": 24.0}, ""os"": {""system"": ""Darwin"", ""machine"": ""arm64"", ""release"": ""23.5.0""}, ""python"": {""implementation"": ""CPython"", ""version"": ""3.12.2"", ""version_info"": ""3.12.2""}, ""git"": {""commit_hash"": ""443b599dca6666ab5976e2cf184c9398d48cda2b""}, ""timezone"": {""timezone_name"": ""UTC"", ""utc_offset_hours"": 0.0}, ""timestamp"": 1752416768.0}",443b599dca6666ab5976e2cf184c9398d48cda2b,2025-07-14T14:24:38,,UNSUPPORTED,,,,,,,"{""reason"": ""Solver does not support SOCP problems"", ""problem_type"": ""SOCP"", ""problem_class"": ""SOCP""}"
1667,matlab_sdpt3,SDPT3-4.0-20240410 (MATLAB 24.1.0.2537033 (R2024a)),DIMACS,qssp60,SOCP,"{""cpu"": {""cpu_count"": 8, ""cpu_count_physical"": 8, ""processor"": ""arm"", ""architecture"": ""64bit""}, ""memory"": {""total_gb"": 24.0}, ""os"": {""system"": ""Darwin"", ""machine"": ""arm64"", ""release"": ""23.5.0""}, ""python"": {""implementation"": ""CPython"", ""version"": ""3.12.2"", ""version_info"": ""3.12.2""}, ""git"": {""commit_hash"": ""96ca043787ef8c38515cfa8d108d16b61b823e04""}, ""timezone"": {""timezone_name"": ""UTC"", ""utc_offset_hours"": 0.0}, ""timestamp"": 1752926592.0}",96ca043787ef8c38515cfa8d108d16b61b823e04,2025-07-19T14:18:35,2.3680329166666665,UNKNOWN,-6.562707043774328,-6.562705418128809,1.625645518643637e-06,1.0393547981901797e-09,6.418055339037683e-08,24,"{""matlab_output"": {""solver_name"": ""SDPT3"", ""status"": ""unknown"", ""solve_time"": 2.3680329166666665, ""setup_time"": [], ""iterations"": 24, ""primal_objective_value"": -6.562707043774328, ""dual_objective_value"": -6.562705418128809, ""duality_gap"": 1.625645518643637e-06, ""primal_infeasibility"": 1.0393547981901797e-09, ""dual_infeasibility"": 6.418055339037683e-08, ""solver_version"": ""SDPT3-4.0-20240410"", ""solver_options"": {}, ""termination_reason"": """", ""error_message"": """", ""timestamp"": ""2025-07-19 23:18:32"", ""matlab_version"": ""24.1.0.2537033 (R2024a)""}, ""matlab_version"": ""24.1.0.2537033 (R2024a)"", ""solver_backend"": ""sdpt3"", ""execution_environment"": ""matlab"", ""problem_class"": ""SOCP""}"
1535,matlab_sedumi,SeDuMi-1.3.7 (MATLAB 24.1.0.2537033 (R2024a)),DIMACS,qssp60,SOCP,"{""cpu"": {""cpu_count"": 8, ""cpu_count_physical"": 8, ""processor"": ""arm"", ""architecture"": ""64bit""}, ""memory"": {""total_gb"": 24.0}, ""os"": {""system"": ""Darwin"", ""machine"": ""arm64"", ""release"": ""23.5.0""}, ""python"": {""implementation"": ""CPython"", ""version"": ""3.12.2"", ""version_info"": ""3.12.2""}, ""git"": {""commit_hash"": ""96ca043787ef8c38515cfa8d108d16b61b823e04""}, ""timezone"": {""timezone_name"": ""UTC"", ""utc_offset_hours"": 0.0}, ""timestamp"": 1752926592.0}",96ca043787ef8c38515cfa8d108d16b61b823e04,2025-07-19T12:57:30,1.614889625,OPTIMAL,-6.562697214789513,-6.562697203156434,1.1633079388673195e-08,2.9305640450404797e-10,2.5921160736720044e-08,27,"{""matlab_output"": {""solver_name"": ""SeDuMi"", ""status"": ""optimal"", ""solve_time"": 1.614889625, ""setup_time"": [], ""iterations"": 27, ""primal_objective_value"": -6.562697214789513, ""dual_objective_value"": -6.562697203156434, ""duality_gap"": 1.1633079388673195e-08, ""primal_infeasibility"": 2.9305640450404797e-10, ""dual_infeasibility"": 2.5921160736720044e-08, ""solver_version"": ""SeDuMi-1.3.7"", ""solver_options"": {}, ""termination_reason"": """", ""error_message"": """", ""timestamp"": ""2025-07-19 21:57:26"", ""matlab_version"": ""24.1.0.2537033 (R2024a)""}, ""matlab_version"": ""24.1.0.2537033 (R2024a)"", ""solver_backend"": ""sedumi"", ""execution_environment"": ""matlab"", ""problem_class"": ""SOCP""}"
524,scipy_linprog,scipy-1.15.3,DIMACS,qssp60,SOCP,"{""cpu"": {""cpu_count"": 8, ""cpu_count_physical"": 8, ""processor"": ""arm"", ""architecture"": ""64bit""}, ""memory"": {""total_gb"": 24.0}, ""os"": {""system"": ""Darwin"", ""machine"": ""arm64"", ""release"": ""23.5.0""}, ""python"": {""implementation"": ""CPython"", ""version"": ""3.12.2"", ""version_info"": ""3.12.2""}, ""git"": {""commit_hash"": ""443b599dca6666ab5976e2cf184c9398d48cda2b""}, ""timezone"": {""timezone_name"": ""UTC"", ""utc_offset_hours"": 0.0}, ""timestamp"": 1752416768.0}",443b599dca6666ab5976e2cf184c9398d48cda2b,2025-07-14T14:24:38,,UNSUPPORTED,,,,,,,"{""reason"": ""Solver does not support SOCP problems"", ""problem_type"": ""SOCP"", ""problem_class"": ""SOCP""}"
558,cvxpy_clarabel,cvxpy-1.6.5-CLARABEL-0.11.0,DIMACS,sched_100_100_orig,SOCP,"{""cpu"": {""cpu_count"": 8, ""cpu_count_physical"": 8, ""processor"": ""arm"", ""architecture"": ""64bit""}, ""memory"": {""total_gb"": 24.0}, ""os"": {""system"": ""Darwin"", ""machine"": ""arm64"", ""release"": ""23.5.0""}, ""python"": {""implementation"": ""CPython"", ""version"": ""3.12.2"", ""version_info"": ""3.12.2""}, ""git"": {""commit_hash"": ""443b599dca6666ab5976e2cf184c9398d48cda2b""}, ""timezone"": {""timezone_name"": ""UTC"", ""utc_offset_hours"": 0.0}, ""timestamp"": 1752416768.0}",443b599dca6666ab5976e2cf184c9398d48cda2b,2025-07-14T22:24:34,1.0301058292388916,OPTIMAL (INACCURATE),717367.9694302354,717367.9693405145,8.972093928605318e-05,0.4553377125041338,1.7972121515951058e-07,29,"{""solver_solve_time"": 0.401100872, ""problem_class"": ""SOCP""}"
559,cvxpy_ecos,cvxpy-1.6.5-ECOS-2.0.14,DIMACS,sched_100_100_orig,SOCP,"{""cpu"": {""cpu_count"": 8, ""cpu_count_physical"": 8, ""processor"": ""arm"", ""architecture"": ""64bit""}, ""memory"": {""total_gb"": 24.0}, ""os"": {""system"": ""Darwin"", ""machine"": ""arm64"", ""release"": ""23.5.0""}, ""python"": {""implementation"": ""CPython"", ""version"": ""3.12.2"", ""version_info"": ""3.12.2""}, ""git"": {""commit_hash"": ""443b599dca6666ab5976e2cf184c9398d48cda2b""}, ""timezone"": {""timezone_name"": ""UTC"", ""utc_offset_hours"": 0.0}, ""timestamp"": 1752416768.0}",443b599dca6666ab5976e2cf184c9398d48cda2b,2025-07-14T22:24:44,1.4604618549346924,OPTIMAL (INACCURATE),717387.6566034524,717387.6570615877,-0.0004581352695822716,0.010368232231233494,0.0016076899929897248,70,"{""solver_solve_time"": 0.888042958, ""problem_class"": ""SOCP""}"
560,cvxpy_highs,cvxpy-1.6.5-HIGHS-1.11.0,DIMACS,sched_100_100_orig,SOCP,"{""cpu"": {""cpu_count"": 8, ""cpu_count_physical"": 8, ""processor"": ""arm"", ""architecture"": ""64bit""}, ""memory"": {""total_gb"": 24.0}, ""os"": {""system"": ""Darwin"", ""machine"": ""arm64"", ""release"": ""23.5.0""}, ""python"": {""implementation"": ""CPython"", ""version"": ""3.12.2"", ""version_info"": ""3.12.2""}, ""git"": {""commit_hash"": ""443b599dca6666ab5976e2cf184c9398d48cda2b""}, ""timezone"": {""timezone_name"": ""UTC"", ""utc_offset_hours"": 0.0}, ""timestamp"": 1752416768.0}",443b599dca6666ab5976e2cf184c9398d48cda2b,2025-07-14T22:24:44,,UNSUPPORTED,,,,,,,"{""reason"": ""Solver does not support SOCP problems"", ""problem_type"": ""SOCP"", ""problem_class"": ""SOCP""}"
561,cvxpy_osqp,cvxpy-1.6.5-OSQP-1.0.4,DIMACS,sched_100_100_orig,SOCP,"{""cpu"": {""cpu_count"": 8, ""cpu_count_physical"": 8, ""processor"": ""arm"", ""architecture"": ""64bit""}, ""memory"": {""total_gb"": 24.0}, ""os"": {""system"": ""Darwin"", ""machine"": ""arm64"", ""release"": ""23.5.0""}, ""python"": {""implementation"": ""CPython"", ""version"": ""3.12.2"", ""version_info"": ""3.12.2""}, ""git"": {""commit_hash"": ""443b599dca6666ab5976e2cf184c9398d48cda2b""}, ""timezone"": {""timezone_name"": ""UTC"", ""utc_offset_hours"": 0.0}, ""timestamp"": 1752416768.0}",443b599dca6666ab5976e2cf184c9398d48cda2b,2025-07-14T22:24:44,,UNSUPPORTED,,,,,,,"{""reason"": ""Solver does not support SOCP problems"", ""problem_type"": ""SOCP"", ""problem_class"": ""SOCP""}"
563,cvxpy_scs,cvxpy-1.6.5-SCS-3.2.7.post2,DIMACS,sched_100_100_orig,SOCP,"{""cpu"": {""cpu_count"": 8, ""cpu_count_physical"": 8, ""processor"": ""arm"", ""architecture"": ""64bit""}, ""memory"": {""total_gb"": 24.0}, ""os"": {""system"": ""Darwin"", ""machine"": ""arm64"", ""release"": ""23.5.0""}, ""python"": {""implementation"": ""CPython"", ""version"": ""3.12.2"", ""version_info"": ""3.12.2""}, ""git"": {""commit_hash"": ""443b599dca6666ab5976e2cf184c9398d48cda2b""}, ""timezone"": {""timezone_name"": ""UTC"", ""utc_offset_hours"": 0.0}, ""timestamp"": 1752416768.0}",443b599dca6666ab5976e2cf184c9398d48cda2b,2025-07-14T22:28:41,69.69011402130127,OPTIMAL (INACCURATE),1426694.15480458,1426060.9124832153,633.2423213645816,4.495169240132521,668608.3395679782,100000,"{""solver_solve_time"": 69.087200041, ""problem_class"": ""SOCP""}"
1669,matlab_sdpt3,SDPT3-4.0-20240410 (MATLAB 24.1.0.2537033 (R2024a)),DIMACS,sched_100_100_orig,SOCP,"{""cpu"": {""cpu_count"": 8, ""cpu_count_physical"": 8, ""processor"": ""arm"", ""architecture"": ""64bit""}, ""memory"": {""total_gb"": 24.0}, ""os"": {""system"": ""Darwin"", ""machine"": ""arm64"", ""release"": ""23.5.0""}, ""python"": {""implementation"": ""CPython"", ""version"": ""3.12.2"", ""version_info"": ""3.12.2""}, ""git"": {""commit_hash"": ""96ca043787ef8c38515cfa8d108d16b61b823e04""}, ""timezone"": {""timezone_name"": ""UTC"", ""utc_offset_hours"": 0.0}, ""timestamp"": 1752926592.0}",96ca043787ef8c38515cfa8d108d16b61b823e04,2025-07-19T14:25:33,2.528989458333333,UNKNOWN,717664.7819529852,717343.935387326,320.84656565915793,1.4635089779954944e-05,0.0,30,"{""matlab_output"": {""solver_name"": ""SDPT3"", ""status"": ""unknown"", ""solve_time"": 2.528989458333333, ""setup_time"": [], ""iterations"": 30, ""primal_objective_value"": 717664.7819529852, ""dual_objective_value"": 717343.935387326, ""duality_gap"": 320.84656565915793, ""primal_infeasibility"": 1.4635089779954944e-05, ""dual_infeasibility"": 0, ""solver_version"": ""SDPT3-4.0-20240410"", ""solver_options"": {}, ""termination_reason"": """", ""error_message"": """", ""timestamp"": ""2025-07-19 23:25:29"", ""matlab_version"": ""24.1.0.2537033 (R2024a)""}, ""matlab_version"": ""24.1.0.2537033 (R2024a)"", ""solver_backend"": ""sdpt3"", ""execution_environment"": ""matlab"", ""problem_class"": ""SOCP""}"
1538,matlab_sedumi,SeDuMi-1.3.7 (MATLAB 24.1.0.2537033 (R2024a)),DIMACS,sched_100_100_orig,SOCP,"{""cpu"": {""cpu_count"": 8, ""cpu_count_physical"": 8, ""processor"": ""arm"", ""architecture"": ""64bit""}, ""memory"": {""total_gb"": 24.0}, ""os"": {""system"": ""Darwin"", ""machine"": ""arm64"", ""release"": ""23.5.0""}, ""python"": {""implementation"": ""CPython"", ""version"": ""3.12.2"", ""version_info"": ""3.12.2""}, ""git"": {""commit_hash"": ""96ca043787ef8c38515cfa8d108d16b61b823e04""}, ""timezone"": {""timezone_name"": ""UTC"", ""utc_offset_hours"": 0.0}, ""timestamp"": 1752926592.0}",96ca043787ef8c38515cfa8d108d16b61b823e04,2025-07-19T13:00:23,3.3865474583333333,NUM_ERROR,717367.7873780461,717367.7875279884,0.0001499423524364829,3.2577166049237135e-05,3.822526277112251e-09,101,"{""matlab_output"": {""solver_name"": ""SeDuMi"", ""status"": ""num_error"", ""solve_time"": 3.3865474583333333, ""setup_time"": [], ""iterations"": 101, ""primal_objective_value"": 717367.7873780461, ""dual_objective_value"": 717367.7875279884, ""duality_gap"": 0.0001499423524364829, ""primal_infeasibility"": 3.2577166049237135e-05, ""dual_infeasibility"": 3.822526277112251e-09, ""solver_version"": ""SeDuMi-1.3.7"", ""solver_options"": {}, ""termination_reason"": """", ""error_message"": """", ""timestamp"": ""2025-07-19 22:00:19"", ""matlab_version"": ""24.1.0.2537033 (R2024a)""}, ""matlab_version"": ""24.1.0.2537033 (R2024a)"", ""solver_backend"": ""sedumi"", ""execution_environment"": ""matlab"", ""problem_class"": ""SOCP""}"
562,scipy_linprog,scipy-1.15.3,DIMACS,sched_100_100_orig,SOCP,"{""cpu"": {""cpu_count"": 8, ""cpu_count_physical"": 8, ""processor"": ""arm"", ""architecture"": ""64bit""}, ""memory"": {""total_gb"": 24.0}, ""os"": {""system"": ""Darwin"", ""machine"": ""arm64"", ""release"": ""23.5.0""}, ""python"": {""implementation"": ""CPython"", ""version"": ""3.12.2"", ""version_info"": ""3.12.2""}, ""git"": {""commit_hash"": ""443b599dca6666ab5976e2cf184c9398d48cda2b""}, ""timezone"": {""timezone_name"": ""UTC"", ""utc_offset_hours"": 0.0}, ""timestamp"": 1752416768.0}",443b599dca6666ab5976e2cf184c9398d48cda2b,2025-07-14T22:24:44,,UNSUPPORTED,,,,,,,"{""reason"": ""Solver does not support SOCP problems"", ""problem_type"": ""SOCP"", ""problem_class"": ""SOCP""}"
594,cvxpy_highs,cvxpy-1.6.5-HIGHS-1.11.0,DIMACS,sched_100_100_scaled,SOCP,"{""cpu"": {""cpu_count"": 8, ""cpu_count_physical"": 8, ""processor"": ""arm"", ""architecture"": ""64bit""}, ""memory"": {""total_gb"": 24.0}, ""os"": {""system"": ""Darwin"", ""machine"": ""arm64"", ""release"": ""23.5.0""}, ""python"": {""implementation"": ""CPython"", ""version"": ""3.12.2"", ""version_info"": ""3.12.2""}, ""git"": {""commit_hash"": ""443b599dca6666ab5976e2cf184c9398d48cda2b""}, ""timezone"": {""timezone_name"": ""UTC"", ""utc_offset_hours"": 0.0}, ""timestamp"": 1752416768.0}",443b599dca6666ab5976e2cf184c9398d48cda2b,2025-07-16T09:33:21,,UNSUPPORTED,,,,,,,"{""reason"": ""Solver does not support SOCP problems"", ""problem_type"": ""SOCP"", ""problem_class"": ""SOCP""}"
595,cvxpy_osqp,cvxpy-1.6.5-OSQP-1.0.4,DIMACS,sched_100_100_scaled,SOCP,"{""cpu"": {""cpu_count"": 8, ""cpu_count_physical"": 8, ""processor"": ""arm"", ""architecture"": ""64bit""}, ""memory"": {""total_gb"": 24.0}, ""os"": {""system"": ""Darwin"", ""machine"": ""arm64"", ""release"": ""23.5.0""}, ""python"": {""implementation"": ""CPython"", ""version"": ""3.12.2"", ""version_info"": ""3.12.2""}, ""git"": {""commit_hash"": ""443b599dca6666ab5976e2cf184c9398d48cda2b""}, ""timezone"": {""timezone_name"": ""UTC"", ""utc_offset_hours"": 0.0}, ""timestamp"": 1752416768.0}",443b599dca6666ab5976e2cf184c9398d48cda2b,2025-07-16T09:33:21,,UNSUPPORTED,,,,,,,"{""reason"": ""Solver does not support SOCP problems"", ""problem_type"": ""SOCP"", ""problem_class"": ""SOCP""}"
1671,matlab_sdpt3,SDPT3-4.0-20240410 (MATLAB 24.1.0.2537033 (R2024a)),DIMACS,sched_100_100_scaled,SOCP,"{""cpu"": {""cpu_count"": 8, ""cpu_count_physical"": 8, ""processor"": ""arm"", ""architecture"": ""64bit""}, ""memory"": {""total_gb"": 24.0}, ""os"": {""system"": ""Darwin"", ""machine"": ""arm64"", ""release"": ""23.5.0""}, ""python"": {""implementation"": ""CPython"", ""version"": ""3.12.2"", ""version_info"": ""3.12.2""}, ""git"": {""commit_hash"": ""96ca043787ef8c38515cfa8d108d16b61b823e04""}, ""timezone"": {""timezone_name"": ""UTC"", ""utc_offset_hours"": 0.0}, ""timestamp"": 1752926592.0}",96ca043787ef8c38515cfa8d108d16b61b823e04,2025-07-19T14:25:52,1.908151625,UNKNOWN,27.33080258413944,27.33078486456531,1.7719574131547233e-05,9.835491261168821e-09,0.0,25,"{""matlab_output"": {""solver_name"": ""SDPT3"", ""status"": ""unknown"", ""solve_time"": 1.908151625, ""setup_time"": [], ""iterations"": 25, ""primal_objective_value"": 27.33080258413944, ""dual_objective_value"": 27.33078486456531, ""duality_gap"": 1.7719574131547233e-05, ""primal_infeasibility"": 9.835491261168821e-09, ""dual_infeasibility"": 0, ""solver_version"": ""SDPT3-4.0-20240410"", ""solver_options"": {}, ""termination_reason"": """", ""error_message"": """", ""timestamp"": ""2025-07-19 23:25:50"", ""matlab_version"": ""24.1.0.2537033 (R2024a)""}, ""matlab_version"": ""24.1.0.2537033 (R2024a)"", ""solver_backend"": ""sdpt3"", ""execution_environment"": ""matlab"", ""problem_class"": ""SOCP""}"
1540,matlab_sedumi,SeDuMi-1.3.7 (MATLAB 24.1.0.2537033 (R2024a)),DIMACS,sched_100_100_scaled,SOCP,"{""cpu"": {""cpu_count"": 8, ""cpu_count_physical"": 8, ""processor"": ""arm"", ""architecture"": ""64bit""}, ""memory"": {""total_gb"": 24.0}, ""os"": {""system"": ""Darwin"", ""machine"": ""arm64"", ""release"": ""23.5.0""}, ""python"": {""implementation"": ""CPython"", ""version"": ""3.12.2"", ""version_info"": ""3.12.2""}, ""git"": {""commit_hash"": ""96ca043787ef8c38515cfa8d108d16b61b823e04""}, ""timezone"": {""timezone_name"": ""UTC"", ""utc_offset_hours"": 0.0}, ""timestamp"": 1752926592.0}",96ca043787ef8c38515cfa8d108d16b61b823e04,2025-07-19T13:00:45,1.767578,OPTIMAL,27.33078560261699,27.330794117006498,8.5143895063311e-06,2.148011155839875e-08,7.094423477282984e-11,60,"{""matlab_output"": {""solver_name"": ""SeDuMi"", ""status"": ""optimal"", ""solve_time"": 1.767578, ""setup_time"": [], ""iterations"": 60, ""primal_objective_value"": 27.33078560261699, ""dual_objective_value"": 27.330794117006498, ""duality_gap"": 8.5143895063311e-06, ""primal_infeasibility"": 2.148011155839875e-08, ""dual_infeasibility"": 7.094423477282984e-11, ""solver_version"": ""SeDuMi-1.3.7"", ""solver_options"": {}, ""termination_reason"": """", ""error_message"": """", ""timestamp"": ""2025-07-19 22:00:42"", ""matlab_version"": ""24.1.0.2537033 (R2024a)""}, ""matlab_version"": ""24.1.0.2537033 (R2024a)"", ""solver_backend"": ""sedumi"", ""execution_environment"": ""matlab"", ""problem_class"": ""SOCP""}"
596,scipy_linprog,scipy-1.15.3,DIMACS,sched_100_100_scaled,SOCP,"{""cpu"": {""cpu_count"": 8, ""cpu_count_physical"": 8, ""processor"": ""arm"", ""architecture"": ""64bit""}, ""memory"": {""total_gb"": 24.0}, ""os"": {""system"": ""Darwin"", ""machine"": ""arm64"", ""release"": ""23.5.0""}, ""python"": {""implementation"": ""CPython"", ""version"": ""3.12.2"", ""version_info"": ""3.12.2""}, ""git"": {""commit_hash"": ""443b599dca6666ab5976e2cf184c9398d48cda2b""}, ""timezone"": {""timezone_name"": ""UTC"", ""utc_offset_hours"": 0.0}, ""timestamp"": 1752416768.0}",443b599dca6666ab5976e2cf184c9398d48cda2b,2025-07-16T09:33:21,,UNSUPPORTED,,,,,,,"{""reason"": ""Solver does not support SOCP problems"", ""problem_type"": ""SOCP"", ""problem_class"": ""SOCP""}"
549,cvxpy_clarabel,cvxpy-1.6.5-CLARABEL-0.11.0,DIMACS,sched_100_50_orig,SOCP,"{""cpu"": {""cpu_count"": 8, ""cpu_count_physical"": 8, ""processor"": ""arm"", ""architecture"": ""64bit""}, ""memory"": {""total_gb"": 24.0}, ""os"": {""system"": ""Darwin"", ""machine"": ""arm64"", ""release"": ""23.5.0""}, ""python"": {""implementation"": ""CPython"", ""version"": ""3.12.2"", ""version_info"": ""3.12.2""}, ""git"": {""commit_hash"": ""443b599dca6666ab5976e2cf184c9398d48cda2b""}, ""timezone"": {""timezone_name"": ""UTC"", ""utc_offset_hours"": 0.0}, ""timestamp"": 1752416768.0}",443b599dca6666ab5976e2cf184c9398d48cda2b,2025-07-14T15:50:18,0.3952810764312744,OPTIMAL (INACCURATE),181889.9302235155,181889.93017808485,4.543064278550446e-05,0.20507020561906186,1.6535033732446265e-07,30,"{""solver_solve_time"": 0.215109335, ""problem_class"": ""SOCP""}"
550,cvxpy_cvxopt,unknown,DIMACS,sched_100_50_orig,SOCP,"{""cpu"": {""cpu_count"": 8, ""cpu_count_physical"": 8, ""processor"": ""arm"", ""architecture"": ""64bit""}, ""memory"": {""total_gb"": 24.0}, ""os"": {""system"": ""Darwin"", ""machine"": ""arm64"", ""release"": ""23.5.0""}, ""python"": {""implementation"": ""CPython"", ""version"": ""3.12.2"", ""version_info"": ""3.12.2""}, ""git"": {""commit_hash"": ""443b599dca6666ab5976e2cf184c9398d48cda2b""}, ""timezone"": {""timezone_name"": ""UTC"", ""utc_offset_hours"": 0.0}, ""timestamp"": 1752416768.0}",443b599dca6666ab5976e2cf184c9398d48cda2b,2025-07-14T15:52:07,108.75608777999878,ERROR,,,,,,,"{""error_message"": ""Solver 'CVXOPT' failed. Try another solver, or solve with verbose=True for more information."", ""problem_class"": ""SOCP""}"
551,cvxpy_ecos,cvxpy-1.6.5-ECOS-2.0.14,DIMACS,sched_100_50_orig,SOCP,"{""cpu"": {""cpu_count"": 8, ""cpu_count_physical"": 8, ""processor"": ""arm"", ""architecture"": ""64bit""}, ""memory"": {""total_gb"": 24.0}, ""os"": {""system"": ""Darwin"", ""machine"": ""arm64"", ""release"": ""23.5.0""}, ""python"": {""implementation"": ""CPython"", ""version"": ""3.12.2"", ""version_info"": ""3.12.2""}, ""git"": {""commit_hash"": ""443b599dca6666ab5976e2cf184c9398d48cda2b""}, ""timezone"": {""timezone_name"": ""UTC"", ""utc_offset_hours"": 0.0}, ""timestamp"": 1752416768.0}",443b599dca6666ab5976e2cf184c9398d48cda2b,2025-07-14T15:52:08,0.4621720314025879,OPTIMAL (INACCURATE),181889.9476437784,181889.94765594476,-1.216636155731976e-05,0.3529266178870372,2.339171186358583e-05,40,"{""solver_solve_time"": 0.267833375, ""problem_class"": ""SOCP""}"
552,cvxpy_highs,cvxpy-1.6.5-HIGHS-1.11.0,DIMACS,sched_100_50_orig,SOCP,"{""cpu"": {""cpu_count"": 8, ""cpu_count_physical"": 8, ""processor"": ""arm"", ""architecture"": ""64bit""}, ""memory"": {""total_gb"": 24.0}, ""os"": {""system"": ""Darwin"", ""machine"": ""arm64"", ""release"": ""23.5.0""}, ""python"": {""implementation"": ""CPython"", ""version"": ""3.12.2"", ""version_info"": ""3.12.2""}, ""git"": {""commit_hash"": ""443b599dca6666ab5976e2cf184c9398d48cda2b""}, ""timezone"": {""timezone_name"": ""UTC"", ""utc_offset_hours"": 0.0}, ""timestamp"": 1752416768.0}",443b599dca6666ab5976e2cf184c9398d48cda2b,2025-07-14T15:52:20,,UNSUPPORTED,,,,,,,"{""reason"": ""Solver does not support SOCP problems"", ""problem_type"": ""SOCP"", ""problem_class"": ""SOCP""}"
553,cvxpy_osqp,cvxpy-1.6.5-OSQP-1.0.4,DIMACS,sched_100_50_orig,SOCP,"{""cpu"": {""cpu_count"": 8, ""cpu_count_physical"": 8, ""processor"": ""arm"", ""architecture"": ""64bit""}, ""memory"": {""total_gb"": 24.0}, ""os"": {""system"": ""Darwin"", ""machine"": ""arm64"", ""release"": ""23.5.0""}, ""python"": {""implementation"": ""CPython"", ""version"": ""3.12.2"", ""version_info"": ""3.12.2""}, ""git"": {""commit_hash"": ""443b599dca6666ab5976e2cf184c9398d48cda2b""}, ""timezone"": {""timezone_name"": ""UTC"", ""utc_offset_hours"": 0.0}, ""timestamp"": 1752416768.0}",443b599dca6666ab5976e2cf184c9398d48cda2b,2025-07-14T15:52:20,,UNSUPPORTED,,,,,,,"{""reason"": ""Solver does not support SOCP problems"", ""problem_type"": ""SOCP"", ""problem_class"": ""SOCP""}"
554,cvxpy_scs,cvxpy-1.6.5-SCS-3.2.7.post2,DIMACS,sched_100_50_orig,SOCP,"{""cpu"": {""cpu_count"": 8, ""cpu_count_physical"": 8, ""processor"": ""arm"", ""architecture"": ""64bit""}, ""memory"": {""total_gb"": 24.0}, ""os"": {""system"": ""Darwin"", ""machine"": ""arm64"", ""release"": ""23.5.0""}, ""python"": {""implementation"": ""CPython"", ""version"": ""3.12.2"", ""version_info"": ""3.12.2""}, ""git"": {""commit_hash"": ""443b599dca6666ab5976e2cf184c9398d48cda2b""}, ""timezone"": {""timezone_name"": ""UTC"", ""utc_offset_hours"": 0.0}, ""timestamp"": 1752416768.0}",443b599dca6666ab5976e2cf184c9398d48cda2b,2025-07-14T15:52:59,38.64277791976929,UNBOUNDED (INACCURATE),,,,,,100000,"{""solver_solve_time"": 38.448400791, ""problem_class"": ""SOCP""}"
1656,matlab_sdpt3,SDPT3-4.0-20240410 (MATLAB 24.1.0.2537033 (R2024a)),DIMACS,sched_100_50_orig,SOCP,"{""cpu"": {""cpu_count"": 8, ""cpu_count_physical"": 8, ""processor"": ""arm"", ""architecture"": ""64bit""}, ""memory"": {""total_gb"": 24.0}, ""os"": {""system"": ""Darwin"", ""machine"": ""arm64"", ""release"": ""23.5.0""}, ""python"": {""implementation"": ""CPython"", ""version"": ""3.12.2"", ""version_info"": ""3.12.2""}, ""git"": {""commit_hash"": ""96ca043787ef8c38515cfa8d108d16b61b823e04""}, ""timezone"": {""timezone_name"": ""UTC"", ""utc_offset_hours"": 0.0}, ""timestamp"": 1752926592.0}",96ca043787ef8c38515cfa8d108d16b61b823e04,2025-07-19T14:09:49,1.319889125,MAX_ITER,181893.5416873559,181889.2138017401,4.3278856158140115,0.0001842777716910772,0.0,34,"{""matlab_output"": {""solver_name"": ""SDPT3"", ""status"": ""max_iter"", ""solve_time"": 1.319889125, ""setup_time"": [], ""iterations"": 34, ""primal_objective_value"": 181893.5416873559, ""dual_objective_value"": 181889.2138017401, ""duality_gap"": 4.3278856158140115, ""primal_infeasibility"": 0.0001842777716910772, ""dual_infeasibility"": 0, ""solver_version"": ""SDPT3-4.0-20240410"", ""solver_options"": {}, ""termination_reason"": """", ""error_message"": """", ""timestamp"": ""2025-07-19 23:09:45"", ""matlab_version"": ""24.1.0.2537033 (R2024a)""}, ""matlab_version"": ""24.1.0.2537033 (R2024a)"", ""solver_backend"": ""sdpt3"", ""execution_environment"": ""matlab"", ""problem_class"": ""SOCP""}"
1525,matlab_sedumi,SeDuMi-1.3.7 (MATLAB 24.1.0.2537033 (R2024a)),DIMACS,sched_100_50_orig,SOCP,"{""cpu"": {""cpu_count"": 8, ""cpu_count_physical"": 8, ""processor"": ""arm"", ""architecture"": ""64bit""}, ""memory"": {""total_gb"": 24.0}, ""os"": {""system"": ""Darwin"", ""machine"": ""arm64"", ""release"": ""23.5.0""}, ""python"": {""implementation"": ""CPython"", ""version"": ""3.12.2"", ""version_info"": ""3.12.2""}, ""git"": {""commit_hash"": ""96ca043787ef8c38515cfa8d108d16b61b823e04""}, ""timezone"": {""timezone_name"": ""UTC"", ""utc_offset_hours"": 0.0}, ""timestamp"": 1752926592.0}",96ca043787ef8c38515cfa8d108d16b61b823e04,2025-07-19T12:53:16,1.1841420833333334,OPTIMAL,181889.9393690289,181889.93942920535,6.017644773237407e-05,6.474335930554726e-08,1.9271716253657946e-10,41,"{""matlab_output"": {""solver_name"": ""SeDuMi"", ""status"": ""optimal"", ""solve_time"": 1.1841420833333334, ""setup_time"": [], ""iterations"": 41, ""primal_objective_value"": 181889.9393690289, ""dual_objective_value"": 181889.93942920535, ""duality_gap"": 6.017644773237407e-05, ""primal_infeasibility"": 6.474335930554726e-08, ""dual_infeasibility"": 1.9271716253657946e-10, ""solver_version"": ""SeDuMi-1.3.7"", ""solver_options"": {}, ""termination_reason"": """", ""error_message"": """", ""timestamp"": ""2025-07-19 21:53:12"", ""matlab_version"": ""24.1.0.2537033 (R2024a)""}, ""matlab_version"": ""24.1.0.2537033 (R2024a)"", ""solver_backend"": ""sedumi"", ""execution_environment"": ""matlab"", ""problem_class"": ""SOCP""}"
555,scipy_linprog,scipy-1.15.3,DIMACS,sched_100_50_orig,SOCP,"{""cpu"": {""cpu_count"": 8, ""cpu_count_physical"": 8, ""processor"": ""arm"", ""architecture"": ""64bit""}, ""memory"": {""total_gb"": 24.0}, ""os"": {""system"": ""Darwin"", ""machine"": ""arm64"", ""release"": ""23.5.0""}, ""python"": {""implementation"": ""CPython"", ""version"": ""3.12.2"", ""version_info"": ""3.12.2""}, ""git"": {""commit_hash"": ""443b599dca6666ab5976e2cf184c9398d48cda2b""}, ""timezone"": {""timezone_name"": ""UTC"", ""utc_offset_hours"": 0.0}, ""timestamp"": 1752416768.0}",443b599dca6666ab5976e2cf184c9398d48cda2b,2025-07-14T15:59:19,,UNSUPPORTED,,,,,,,"{""reason"": ""Solver does not support SOCP problems"", ""problem_type"": ""SOCP"", ""problem_class"": ""SOCP""}"
586,cvxpy_clarabel,cvxpy-1.6.5-CLARABEL-0.11.0,DIMACS,sched_100_50_scaled,SOCP,"{""cpu"": {""cpu_count"": 8, ""cpu_count_physical"": 8, ""processor"": ""arm"", ""architecture"": ""64bit""}, ""memory"": {""total_gb"": 24.0}, ""os"": {""system"": ""Darwin"", ""machine"": ""arm64"", ""release"": ""23.5.0""}, ""python"": {""implementation"": ""CPython"", ""version"": ""3.12.2"", ""version_info"": ""3.12.2""}, ""git"": {""commit_hash"": ""443b599dca6666ab5976e2cf184c9398d48cda2b""}, ""timezone"": {""timezone_name"": ""UTC"", ""utc_offset_hours"": 0.0}, ""timestamp"": 1752416768.0}",443b599dca6666ab5976e2cf184c9398d48cda2b,2025-07-16T09:27:58,0.3410778045654297,OPTIMAL,67.16503110771706,67.16503110770685,1.0203393685515039e-11,1.3166341677133402e-05,3.192143596063497e-10,28,"{""solver_solve_time"": 0.207739377, ""problem_class"": ""SOCP""}"
587,cvxpy_cvxopt,unknown,DIMACS,sched_100_50_scaled,SOCP,"{""cpu"": {""cpu_count"": 8, ""cpu_count_physical"": 8, ""processor"": ""arm"", ""architecture"": ""64bit""}, ""memory"": {""total_gb"": 24.0}, ""os"": {""system"": ""Darwin"", ""machine"": ""arm64"", ""release"": ""23.5.0""}, ""python"": {""implementation"": ""CPython"", ""version"": ""3.12.2"", ""version_info"": ""3.12.2""}, ""git"": {""commit_hash"": ""443b599dca6666ab5976e2cf184c9398d48cda2b""}, ""timezone"": {""timezone_name"": ""UTC"", ""utc_offset_hours"": 0.0}, ""timestamp"": 1752416768.0}",443b599dca6666ab5976e2cf184c9398d48cda2b,2025-07-16T09:29:28,89.21416902542114,ERROR,,,,,,,"{""error_message"": ""Solver 'CVXOPT' failed. Try another solver, or solve with verbose=True for more information."", ""problem_class"": ""SOCP""}"
588,cvxpy_ecos,unknown,DIMACS,sched_100_50_scaled,SOCP,"{""cpu"": {""cpu_count"": 8, ""cpu_count_physical"": 8, ""processor"": ""arm"", ""architecture"": ""64bit""}, ""memory"": {""total_gb"": 24.0}, ""os"": {""system"": ""Darwin"", ""machine"": ""arm64"", ""release"": ""23.5.0""}, ""python"": {""implementation"": ""CPython"", ""version"": ""3.12.2"", ""version_info"": ""3.12.2""}, ""git"": {""commit_hash"": ""443b599dca6666ab5976e2cf184c9398d48cda2b""}, ""timezone"": {""timezone_name"": ""UTC"", ""utc_offset_hours"": 0.0}, ""timestamp"": 1752416768.0}",443b599dca6666ab5976e2cf184c9398d48cda2b,2025-07-16T09:29:28,0.8036279678344727,ERROR,,,,,,,"{""error_message"": ""Solver 'ECOS' failed. Try another solver, or solve with verbose=True for more information."", ""problem_class"": ""SOCP""}"
589,cvxpy_highs,cvxpy-1.6.5-HIGHS-1.11.0,DIMACS,sched_100_50_scaled,SOCP,"{""cpu"": {""cpu_count"": 8, ""cpu_count_physical"": 8, ""processor"": ""arm"", ""architecture"": ""64bit""}, ""memory"": {""total_gb"": 24.0}, ""os"": {""system"": ""Darwin"", ""machine"": ""arm64"", ""release"": ""23.5.0""}, ""python"": {""implementation"": ""CPython"", ""version"": ""3.12.2"", ""version_info"": ""3.12.2""}, ""git"": {""commit_hash"": ""443b599dca6666ab5976e2cf184c9398d48cda2b""}, ""timezone"": {""timezone_name"": ""UTC"", ""utc_offset_hours"": 0.0}, ""timestamp"": 1752416768.0}",443b599dca6666ab5976e2cf184c9398d48cda2b,2025-07-16T09:30:07,,UNSUPPORTED,,,,,,,"{""reason"": ""Solver does not support SOCP problems"", ""problem_type"": ""SOCP"", ""problem_class"": ""SOCP""}"
590,cvxpy_osqp,cvxpy-1.6.5-OSQP-1.0.4,DIMACS,sched_100_50_scaled,SOCP,"{""cpu"": {""cpu_count"": 8, ""cpu_count_physical"": 8, ""processor"": ""arm"", ""architecture"": ""64bit""}, ""memory"": {""total_gb"": 24.0}, ""os"": {""system"": ""Darwin"", ""machine"": ""arm64"", ""release"": ""23.5.0""}, ""python"": {""implementation"": ""CPython"", ""version"": ""3.12.2"", ""version_info"": ""3.12.2""}, ""git"": {""commit_hash"": ""443b599dca6666ab5976e2cf184c9398d48cda2b""}, ""timezone"": {""timezone_name"": ""UTC"", ""utc_offset_hours"": 0.0}, ""timestamp"": 1752416768.0}",443b599dca6666ab5976e2cf184c9398d48cda2b,2025-07-16T09:30:07,,UNSUPPORTED,,,,,,,"{""reason"": ""Solver does not support SOCP problems"", ""problem_type"": ""SOCP"", ""problem_class"": ""SOCP""}"
1658,matlab_sdpt3,SDPT3-4.0-20240410 (MATLAB 24.1.0.2537033 (R2024a)),DIMACS,sched_100_50_scaled,SOCP,"{""cpu"": {""cpu_count"": 8, ""cpu_count_physical"": 8, ""processor"": ""arm"", ""architecture"": ""64bit""}, ""memory"": {""total_gb"": 24.0}, ""os"": {""system"": ""Darwin"", ""machine"": ""arm64"", ""release"": ""23.5.0""}, ""python"": {""implementation"": ""CPython"", ""version"": ""3.12.2"", ""version_info"": ""3.12.2""}, ""git"": {""commit_hash"": ""96ca043787ef8c38515cfa8d108d16b61b823e04""}, ""timezone"": {""timezone_name"": ""UTC"", ""utc_offset_hours"": 0.0}, ""timestamp"": 1752926592.0}",96ca043787ef8c38515cfa8d108d16b61b823e04,2025-07-19T14:10:01,1.1798084166666667,UNKNOWN,67.16504386757731,67.1650296736913,1.4193886016755641e-05,8.372561524043076e-08,0.0,29,"{""matlab_output"": {""solver_name"": ""SDPT3"", ""status"": ""unknown"", ""solve_time"": 1.1798084166666667, ""setup_time"": [], ""iterations"": 29, ""primal_objective_value"": 67.16504386757731, ""dual_objective_value"": 67.1650296736913, ""duality_gap"": 1.4193886016755641e-05, ""primal_infeasibility"": 8.372561524043076e-08, ""dual_infeasibility"": 0, ""solver_version"": ""SDPT3-4.0-20240410"", ""solver_options"": {}, ""termination_reason"": """", ""error_message"": """", ""timestamp"": ""2025-07-19 23:09:58"", ""matlab_version"": ""24.1.0.2537033 (R2024a)""}, ""matlab_version"": ""24.1.0.2537033 (R2024a)"", ""solver_backend"": ""sdpt3"", ""execution_environment"": ""matlab"", ""problem_class"": ""SOCP""}"
1527,matlab_sedumi,SeDuMi-1.3.7 (MATLAB 24.1.0.2537033 (R2024a)),DIMACS,sched_100_50_scaled,SOCP,"{""cpu"": {""cpu_count"": 8, ""cpu_count_physical"": 8, ""processor"": ""arm"", ""architecture"": ""64bit""}, ""memory"": {""total_gb"": 24.0}, ""os"": {""system"": ""Darwin"", ""machine"": ""arm64"", ""release"": ""23.5.0""}, ""python"": {""implementation"": ""CPython"", ""version"": ""3.12.2"", ""version_info"": ""3.12.2""}, ""git"": {""commit_hash"": ""96ca043787ef8c38515cfa8d108d16b61b823e04""}, ""timezone"": {""timezone_name"": ""UTC"", ""utc_offset_hours"": 0.0}, ""timestamp"": 1752926592.0}",96ca043787ef8c38515cfa8d108d16b61b823e04,2025-07-19T12:53:27,1.0436247916666668,OPTIMAL,67.16503131825516,67.16504436552164,1.3047266477883568e-05,1.5621088165689924e-09,1.652497306472603e-10,42,"{""matlab_output"": {""solver_name"": ""SeDuMi"", ""status"": ""optimal"", ""solve_time"": 1.0436247916666668, ""setup_time"": [], ""iterations"": 42, ""primal_objective_value"": 67.16503131825516, ""dual_objective_value"": 67.16504436552164, ""duality_gap"": 1.3047266477883568e-05, ""primal_infeasibility"": 1.5621088165689924e-09, ""dual_infeasibility"": 1.652497306472603e-10, ""solver_version"": ""SeDuMi-1.3.7"", ""solver_options"": {}, ""termination_reason"": """", ""error_message"": """", ""timestamp"": ""2025-07-19 21:53:25"", ""matlab_version"": ""24.1.0.2537033 (R2024a)""}, ""matlab_version"": ""24.1.0.2537033 (R2024a)"", ""solver_backend"": ""sedumi"", ""execution_environment"": ""matlab"", ""problem_class"": ""SOCP""}"
591,scipy_linprog,scipy-1.15.3,DIMACS,sched_100_50_scaled,SOCP,"{""cpu"": {""cpu_count"": 8, ""cpu_count_physical"": 8, ""processor"": ""arm"", ""architecture"": ""64bit""}, ""memory"": {""total_gb"": 24.0}, ""os"": {""system"": ""Darwin"", ""machine"": ""arm64"", ""release"": ""23.5.0""}, ""python"": {""implementation"": ""CPython"", ""version"": ""3.12.2"", ""version_info"": ""3.12.2""}, ""git"": {""commit_hash"": ""443b599dca6666ab5976e2cf184c9398d48cda2b""}, ""timezone"": {""timezone_name"": ""UTC"", ""utc_offset_hours"": 0.0}, ""timestamp"": 1752416768.0}",443b599dca6666ab5976e2cf184c9398d48cda2b,2025-07-16T09:30:07,,UNSUPPORTED,,,,,,,"{""reason"": ""Solver does not support SOCP problems"", ""problem_type"": ""SOCP"", ""problem_class"": ""SOCP""}"
568,cvxpy_clarabel,unknown,DIMACS,sched_200_100_orig,SOCP,"{""cpu"": {""cpu_count"": 8, ""cpu_count_physical"": 8, ""processor"": ""arm"", ""architecture"": ""64bit""}, ""memory"": {""total_gb"": 24.0}, ""os"": {""system"": ""Darwin"", ""machine"": ""arm64"", ""release"": ""23.5.0""}, ""python"": {""implementation"": ""CPython"", ""version"": ""3.12.2"", ""version_info"": ""3.12.2""}, ""git"": {""commit_hash"": ""443b599dca6666ab5976e2cf184c9398d48cda2b""}, ""timezone"": {""timezone_name"": ""UTC"", ""utc_offset_hours"": 0.0}, ""timestamp"": 1752416768.0}",443b599dca6666ab5976e2cf184c9398d48cda2b,2025-07-16T05:49:21,4.700660943984985,ERROR,,,,,,,"{""error_message"": ""Solver 'CLARABEL' failed. Try another solver, or solve with verbose=True for more information."", ""problem_class"": ""SOCP""}"
567,cvxpy_ecos,unknown,DIMACS,sched_200_100_orig,SOCP,"{""cpu"": {""cpu_count"": 8, ""cpu_count_physical"": 8, ""processor"": ""arm"", ""architecture"": ""64bit""}, ""memory"": {""total_gb"": 24.0}, ""os"": {""system"": ""Darwin"", ""machine"": ""arm64"", ""release"": ""23.5.0""}, ""python"": {""implementation"": ""CPython"", ""version"": ""3.12.2"", ""version_info"": ""3.12.2""}, ""git"": {""commit_hash"": ""443b599dca6666ab5976e2cf184c9398d48cda2b""}, ""timezone"": {""timezone_name"": ""UTC"", ""utc_offset_hours"": 0.0}, ""timestamp"": 1752416768.0}",443b599dca6666ab5976e2cf184c9398d48cda2b,2025-07-16T05:47:08,6.631985902786255,ERROR,,,,,,,"{""error_message"": ""Solver 'ECOS' failed. Try another solver, or solve with verbose=True for more information."", ""problem_class"": ""SOCP""}"
569,cvxpy_highs,cvxpy-1.6.5-HIGHS-1.11.0,DIMACS,sched_200_100_orig,SOCP,"{""cpu"": {""cpu_count"": 8, ""cpu_count_physical"": 8, ""processor"": ""arm"", ""architecture"": ""64bit""}, ""memory"": {""total_gb"": 24.0}, ""os"": {""system"": ""Darwin"", ""machine"": ""arm64"", ""release"": ""23.5.0""}, ""python"": {""implementation"": ""CPython"", ""version"": ""3.12.2"", ""version_info"": ""3.12.2""}, ""git"": {""commit_hash"": ""443b599dca6666ab5976e2cf184c9398d48cda2b""}, ""timezone"": {""timezone_name"": ""UTC"", ""utc_offset_hours"": 0.0}, ""timestamp"": 1752416768.0}",443b599dca6666ab5976e2cf184c9398d48cda2b,2025-07-16T05:52:52,,UNSUPPORTED,,,,,,,"{""reason"": ""Solver does not support SOCP problems"", ""problem_type"": ""SOCP"", ""problem_class"": ""SOCP""}"
570,cvxpy_osqp,cvxpy-1.6.5-OSQP-1.0.4,DIMACS,sched_200_100_orig,SOCP,"{""cpu"": {""cpu_count"": 8, ""cpu_count_physical"": 8, ""processor"": ""arm"", ""architecture"": ""64bit""}, ""memory"": {""total_gb"": 24.0}, ""os"": {""system"": ""Darwin"", ""machine"": ""arm64"", ""release"": ""23.5.0""}, ""python"": {""implementation"": ""CPython"", ""version"": ""3.12.2"", ""version_info"": ""3.12.2""}, ""git"": {""commit_hash"": ""443b599dca6666ab5976e2cf184c9398d48cda2b""}, ""timezone"": {""timezone_name"": ""UTC"", ""utc_offset_hours"": 0.0}, ""timestamp"": 1752416768.0}",443b599dca6666ab5976e2cf184c9398d48cda2b,2025-07-16T05:52:52,,UNSUPPORTED,,,,,,,"{""reason"": ""Solver does not support SOCP problems"", ""problem_type"": ""SOCP"", ""problem_class"": ""SOCP""}"
1670,matlab_sdpt3,SDPT3-4.0-20240410 (MATLAB 24.1.0.2537033 (R2024a)),DIMACS,sched_200_100_orig,SOCP,"{""cpu"": {""cpu_count"": 8, ""cpu_count_physical"": 8, ""processor"": ""arm"", ""architecture"": ""64bit""}, ""memory"": {""total_gb"": 24.0}, ""os"": {""system"": ""Darwin"", ""machine"": ""arm64"", ""release"": ""23.5.0""}, ""python"": {""implementation"": ""CPython"", ""version"": ""3.12.2"", ""version_info"": ""3.12.2""}, ""git"": {""commit_hash"": ""96ca043787ef8c38515cfa8d108d16b61b823e04""}, ""timezone"": {""timezone_name"": ""UTC"", ""utc_offset_hours"": 0.0}, ""timestamp"": 1752926592.0}",96ca043787ef8c38515cfa8d108d16b61b823e04,2025-07-19T14:25:45,6.322234541666667,MAX_ITER,141398.6133370716,141352.75901112944,45.85432594217127,2.270219537981104e-05,0.0,39,"{""matlab_output"": {""solver_name"": ""SDPT3"", ""status"": ""max_iter"", ""solve_time"": 6.322234541666667, ""setup_time"": [], ""iterations"": 39, ""primal_objective_value"": 141398.6133370716, ""dual_objective_value"": 141352.75901112944, ""duality_gap"": 45.85432594217127, ""primal_infeasibility"": 2.270219537981104e-05, ""dual_infeasibility"": 0, ""solver_version"": ""SDPT3-4.0-20240410"", ""solver_options"": {}, ""termination_reason"": """", ""error_message"": """", ""timestamp"": ""2025-07-19 23:25:42"", ""matlab_version"": ""24.1.0.2537033 (R2024a)""}, ""matlab_version"": ""24.1.0.2537033 (R2024a)"", ""solver_backend"": ""sdpt3"", ""execution_environment"": ""matlab"", ""problem_class"": ""SOCP""}"
1539,matlab_sedumi,SeDuMi-1.3.7 (MATLAB 24.1.0.2537033 (R2024a)),DIMACS,sched_200_100_orig,SOCP,"{""cpu"": {""cpu_count"": 8, ""cpu_count_physical"": 8, ""processor"": ""arm"", ""architecture"": ""64bit""}, ""memory"": {""total_gb"": 24.0}, ""os"": {""system"": ""Darwin"", ""machine"": ""arm64"", ""release"": ""23.5.0""}, ""python"": {""implementation"": ""CPython"", ""version"": ""3.12.2"", ""version_info"": ""3.12.2""}, ""git"": {""commit_hash"": ""96ca043787ef8c38515cfa8d108d16b61b823e04""}, ""timezone"": {""timezone_name"": ""UTC"", ""utc_offset_hours"": 0.0}, ""timestamp"": 1752926592.0}",96ca043787ef8c38515cfa8d108d16b61b823e04,2025-07-19T13:00:38,9.316090291666667,INFEASIBLE,421.94187307827224,0.9999999999999997,420.94187307827224,1.3616549626114933,6.062796780357364e-09,150,"{""matlab_output"": {""solver_name"": ""SeDuMi"", ""status"": ""infeasible"", ""solve_time"": 9.316090291666667, ""setup_time"": [], ""iterations"": 150, ""primal_objective_value"": 421.94187307827224, ""dual_objective_value"": 0.9999999999999997, ""duality_gap"": 420.94187307827224, ""primal_infeasibility"": 1.3616549626114933, ""dual_infeasibility"": 6.062796780357364e-09, ""solver_version"": ""SeDuMi-1.3.7"", ""solver_options"": {}, ""termination_reason"": """", ""error_message"": """", ""timestamp"": ""2025-07-19 22:00:34"", ""matlab_version"": ""24.1.0.2537033 (R2024a)""}, ""matlab_version"": ""24.1.0.2537033 (R2024a)"", ""solver_backend"": ""sedumi"", ""execution_environment"": ""matlab"", ""problem_class"": ""SOCP""}"
571,scipy_linprog,scipy-1.15.3,DIMACS,sched_200_100_orig,SOCP,"{""cpu"": {""cpu_count"": 8, ""cpu_count_physical"": 8, ""processor"": ""arm"", ""architecture"": ""64bit""}, ""memory"": {""total_gb"": 24.0}, ""os"": {""system"": ""Darwin"", ""machine"": ""arm64"", ""release"": ""23.5.0""}, ""python"": {""implementation"": ""CPython"", ""version"": ""3.12.2"", ""version_info"": ""3.12.2""}, ""git"": {""commit_hash"": ""443b599dca6666ab5976e2cf184c9398d48cda2b""}, ""timezone"": {""timezone_name"": ""UTC"", ""utc_offset_hours"": 0.0}, ""timestamp"": 1752416768.0}",443b599dca6666ab5976e2cf184c9398d48cda2b,2025-07-16T05:52:52,,UNSUPPORTED,,,,,,,"{""reason"": ""Solver does not support SOCP problems"", ""problem_type"": ""SOCP"", ""problem_class"": ""SOCP""}"
599,cvxpy_highs,cvxpy-1.6.5-HIGHS-1.11.0,DIMACS,sched_200_100_scaled,SOCP,"{""cpu"": {""cpu_count"": 8, ""cpu_count_physical"": 8, ""processor"": ""arm"", ""architecture"": ""64bit""}, ""memory"": {""total_gb"": 24.0}, ""os"": {""system"": ""Darwin"", ""machine"": ""arm64"", ""release"": ""23.5.0""}, ""python"": {""implementation"": ""CPython"", ""version"": ""3.12.2"", ""version_info"": ""3.12.2""}, ""git"": {""commit_hash"": ""443b599dca6666ab5976e2cf184c9398d48cda2b""}, ""timezone"": {""timezone_name"": ""UTC"", ""utc_offset_hours"": 0.0}, ""timestamp"": 1752416768.0}",443b599dca6666ab5976e2cf184c9398d48cda2b,2025-07-16T09:34:32,,UNSUPPORTED,,,,,,,"{""reason"": ""Solver does not support SOCP problems"", ""problem_type"": ""SOCP"", ""problem_class"": ""SOCP""}"
600,cvxpy_osqp,cvxpy-1.6.5-OSQP-1.0.4,DIMACS,sched_200_100_scaled,SOCP,"{""cpu"": {""cpu_count"": 8, ""cpu_count_physical"": 8, ""processor"": ""arm"", ""architecture"": ""64bit""}, ""memory"": {""total_gb"": 24.0}, ""os"": {""system"": ""Darwin"", ""machine"": ""arm64"", ""release"": ""23.5.0""}, ""python"": {""implementation"": ""CPython"", ""version"": ""3.12.2"", ""version_info"": ""3.12.2""}, ""git"": {""commit_hash"": ""443b599dca6666ab5976e2cf184c9398d48cda2b""}, ""timezone"": {""timezone_name"": ""UTC"", ""utc_offset_hours"": 0.0}, ""timestamp"": 1752416768.0}",443b599dca6666ab5976e2cf184c9398d48cda2b,2025-07-16T09:34:32,,UNSUPPORTED,,,,,,,"{""reason"": ""Solver does not support SOCP problems"", ""problem_type"": ""SOCP"", ""problem_class"": ""SOCP""}"
1672,matlab_sdpt3,SDPT3-4.0-20240410 (MATLAB 24.1.0.2537033 (R2024a)),DIMACS,sched_200_100_scaled,SOCP,"{""cpu"": {""cpu_count"": 8, ""cpu_count_physical"": 8, ""processor"": ""arm"", ""architecture"": ""64bit""}, ""memory"": {""total_gb"": 24.0}, ""os"": {""system"": ""Darwin"", ""machine"": ""arm64"", ""release"": ""23.5.0""}, ""python"": {""implementation"": ""CPython"", ""version"": ""3.12.2"", ""version_info"": ""3.12.2""}, ""git"": {""commit_hash"": ""96ca043787ef8c38515cfa8d108d16b61b823e04""}, ""timezone"": {""timezone_name"": ""UTC"", ""utc_offset_hours"": 0.0}, ""timestamp"": 1752926592.0}",96ca043787ef8c38515cfa8d108d16b61b823e04,2025-07-19T14:26:03,5.2030821666666665,UNKNOWN,51.81198120718885,51.811960258992684,2.0948196166159505e-05,9.305294462873729e-08,0.0,34,"{""matlab_output"": {""solver_name"": ""SDPT3"", ""status"": ""unknown"", ""solve_time"": 5.2030821666666665, ""setup_time"": [], ""iterations"": 34, ""primal_objective_value"": 51.81198120718885, ""dual_objective_value"": 51.811960258992684, ""duality_gap"": 2.0948196166159505e-05, ""primal_infeasibility"": 9.305294462873729e-08, ""dual_infeasibility"": 0, ""solver_version"": ""SDPT3-4.0-20240410"", ""solver_options"": {}, ""termination_reason"": """", ""error_message"": """", ""timestamp"": ""2025-07-19 23:26:00"", ""matlab_version"": ""24.1.0.2537033 (R2024a)""}, ""matlab_version"": ""24.1.0.2537033 (R2024a)"", ""solver_backend"": ""sdpt3"", ""execution_environment"": ""matlab"", ""problem_class"": ""SOCP""}"
1541,matlab_sedumi,SeDuMi-1.3.7 (MATLAB 24.1.0.2537033 (R2024a)),DIMACS,sched_200_100_scaled,SOCP,"{""cpu"": {""cpu_count"": 8, ""cpu_count_physical"": 8, ""processor"": ""arm"", ""architecture"": ""64bit""}, ""memory"": {""total_gb"": 24.0}, ""os"": {""system"": ""Darwin"", ""machine"": ""arm64"", ""release"": ""23.5.0""}, ""python"": {""implementation"": ""CPython"", ""version"": ""3.12.2"", ""version_info"": ""3.12.2""}, ""git"": {""commit_hash"": ""96ca043787ef8c38515cfa8d108d16b61b823e04""}, ""timezone"": {""timezone_name"": ""UTC"", ""utc_offset_hours"": 0.0}, ""timestamp"": 1752926592.0}",96ca043787ef8c38515cfa8d108d16b61b823e04,2025-07-19T13:00:56,5.779061583333333,OPTIMAL,51.811964255303366,51.81205548787007,9.123256670307e-05,2.1438553479259163e-08,4.496836433724744e-09,79,"{""matlab_output"": {""solver_name"": ""SeDuMi"", ""status"": ""optimal"", ""solve_time"": 5.779061583333333, ""setup_time"": [], ""iterations"": 79, ""primal_objective_value"": 51.811964255303366, ""dual_objective_value"": 51.81205548787007, ""duality_gap"": 9.123256670307e-05, ""primal_infeasibility"": 2.1438553479259163e-08, ""dual_infeasibility"": 4.496836433724744e-09, ""solver_version"": ""SeDuMi-1.3.7"", ""solver_options"": {}, ""termination_reason"": """", ""error_message"": """", ""timestamp"": ""2025-07-19 22:00:53"", ""matlab_version"": ""24.1.0.2537033 (R2024a)""}, ""matlab_version"": ""24.1.0.2537033 (R2024a)"", ""solver_backend"": ""sedumi"", ""execution_environment"": ""matlab"", ""problem_class"": ""SOCP""}"
601,scipy_linprog,scipy-1.15.3,DIMACS,sched_200_100_scaled,SOCP,"{""cpu"": {""cpu_count"": 8, ""cpu_count_physical"": 8, ""processor"": ""arm"", ""architecture"": ""64bit""}, ""memory"": {""total_gb"": 24.0}, ""os"": {""system"": ""Darwin"", ""machine"": ""arm64"", ""release"": ""23.5.0""}, ""python"": {""implementation"": ""CPython"", ""version"": ""3.12.2"", ""version_info"": ""3.12.2""}, ""git"": {""commit_hash"": ""443b599dca6666ab5976e2cf184c9398d48cda2b""}, ""timezone"": {""timezone_name"": ""UTC"", ""utc_offset_hours"": 0.0}, ""timestamp"": 1752416768.0}",443b599dca6666ab5976e2cf184c9398d48cda2b,2025-07-16T09:34:32,,UNSUPPORTED,,,,,,,"{""reason"": ""Solver does not support SOCP problems"", ""problem_type"": ""SOCP"", ""problem_class"": ""SOCP""}"
539,cvxpy_clarabel,cvxpy-1.6.5-CLARABEL-0.11.0,DIMACS,sched_50_50_orig,SOCP,"{""cpu"": {""cpu_count"": 8, ""cpu_count_physical"": 8, ""processor"": ""arm"", ""architecture"": ""64bit""}, ""memory"": {""total_gb"": 24.0}, ""os"": {""system"": ""Darwin"", ""machine"": ""arm64"", ""release"": ""23.5.0""}, ""python"": {""implementation"": ""CPython"", ""version"": ""3.12.2"", ""version_info"": ""3.12.2""}, ""git"": {""commit_hash"": ""443b599dca6666ab5976e2cf184c9398d48cda2b""}, ""timezone"": {""timezone_name"": ""UTC"", ""utc_offset_hours"": 0.0}, ""timestamp"": 1752416768.0}",443b599dca6666ab5976e2cf184c9398d48cda2b,2025-07-14T15:41:56,0.15216612815856934,OPTIMAL (INACCURATE),26673.000976502055,26673.000976503732,-1.6771082300692797e-09,6.4391229604616e-06,1.2221958605691128e-11,29,"{""solver_solve_time"": 0.095922207, ""problem_class"": ""SOCP""}"
540,cvxpy_cvxopt,unknown,DIMACS,sched_50_50_orig,SOCP,"{""cpu"": {""cpu_count"": 8, ""cpu_count_physical"": 8, ""processor"": ""arm"", ""architecture"": ""64bit""}, ""memory"": {""total_gb"": 24.0}, ""os"": {""system"": ""Darwin"", ""machine"": ""arm64"", ""release"": ""23.5.0""}, ""python"": {""implementation"": ""CPython"", ""version"": ""3.12.2"", ""version_info"": ""3.12.2""}, ""git"": {""commit_hash"": ""443b599dca6666ab5976e2cf184c9398d48cda2b""}, ""timezone"": {""timezone_name"": ""UTC"", ""utc_offset_hours"": 0.0}, ""timestamp"": 1752416768.0}",443b599dca6666ab5976e2cf184c9398d48cda2b,2025-07-14T15:42:19,23.28376317024231,ERROR,,,,,,,"{""error_message"": ""Solver 'CVXOPT' failed. Try another solver, or solve with verbose=True for more information."", ""problem_class"": ""SOCP""}"
541,cvxpy_ecos,cvxpy-1.6.5-ECOS-2.0.14,DIMACS,sched_50_50_orig,SOCP,"{""cpu"": {""cpu_count"": 8, ""cpu_count_physical"": 8, ""processor"": ""arm"", ""architecture"": ""64bit""}, ""memory"": {""total_gb"": 24.0}, ""os"": {""system"": ""Darwin"", ""machine"": ""arm64"", ""release"": ""23.5.0""}, ""python"": {""implementation"": ""CPython"", ""version"": ""3.12.2"", ""version_info"": ""3.12.2""}, ""git"": {""commit_hash"": ""443b599dca6666ab5976e2cf184c9398d48cda2b""}, ""timezone"": {""timezone_name"": ""UTC"", ""utc_offset_hours"": 0.0}, ""timestamp"": 1752416768.0}",443b599dca6666ab5976e2cf184c9398d48cda2b,2025-07-14T15:42:19,0.17055892944335938,OPTIMAL,26673.000987463758,26673.000988293505,-8.297465683426708e-07,0.0008211845592554915,3.175354988442067e-09,30,"{""solver_solve_time"": 0.114245291, ""problem_class"": ""SOCP""}"
542,cvxpy_highs,cvxpy-1.6.5-HIGHS-1.11.0,DIMACS,sched_50_50_orig,SOCP,"{""cpu"": {""cpu_count"": 8, ""cpu_count_physical"": 8, ""processor"": ""arm"", ""architecture"": ""64bit""}, ""memory"": {""total_gb"": 24.0}, ""os"": {""system"": ""Darwin"", ""machine"": ""arm64"", ""release"": ""23.5.0""}, ""python"": {""implementation"": ""CPython"", ""version"": ""3.12.2"", ""version_info"": ""3.12.2""}, ""git"": {""commit_hash"": ""443b599dca6666ab5976e2cf184c9398d48cda2b""}, ""timezone"": {""timezone_name"": ""UTC"", ""utc_offset_hours"": 0.0}, ""timestamp"": 1752416768.0}",443b599dca6666ab5976e2cf184c9398d48cda2b,2025-07-14T15:42:19,,UNSUPPORTED,,,,,,,"{""reason"": ""Solver does not support SOCP problems"", ""problem_type"": ""SOCP"", ""problem_class"": ""SOCP""}"
543,cvxpy_osqp,cvxpy-1.6.5-OSQP-1.0.4,DIMACS,sched_50_50_orig,SOCP,"{""cpu"": {""cpu_count"": 8, ""cpu_count_physical"": 8, ""processor"": ""arm"", ""architecture"": ""64bit""}, ""memory"": {""total_gb"": 24.0}, ""os"": {""system"": ""Darwin"", ""machine"": ""arm64"", ""release"": ""23.5.0""}, ""python"": {""implementation"": ""CPython"", ""version"": ""3.12.2"", ""version_info"": ""3.12.2""}, ""git"": {""commit_hash"": ""443b599dca6666ab5976e2cf184c9398d48cda2b""}, ""timezone"": {""timezone_name"": ""UTC"", ""utc_offset_hours"": 0.0}, ""timestamp"": 1752416768.0}",443b599dca6666ab5976e2cf184c9398d48cda2b,2025-07-14T15:42:19,,UNSUPPORTED,,,,,,,"{""reason"": ""Solver does not support SOCP problems"", ""problem_type"": ""SOCP"", ""problem_class"": ""SOCP""}"
544,cvxpy_scs,cvxpy-1.6.5-SCS-3.2.7.post2,DIMACS,sched_50_50_orig,SOCP,"{""cpu"": {""cpu_count"": 8, ""cpu_count_physical"": 8, ""processor"": ""arm"", ""architecture"": ""64bit""}, ""memory"": {""total_gb"": 24.0}, ""os"": {""system"": ""Darwin"", ""machine"": ""arm64"", ""release"": ""23.5.0""}, ""python"": {""implementation"": ""CPython"", ""version"": ""3.12.2"", ""version_info"": ""3.12.2""}, ""git"": {""commit_hash"": ""443b599dca6666ab5976e2cf184c9398d48cda2b""}, ""timezone"": {""timezone_name"": ""UTC"", ""utc_offset_hours"": 0.0}, ""timestamp"": 1752416768.0}",443b599dca6666ab5976e2cf184c9398d48cda2b,2025-07-14T15:46:34,18.283209800720215,OPTIMAL (INACCURATE),35809.49201866682,36069.131423950195,-259.63940528337844,0.6278642052360084,2013643.3276811917,100000,"{""solver_solve_time"": 18.221846582999998, ""problem_class"": ""SOCP""}"
545,cvxpy_sdpa,cvxpy-1.6.5-SDPA-0.2.2,DIMACS,sched_50_50_orig,SOCP,"{""cpu"": {""cpu_count"": 8, ""cpu_count_physical"": 8, ""processor"": ""arm"", ""architecture"": ""64bit""}, ""memory"": {""total_gb"": 24.0}, ""os"": {""system"": ""Darwin"", ""machine"": ""arm64"", ""release"": ""23.5.0""}, ""python"": {""implementation"": ""CPython"", ""version"": ""3.12.2"", ""version_info"": ""3.12.2""}, ""git"": {""commit_hash"": ""443b599dca6666ab5976e2cf184c9398d48cda2b""}, ""timezone"": {""timezone_name"": ""UTC"", ""utc_offset_hours"": 0.0}, ""timestamp"": 1752416768.0}",443b599dca6666ab5976e2cf184c9398d48cda2b,2025-07-14T15:47:26,36.98214912414551,INFEASIBLE,,,,,,,"{""iteration_info_limitation"": ""SDPA does not provide iteration count through CVXPY"", ""solver_solve_time"": null, ""problem_class"": ""SOCP""}"
1655,matlab_sdpt3,SDPT3-4.0-20240410 (MATLAB 24.1.0.2537033 (R2024a)),DIMACS,sched_50_50_orig,SOCP,"{""cpu"": {""cpu_count"": 8, ""cpu_count_physical"": 8, ""processor"": ""arm"", ""architecture"": ""64bit""}, ""memory"": {""total_gb"": 24.0}, ""os"": {""system"": ""Darwin"", ""machine"": ""arm64"", ""release"": ""23.5.0""}, ""python"": {""implementation"": ""CPython"", ""version"": ""3.12.2"", ""version_info"": ""3.12.2""}, ""git"": {""commit_hash"": ""96ca043787ef8c38515cfa8d108d16b61b823e04""}, ""timezone"": {""timezone_name"": ""UTC"", ""utc_offset_hours"": 0.0}, ""timestamp"": 1752926592.0}",96ca043787ef8c38515cfa8d108d16b61b823e04,2025-07-19T14:09:41,0.7064037083333333,MAX_ITER,26673.095548738904,26672.99721972217,0.09832901673507877,3.15909062818255e-07,0.0,27,"{""matlab_output"": {""solver_name"": ""SDPT3"", ""status"": ""max_iter"", ""solve_time"": 0.7064037083333333, ""setup_time"": [], ""iterations"": 27, ""primal_objective_value"": 26673.095548738904, ""dual_objective_value"": 26672.99721972217, ""duality_gap"": 0.09832901673507877, ""primal_infeasibility"": 3.15909062818255e-07, ""dual_infeasibility"": 0, ""solver_version"": ""SDPT3-4.0-20240410"", ""solver_options"": {}, ""termination_reason"": """", ""error_message"": """", ""timestamp"": ""2025-07-19 23:09:39"", ""matlab_version"": ""24.1.0.2537033 (R2024a)""}, ""matlab_version"": ""24.1.0.2537033 (R2024a)"", ""solver_backend"": ""sdpt3"", ""execution_environment"": ""matlab"", ""problem_class"": ""SOCP""}"
1524,matlab_sedumi,SeDuMi-1.3.7 (MATLAB 24.1.0.2537033 (R2024a)),DIMACS,sched_50_50_orig,SOCP,"{""cpu"": {""cpu_count"": 8, ""cpu_count_physical"": 8, ""processor"": ""arm"", ""architecture"": ""64bit""}, ""memory"": {""total_gb"": 24.0}, ""os"": {""system"": ""Darwin"", ""machine"": ""arm64"", ""release"": ""23.5.0""}, ""python"": {""implementation"": ""CPython"", ""version"": ""3.12.2"", ""version_info"": ""3.12.2""}, ""git"": {""commit_hash"": ""96ca043787ef8c38515cfa8d108d16b61b823e04""}, ""timezone"": {""timezone_name"": ""UTC"", ""utc_offset_hours"": 0.0}, ""timestamp"": 1752926592.0}",96ca043787ef8c38515cfa8d108d16b61b823e04,2025-07-19T12:53:09,0.7506059583333333,OPTIMAL,26673.000976938325,26673.000978030293,1.0919684427790344e-06,1.0054272660303507e-09,3.565461396342987e-11,44,"{""matlab_output"": {""solver_name"": ""SeDuMi"", ""status"": ""optimal"", ""solve_time"": 0.7506059583333333, ""setup_time"": [], ""iterations"": 44, ""primal_objective_value"": 26673.000976938325, ""dual_objective_value"": 26673.000978030293, ""duality_gap"": 1.0919684427790344e-06, ""primal_infeasibility"": 1.0054272660303507e-09, ""dual_infeasibility"": 3.565461396342987e-11, ""solver_version"": ""SeDuMi-1.3.7"", ""solver_options"": {}, ""termination_reason"": """", ""error_message"": """", ""timestamp"": ""2025-07-19 21:53:06"", ""matlab_version"": ""24.1.0.2537033 (R2024a)""}, ""matlab_version"": ""24.1.0.2537033 (R2024a)"", ""solver_backend"": ""sedumi"", ""execution_environment"": ""matlab"", ""problem_class"": ""SOCP""}"
546,scipy_linprog,scipy-1.15.3,DIMACS,sched_50_50_orig,SOCP,"{""cpu"": {""cpu_count"": 8, ""cpu_count_physical"": 8, ""processor"": ""arm"", ""architecture"": ""64bit""}, ""memory"": {""total_gb"": 24.0}, ""os"": {""system"": ""Darwin"", ""machine"": ""arm64"", ""release"": ""23.5.0""}, ""python"": {""implementation"": ""CPython"", ""version"": ""3.12.2"", ""version_info"": ""3.12.2""}, ""git"": {""commit_hash"": ""443b599dca6666ab5976e2cf184c9398d48cda2b""}, ""timezone"": {""timezone_name"": ""UTC"", ""utc_offset_hours"": 0.0}, ""timestamp"": 1752416768.0}",443b599dca6666ab5976e2cf184c9398d48cda2b,2025-07-14T15:47:37,,UNSUPPORTED,,,,,,,"{""reason"": ""Solver does not support SOCP problems"", ""problem_type"": ""SOCP"", ""problem_class"": ""SOCP""}"
574,cvxpy_clarabel,cvxpy-1.6.5-CLARABEL-0.11.0,DIMACS,sched_50_50_scaled,SOCP,"{""cpu"": {""cpu_count"": 8, ""cpu_count_physical"": 8, ""processor"": ""arm"", ""architecture"": ""64bit""}, ""memory"": {""total_gb"": 24.0}, ""os"": {""system"": ""Darwin"", ""machine"": ""arm64"", ""release"": ""23.5.0""}, ""python"": {""implementation"": ""CPython"", ""version"": ""3.12.2"", ""version_info"": ""3.12.2""}, ""git"": {""commit_hash"": ""443b599dca6666ab5976e2cf184c9398d48cda2b""}, ""timezone"": {""timezone_name"": ""UTC"", ""utc_offset_hours"": 0.0}, ""timestamp"": 1752416768.0}",443b599dca6666ab5976e2cf184c9398d48cda2b,2025-07-16T05:57:19,0.1251518726348877,OPTIMAL (INACCURATE),7.852038439863746,7.852038439863737,8.881784197001252e-15,5.942633532349437e-09,3.1698625599395943e-13,26,"{""solver_solve_time"": 0.082240832, ""problem_class"": ""SOCP""}"
575,cvxpy_cvxopt,unknown,DIMACS,sched_50_50_scaled,SOCP,"{""cpu"": {""cpu_count"": 8, ""cpu_count_physical"": 8, ""processor"": ""arm"", ""architecture"": ""64bit""}, ""memory"": {""total_gb"": 24.0}, ""os"": {""system"": ""Darwin"", ""machine"": ""arm64"", ""release"": ""23.5.0""}, ""python"": {""implementation"": ""CPython"", ""version"": ""3.12.2"", ""version_info"": ""3.12.2""}, ""git"": {""commit_hash"": ""443b599dca6666ab5976e2cf184c9398d48cda2b""}, ""timezone"": {""timezone_name"": ""UTC"", ""utc_offset_hours"": 0.0}, ""timestamp"": 1752416768.0}",443b599dca6666ab5976e2cf184c9398d48cda2b,2025-07-16T05:57:38,18.378044843673706,ERROR,,,,,,,"{""error_message"": ""Solver 'CVXOPT' failed. Try another solver, or solve with verbose=True for more information."", ""problem_class"": ""SOCP""}"
576,cvxpy_ecos,unknown,DIMACS,sched_50_50_scaled,SOCP,"{""cpu"": {""cpu_count"": 8, ""cpu_count_physical"": 8, ""processor"": ""arm"", ""architecture"": ""64bit""}, ""memory"": {""total_gb"": 24.0}, ""os"": {""system"": ""Darwin"", ""machine"": ""arm64"", ""release"": ""23.5.0""}, ""python"": {""implementation"": ""CPython"", ""version"": ""3.12.2"", ""version_info"": ""3.12.2""}, ""git"": {""commit_hash"": ""443b599dca6666ab5976e2cf184c9398d48cda2b""}, ""timezone"": {""timezone_name"": ""UTC"", ""utc_offset_hours"": 0.0}, ""timestamp"": 1752416768.0}",443b599dca6666ab5976e2cf184c9398d48cda2b,2025-07-16T05:57:38,0.31072497367858887,ERROR,,,,,,,"{""error_message"": ""Solver 'ECOS' failed. Try another solver, or solve with verbose=True for more information."", ""problem_class"": ""SOCP""}"
578,cvxpy_highs,cvxpy-1.6.5-HIGHS-1.11.0,DIMACS,sched_50_50_scaled,SOCP,"{""cpu"": {""cpu_count"": 8, ""cpu_count_physical"": 8, ""processor"": ""arm"", ""architecture"": ""64bit""}, ""memory"": {""total_gb"": 24.0}, ""os"": {""system"": ""Darwin"", ""machine"": ""arm64"", ""release"": ""23.5.0""}, ""python"": {""implementation"": ""CPython"", ""version"": ""3.12.2"", ""version_info"": ""3.12.2""}, ""git"": {""commit_hash"": ""443b599dca6666ab5976e2cf184c9398d48cda2b""}, ""timezone"": {""timezone_name"": ""UTC"", ""utc_offset_hours"": 0.0}, ""timestamp"": 1752416768.0}",443b599dca6666ab5976e2cf184c9398d48cda2b,2025-07-16T05:58:08,,UNSUPPORTED,,,,,,,"{""reason"": ""Solver does not support SOCP problems"", ""problem_type"": ""SOCP"", ""problem_class"": ""SOCP""}"
579,cvxpy_osqp,cvxpy-1.6.5-OSQP-1.0.4,DIMACS,sched_50_50_scaled,SOCP,"{""cpu"": {""cpu_count"": 8, ""cpu_count_physical"": 8, ""processor"": ""arm"", ""architecture"": ""64bit""}, ""memory"": {""total_gb"": 24.0}, ""os"": {""system"": ""Darwin"", ""machine"": ""arm64"", ""release"": ""23.5.0""}, ""python"": {""implementation"": ""CPython"", ""version"": ""3.12.2"", ""version_info"": ""3.12.2""}, ""git"": {""commit_hash"": ""443b599dca6666ab5976e2cf184c9398d48cda2b""}, ""timezone"": {""timezone_name"": ""UTC"", ""utc_offset_hours"": 0.0}, ""timestamp"": 1752416768.0}",443b599dca6666ab5976e2cf184c9398d48cda2b,2025-07-16T05:58:08,,UNSUPPORTED,,,,,,,"{""reason"": ""Solver does not support SOCP problems"", ""problem_type"": ""SOCP"", ""problem_class"": ""SOCP""}"
577,cvxpy_scs,cvxpy-1.6.5-SCS-3.2.7.post2,DIMACS,sched_50_50_scaled,SOCP,"{""cpu"": {""cpu_count"": 8, ""cpu_count_physical"": 8, ""processor"": ""arm"", ""architecture"": ""64bit""}, ""memory"": {""total_gb"": 24.0}, ""os"": {""system"": ""Darwin"", ""machine"": ""arm64"", ""release"": ""23.5.0""}, ""python"": {""implementation"": ""CPython"", ""version"": ""3.12.2"", ""version_info"": ""3.12.2""}, ""git"": {""commit_hash"": ""443b599dca6666ab5976e2cf184c9398d48cda2b""}, ""timezone"": {""timezone_name"": ""UTC"", ""utc_offset_hours"": 0.0}, ""timestamp"": 1752416768.0}",443b599dca6666ab5976e2cf184c9398d48cda2b,2025-07-16T05:57:57,18.66447901725769,OPTIMAL (INACCURATE),7.852068168748205,7.852068714033491,-5.452852862575241e-07,1.3471978048109906e-08,0.00038825804604077893,100000,"{""solver_solve_time"": 18.617637666, ""problem_class"": ""SOCP""}"
581,cvxpy_sdpa,cvxpy-1.6.5-SDPA-0.2.2,DIMACS,sched_50_50_scaled,SOCP,"{""cpu"": {""cpu_count"": 8, ""cpu_count_physical"": 8, ""processor"": ""arm"", ""architecture"": ""64bit""}, ""memory"": {""total_gb"": 24.0}, ""os"": {""system"": ""Darwin"", ""machine"": ""arm64"", ""release"": ""23.5.0""}, ""python"": {""implementation"": ""CPython"", ""version"": ""3.12.2"", ""version_info"": ""3.12.2""}, ""git"": {""commit_hash"": ""443b599dca6666ab5976e2cf184c9398d48cda2b""}, ""timezone"": {""timezone_name"": ""UTC"", ""utc_offset_hours"": 0.0}, ""timestamp"": 1752416768.0}",443b599dca6666ab5976e2cf184c9398d48cda2b,2025-07-16T06:05:24,78.08418297767639,OPTIMAL (INACCURATE),7.852038526235663,7.852043972235164,-5.445999500253151e-06,1.669993096788863e-08,4.0060306334744484e-07,,"{""iteration_info_limitation"": ""SDPA does not provide iteration count through CVXPY"", ""solver_solve_time"": null, ""problem_class"": ""SOCP""}"
1657,matlab_sdpt3,SDPT3-4.0-20240410 (MATLAB 24.1.0.2537033 (R2024a)),DIMACS,sched_50_50_scaled,SOCP,"{""cpu"": {""cpu_count"": 8, ""cpu_count_physical"": 8, ""processor"": ""arm"", ""architecture"": ""64bit""}, ""memory"": {""total_gb"": 24.0}, ""os"": {""system"": ""Darwin"", ""machine"": ""arm64"", ""release"": ""23.5.0""}, ""python"": {""implementation"": ""CPython"", ""version"": ""3.12.2"", ""version_info"": ""3.12.2""}, ""git"": {""commit_hash"": ""96ca043787ef8c38515cfa8d108d16b61b823e04""}, ""timezone"": {""timezone_name"": ""UTC"", ""utc_offset_hours"": 0.0}, ""timestamp"": 1752926592.0}",96ca043787ef8c38515cfa8d108d16b61b823e04,2025-07-19T14:09:55,0.7289274583333333,OPTIMAL,7.852038477343999,7.85203843733003,4.0013969027086205e-08,5.643670372617149e-10,8.132293889752614e-13,27,"{""matlab_output"": {""solver_name"": ""SDPT3"", ""status"": ""optimal"", ""solve_time"": 0.7289274583333333, ""setup_time"": [], ""iterations"": 27, ""primal_objective_value"": 7.852038477343999, ""dual_objective_value"": 7.85203843733003, ""duality_gap"": 4.0013969027086205e-08, ""primal_infeasibility"": 5.643670372617149e-10, ""dual_infeasibility"": 8.132293889752614e-13, ""solver_version"": ""SDPT3-4.0-20240410"", ""solver_options"": {}, ""termination_reason"": """", ""error_message"": """", ""timestamp"": ""2025-07-19 23:09:52"", ""matlab_version"": ""24.1.0.2537033 (R2024a)""}, ""matlab_version"": ""24.1.0.2537033 (R2024a)"", ""solver_backend"": ""sdpt3"", ""execution_environment"": ""matlab"", ""problem_class"": ""SOCP""}"
1526,matlab_sedumi,SeDuMi-1.3.7 (MATLAB 24.1.0.2537033 (R2024a)),DIMACS,sched_50_50_scaled,SOCP,"{""cpu"": {""cpu_count"": 8, ""cpu_count_physical"": 8, ""processor"": ""arm"", ""architecture"": ""64bit""}, ""memory"": {""total_gb"": 24.0}, ""os"": {""system"": ""Darwin"", ""machine"": ""arm64"", ""release"": ""23.5.0""}, ""python"": {""implementation"": ""CPython"", ""version"": ""3.12.2"", ""version_info"": ""3.12.2""}, ""git"": {""commit_hash"": ""96ca043787ef8c38515cfa8d108d16b61b823e04""}, ""timezone"": {""timezone_name"": ""UTC"", ""utc_offset_hours"": 0.0}, ""timestamp"": 1752926592.0}",96ca043787ef8c38515cfa8d108d16b61b823e04,2025-07-19T12:53:21,0.514955,OPTIMAL,7.8520384401152645,7.852038442629353,2.514088492944211e-09,1.8727965760166163e-11,1.9350277378313464e-10,31,"{""matlab_output"": {""solver_name"": ""SeDuMi"", ""status"": ""optimal"", ""solve_time"": 0.514955, ""setup_time"": [], ""iterations"": 31, ""primal_objective_value"": 7.8520384401152645, ""dual_objective_value"": 7.852038442629353, ""duality_gap"": 2.514088492944211e-09, ""primal_infeasibility"": 1.8727965760166163e-11, ""dual_infeasibility"": 1.9350277378313464e-10, ""solver_version"": ""SeDuMi-1.3.7"", ""solver_options"": {}, ""termination_reason"": """", ""error_message"": """", ""timestamp"": ""2025-07-19 21:53:19"", ""matlab_version"": ""24.1.0.2537033 (R2024a)""}, ""matlab_version"": ""24.1.0.2537033 (R2024a)"", ""solver_backend"": ""sedumi"", ""execution_environment"": ""matlab"", ""problem_class"": ""SOCP""}"
580,scipy_linprog,scipy-1.15.3,DIMACS,sched_50_50_scaled,SOCP,"{""cpu"": {""cpu_count"": 8, ""cpu_count_physical"": 8, ""processor"": ""arm"", ""architecture"": ""64bit""}, ""memory"": {""total_gb"": 24.0}, ""os"": {""system"": ""Darwin"", ""machine"": ""arm64"", ""release"": ""23.5.0""}, ""python"": {""implementation"": ""CPython"", ""version"": ""3.12.2"", ""version_info"": ""3.12.2""}, ""git"": {""commit_hash"": ""443b599dca6666ab5976e2cf184c9398d48cda2b""}, ""timezone"": {""timezone_name"": ""UTC"", ""utc_offset_hours"": 0.0}, ""timestamp"": 1752416768.0}",443b599dca6666ab5976e2cf184c9398d48cda2b,2025-07-16T06:03:59,,UNSUPPORTED,,,,,,,"{""reason"": ""Solver does not support SOCP problems"", ""problem_type"": ""SOCP"", ""problem_class"": ""SOCP""}"
623,cvxpy_ecos,cvxpy-1.6.5-ECOS-2.0.14,DIMACS,torusg3-15,SDP,"{""cpu"": {""cpu_count"": 8, ""cpu_count_physical"": 8, ""processor"": ""arm"", ""architecture"": ""64bit""}, ""memory"": {""total_gb"": 24.0}, ""os"": {""system"": ""Darwin"", ""machine"": ""arm64"", ""release"": ""23.5.0""}, ""python"": {""implementation"": ""CPython"", ""version"": ""3.12.2"", ""version_info"": ""3.12.2""}, ""git"": {""commit_hash"": ""443b599dca6666ab5976e2cf184c9398d48cda2b""}, ""timezone"": {""timezone_name"": ""UTC"", ""utc_offset_hours"": 0.0}, ""timestamp"": 1752416768.0}",443b599dca6666ab5976e2cf184c9398d48cda2b,2025-07-16T10:09:21,,UNSUPPORTED,,,,,,,"{""reason"": ""Solver does not support SDP problems"", ""problem_type"": ""SDP"", ""problem_class"": ""SDP""}"
624,cvxpy_highs,cvxpy-1.6.5-HIGHS-1.11.0,DIMACS,torusg3-15,SDP,"{""cpu"": {""cpu_count"": 8, ""cpu_count_physical"": 8, ""processor"": ""arm"", ""architecture"": ""64bit""}, ""memory"": {""total_gb"": 24.0}, ""os"": {""system"": ""Darwin"", ""machine"": ""arm64"", ""release"": ""23.5.0""}, ""python"": {""implementation"": ""CPython"", ""version"": ""3.12.2"", ""version_info"": ""3.12.2""}, ""git"": {""commit_hash"": ""443b599dca6666ab5976e2cf184c9398d48cda2b""}, ""timezone"": {""timezone_name"": ""UTC"", ""utc_offset_hours"": 0.0}, ""timestamp"": 1752416768.0}",443b599dca6666ab5976e2cf184c9398d48cda2b,2025-07-16T10:09:21,,UNSUPPORTED,,,,,,,"{""reason"": ""Solver does not support SDP problems"", ""problem_type"": ""SDP"", ""problem_class"": ""SDP""}"
625,cvxpy_osqp,cvxpy-1.6.5-OSQP-1.0.4,DIMACS,torusg3-15,SDP,"{""cpu"": {""cpu_count"": 8, ""cpu_count_physical"": 8, ""processor"": ""arm"", ""architecture"": ""64bit""}, ""memory"": {""total_gb"": 24.0}, ""os"": {""system"": ""Darwin"", ""machine"": ""arm64"", ""release"": ""23.5.0""}, ""python"": {""implementation"": ""CPython"", ""version"": ""3.12.2"", ""version_info"": ""3.12.2""}, ""git"": {""commit_hash"": ""443b599dca6666ab5976e2cf184c9398d48cda2b""}, ""timezone"": {""timezone_name"": ""UTC"", ""utc_offset_hours"": 0.0}, ""timestamp"": 1752416768.0}",443b599dca6666ab5976e2cf184c9398d48cda2b,2025-07-16T10:09:21,,UNSUPPORTED,,,,,,,"{""reason"": ""Solver does not support SDP problems"", ""problem_type"": ""SDP"", ""problem_class"": ""SDP""}"
626,cvxpy_scip,cvxpy-1.6.5-SCIP-5.5.0,DIMACS,torusg3-15,SDP,"{""cpu"": {""cpu_count"": 8, ""cpu_count_physical"": 8, ""processor"": ""arm"", ""architecture"": ""64bit""}, ""memory"": {""total_gb"": 24.0}, ""os"": {""system"": ""Darwin"", ""machine"": ""arm64"", ""release"": ""23.5.0""}, ""python"": {""implementation"": ""CPython"", ""version"": ""3.12.2"", ""version_info"": ""3.12.2""}, ""git"": {""commit_hash"": ""443b599dca6666ab5976e2cf184c9398d48cda2b""}, ""timezone"": {""timezone_name"": ""UTC"", ""utc_offset_hours"": 0.0}, ""timestamp"": 1752416768.0}",443b599dca6666ab5976e2cf184c9398d48cda2b,2025-07-16T10:09:21,,UNSUPPORTED,,,,,,,"{""reason"": ""Solver does not support SDP problems"", ""problem_type"": ""SDP"", ""problem_class"": ""SDP""}"
1677,matlab_sdpt3,SDPT3-4.0-20240410 (MATLAB 24.1.0.2537033 (R2024a)),DIMACS,torusg3-15,SDP,"{""cpu"": {""cpu_count"": 8, ""cpu_count_physical"": 8, ""processor"": ""arm"", ""architecture"": ""64bit""}, ""memory"": {""total_gb"": 24.0}, ""os"": {""system"": ""Darwin"", ""machine"": ""arm64"", ""release"": ""23.5.0""}, ""python"": {""implementation"": ""CPython"", ""version"": ""3.12.2"", ""version_info"": ""3.12.2""}, ""git"": {""commit_hash"": ""96ca043787ef8c38515cfa8d108d16b61b823e04""}, ""timezone"": {""timezone_name"": ""UTC"", ""utc_offset_hours"": 0.0}, ""timestamp"": 1752926592.0}",96ca043787ef8c38515cfa8d108d16b61b823e04,2025-07-19T14:29:50,96.853589375,OPTIMAL,-318810925.66454315,-318810927.37935495,1.7148118019104004,3.472238775909382e-13,0.0,16,"{""matlab_output"": {""solver_name"": ""SDPT3"", ""status"": ""optimal"", ""solve_time"": 96.853589375, ""setup_time"": [], ""iterations"": 16, ""primal_objective_value"": -318810925.66454315, ""dual_objective_value"": -318810927.37935495, ""duality_gap"": 1.7148118019104004, ""primal_infeasibility"": 3.472238775909382e-13, ""dual_infeasibility"": 0, ""solver_version"": ""SDPT3-4.0-20240410"", ""solver_options"": {}, ""termination_reason"": """", ""error_message"": """", ""timestamp"": ""2025-07-19 23:29:47"", ""matlab_version"": ""24.1.0.2537033 (R2024a)""}, ""matlab_version"": ""24.1.0.2537033 (R2024a)"", ""solver_backend"": ""sdpt3"", ""execution_environment"": ""matlab"", ""problem_class"": ""SDP""}"
627,scipy_linprog,scipy-1.15.3,DIMACS,torusg3-15,SDP,"{""cpu"": {""cpu_count"": 8, ""cpu_count_physical"": 8, ""processor"": ""arm"", ""architecture"": ""64bit""}, ""memory"": {""total_gb"": 24.0}, ""os"": {""system"": ""Darwin"", ""machine"": ""arm64"", ""release"": ""23.5.0""}, ""python"": {""implementation"": ""CPython"", ""version"": ""3.12.2"", ""version_info"": ""3.12.2""}, ""git"": {""commit_hash"": ""443b599dca6666ab5976e2cf184c9398d48cda2b""}, ""timezone"": {""timezone_name"": ""UTC"", ""utc_offset_hours"": 0.0}, ""timestamp"": 1752416768.0}",443b599dca6666ab5976e2cf184c9398d48cda2b,2025-07-16T10:09:21,,UNSUPPORTED,,,,,,,"{""reason"": ""Solver does not support SDP problems"", ""problem_type"": ""SDP"", ""problem_class"": ""SDP""}"
617,cvxpy_ecos,cvxpy-1.6.5-ECOS-2.0.14,DIMACS,torusg3-8,SDP,"{""cpu"": {""cpu_count"": 8, ""cpu_count_physical"": 8, ""processor"": ""arm"", ""architecture"": ""64bit""}, ""memory"": {""total_gb"": 24.0}, ""os"": {""system"": ""Darwin"", ""machine"": ""arm64"", ""release"": ""23.5.0""}, ""python"": {""implementation"": ""CPython"", ""version"": ""3.12.2"", ""version_info"": ""3.12.2""}, ""git"": {""commit_hash"": ""443b599dca6666ab5976e2cf184c9398d48cda2b""}, ""timezone"": {""timezone_name"": ""UTC"", ""utc_offset_hours"": 0.0}, ""timestamp"": 1752416768.0}",443b599dca6666ab5976e2cf184c9398d48cda2b,2025-07-16T10:06:36,,UNSUPPORTED,,,,,,,"{""reason"": ""Solver does not support SDP problems"", ""problem_type"": ""SDP"", ""problem_class"": ""SDP""}"
618,cvxpy_highs,cvxpy-1.6.5-HIGHS-1.11.0,DIMACS,torusg3-8,SDP,"{""cpu"": {""cpu_count"": 8, ""cpu_count_physical"": 8, ""processor"": ""arm"", ""architecture"": ""64bit""}, ""memory"": {""total_gb"": 24.0}, ""os"": {""system"": ""Darwin"", ""machine"": ""arm64"", ""release"": ""23.5.0""}, ""python"": {""implementation"": ""CPython"", ""version"": ""3.12.2"", ""version_info"": ""3.12.2""}, ""git"": {""commit_hash"": ""443b599dca6666ab5976e2cf184c9398d48cda2b""}, ""timezone"": {""timezone_name"": ""UTC"", ""utc_offset_hours"": 0.0}, ""timestamp"": 1752416768.0}",443b599dca6666ab5976e2cf184c9398d48cda2b,2025-07-16T10:06:36,,UNSUPPORTED,,,,,,,"{""reason"": ""Solver does not support SDP problems"", ""problem_type"": ""SDP"", ""problem_class"": ""SDP""}"
619,cvxpy_osqp,cvxpy-1.6.5-OSQP-1.0.4,DIMACS,torusg3-8,SDP,"{""cpu"": {""cpu_count"": 8, ""cpu_count_physical"": 8, ""processor"": ""arm"", ""architecture"": ""64bit""}, ""memory"": {""total_gb"": 24.0}, ""os"": {""system"": ""Darwin"", ""machine"": ""arm64"", ""release"": ""23.5.0""}, ""python"": {""implementation"": ""CPython"", ""version"": ""3.12.2"", ""version_info"": ""3.12.2""}, ""git"": {""commit_hash"": ""443b599dca6666ab5976e2cf184c9398d48cda2b""}, ""timezone"": {""timezone_name"": ""UTC"", ""utc_offset_hours"": 0.0}, ""timestamp"": 1752416768.0}",443b599dca6666ab5976e2cf184c9398d48cda2b,2025-07-16T10:06:36,,UNSUPPORTED,,,,,,,"{""reason"": ""Solver does not support SDP problems"", ""problem_type"": ""SDP"", ""problem_class"": ""SDP""}"
620,cvxpy_scip,cvxpy-1.6.5-SCIP-5.5.0,DIMACS,torusg3-8,SDP,"{""cpu"": {""cpu_count"": 8, ""cpu_count_physical"": 8, ""processor"": ""arm"", ""architecture"": ""64bit""}, ""memory"": {""total_gb"": 24.0}, ""os"": {""system"": ""Darwin"", ""machine"": ""arm64"", ""release"": ""23.5.0""}, ""python"": {""implementation"": ""CPython"", ""version"": ""3.12.2"", ""version_info"": ""3.12.2""}, ""git"": {""commit_hash"": ""443b599dca6666ab5976e2cf184c9398d48cda2b""}, ""timezone"": {""timezone_name"": ""UTC"", ""utc_offset_hours"": 0.0}, ""timestamp"": 1752416768.0}",443b599dca6666ab5976e2cf184c9398d48cda2b,2025-07-16T10:06:36,,UNSUPPORTED,,,,,,,"{""reason"": ""Solver does not support SDP problems"", ""problem_type"": ""SDP"", ""problem_class"": ""SDP""}"
1676,matlab_sdpt3,SDPT3-4.0-20240410 (MATLAB 24.1.0.2537033 (R2024a)),DIMACS,torusg3-8,SDP,"{""cpu"": {""cpu_count"": 8, ""cpu_count_physical"": 8, ""processor"": ""arm"", ""architecture"": ""64bit""}, ""memory"": {""total_gb"": 24.0}, ""os"": {""system"": ""Darwin"", ""machine"": ""arm64"", ""release"": ""23.5.0""}, ""python"": {""implementation"": ""CPython"", ""version"": ""3.12.2"", ""version_info"": ""3.12.2""}, ""git"": {""commit_hash"": ""96ca043787ef8c38515cfa8d108d16b61b823e04""}, ""timezone"": {""timezone_name"": ""UTC"", ""utc_offset_hours"": 0.0}, ""timestamp"": 1752926592.0}",96ca043787ef8c38515cfa8d108d16b61b823e04,2025-07-19T14:28:05,1.9698861666666667,OPTIMAL,-48340945.86330335,-48340945.949232884,0.08592953532934189,3.430228268358133e-11,0.0,15,"{""matlab_output"": {""solver_name"": ""SDPT3"", ""status"": ""optimal"", ""solve_time"": 1.9698861666666667, ""setup_time"": [], ""iterations"": 15, ""primal_objective_value"": -48340945.86330335, ""dual_objective_value"": -48340945.949232884, ""duality_gap"": 0.08592953532934189, ""primal_infeasibility"": 3.430228268358133e-11, ""dual_infeasibility"": 0, ""solver_version"": ""SDPT3-4.0-20240410"", ""solver_options"": {}, ""termination_reason"": """", ""error_message"": """", ""timestamp"": ""2025-07-19 23:28:03"", ""matlab_version"": ""24.1.0.2537033 (R2024a)""}, ""matlab_version"": ""24.1.0.2537033 (R2024a)"", ""solver_backend"": ""sdpt3"", ""execution_environment"": ""matlab"", ""problem_class"": ""SDP""}"
1545,matlab_sedumi,SeDuMi-1.3.7 (MATLAB 24.1.0.2537033 (R2024a)),DIMACS,torusg3-8,SDP,"{""cpu"": {""cpu_count"": 8, ""cpu_count_physical"": 8, ""processor"": ""arm"", ""architecture"": ""64bit""}, ""memory"": {""total_gb"": 24.0}, ""os"": {""system"": ""Darwin"", ""machine"": ""arm64"", ""release"": ""23.5.0""}, ""python"": {""implementation"": ""CPython"", ""version"": ""3.12.2"", ""version_info"": ""3.12.2""}, ""git"": {""commit_hash"": ""96ca043787ef8c38515cfa8d108d16b61b823e04""}, ""timezone"": {""timezone_name"": ""UTC"", ""utc_offset_hours"": 0.0}, ""timestamp"": 1752926592.0}",96ca043787ef8c38515cfa8d108d16b61b823e04,2025-07-19T13:03:39,8.568708083333334,OPTIMAL,-48340945.69408667,-48340945.69332005,0.0007666200399398804,1.6106946788226167e-09,3.269120548119365e-16,19,"{""matlab_output"": {""solver_name"": ""SeDuMi"", ""status"": ""optimal"", ""solve_time"": 8.568708083333334, ""setup_time"": [], ""iterations"": 19, ""primal_objective_value"": -48340945.69408667, ""dual_objective_value"": -48340945.69332005, ""duality_gap"": 0.0007666200399398804, ""primal_infeasibility"": 1.6106946788226167e-09, ""dual_infeasibility"": 3.269120548119365e-16, ""solver_version"": ""SeDuMi-1.3.7"", ""solver_options"": {}, ""termination_reason"": """", ""error_message"": """", ""timestamp"": ""2025-07-19 22:03:36"", ""matlab_version"": ""24.1.0.2537033 (R2024a)""}, ""matlab_version"": ""24.1.0.2537033 (R2024a)"", ""solver_backend"": ""sedumi"", ""execution_environment"": ""matlab"", ""problem_class"": ""SDP""}"
621,scipy_linprog,scipy-1.15.3,DIMACS,torusg3-8,SDP,"{""cpu"": {""cpu_count"": 8, ""cpu_count_physical"": 8, ""processor"": ""arm"", ""architecture"": ""64bit""}, ""memory"": {""total_gb"": 24.0}, ""os"": {""system"": ""Darwin"", ""machine"": ""arm64"", ""release"": ""23.5.0""}, ""python"": {""implementation"": ""CPython"", ""version"": ""3.12.2"", ""version_info"": ""3.12.2""}, ""git"": {""commit_hash"": ""443b599dca6666ab5976e2cf184c9398d48cda2b""}, ""timezone"": {""timezone_name"": ""UTC"", ""utc_offset_hours"": 0.0}, ""timestamp"": 1752416768.0}",443b599dca6666ab5976e2cf184c9398d48cda2b,2025-07-16T10:06:36,,UNSUPPORTED,,,,,,,"{""reason"": ""Solver does not support SDP problems"", ""problem_type"": ""SDP"", ""problem_class"": ""SDP""}"
610,cvxpy_ecos,cvxpy-1.6.5-ECOS-2.0.14,DIMACS,toruspm3-15-50,SDP,"{""cpu"": {""cpu_count"": 8, ""cpu_count_physical"": 8, ""processor"": ""arm"", ""architecture"": ""64bit""}, ""memory"": {""total_gb"": 24.0}, ""os"": {""system"": ""Darwin"", ""machine"": ""arm64"", ""release"": ""23.5.0""}, ""python"": {""implementation"": ""CPython"", ""version"": ""3.12.2"", ""version_info"": ""3.12.2""}, ""git"": {""commit_hash"": ""443b599dca6666ab5976e2cf184c9398d48cda2b""}, ""timezone"": {""timezone_name"": ""UTC"", ""utc_offset_hours"": 0.0}, ""timestamp"": 1752416768.0}",443b599dca6666ab5976e2cf184c9398d48cda2b,2025-07-16T10:05:30,,UNSUPPORTED,,,,,,,"{""reason"": ""Solver does not support SDP problems"", ""problem_type"": ""SDP"", ""problem_class"": ""SDP""}"
611,cvxpy_highs,cvxpy-1.6.5-HIGHS-1.11.0,DIMACS,toruspm3-15-50,SDP,"{""cpu"": {""cpu_count"": 8, ""cpu_count_physical"": 8, ""processor"": ""arm"", ""architecture"": ""64bit""}, ""memory"": {""total_gb"": 24.0}, ""os"": {""system"": ""Darwin"", ""machine"": ""arm64"", ""release"": ""23.5.0""}, ""python"": {""implementation"": ""CPython"", ""version"": ""3.12.2"", ""version_info"": ""3.12.2""}, ""git"": {""commit_hash"": ""443b599dca6666ab5976e2cf184c9398d48cda2b""}, ""timezone"": {""timezone_name"": ""UTC"", ""utc_offset_hours"": 0.0}, ""timestamp"": 1752416768.0}",443b599dca6666ab5976e2cf184c9398d48cda2b,2025-07-16T10:05:30,,UNSUPPORTED,,,,,,,"{""reason"": ""Solver does not support SDP problems"", ""problem_type"": ""SDP"", ""problem_class"": ""SDP""}"
612,cvxpy_osqp,cvxpy-1.6.5-OSQP-1.0.4,DIMACS,toruspm3-15-50,SDP,"{""cpu"": {""cpu_count"": 8, ""cpu_count_physical"": 8, ""processor"": ""arm"", ""architecture"": ""64bit""}, ""memory"": {""total_gb"": 24.0}, ""os"": {""system"": ""Darwin"", ""machine"": ""arm64"", ""release"": ""23.5.0""}, ""python"": {""implementation"": ""CPython"", ""version"": ""3.12.2"", ""version_info"": ""3.12.2""}, ""git"": {""commit_hash"": ""443b599dca6666ab5976e2cf184c9398d48cda2b""}, ""timezone"": {""timezone_name"": ""UTC"", ""utc_offset_hours"": 0.0}, ""timestamp"": 1752416768.0}",443b599dca6666ab5976e2cf184c9398d48cda2b,2025-07-16T10:05:30,,UNSUPPORTED,,,,,,,"{""reason"": ""Solver does not support SDP problems"", ""problem_type"": ""SDP"", ""problem_class"": ""SDP""}"
613,cvxpy_scip,cvxpy-1.6.5-SCIP-5.5.0,DIMACS,toruspm3-15-50,SDP,"{""cpu"": {""cpu_count"": 8, ""cpu_count_physical"": 8, ""processor"": ""arm"", ""architecture"": ""64bit""}, ""memory"": {""total_gb"": 24.0}, ""os"": {""system"": ""Darwin"", ""machine"": ""arm64"", ""release"": ""23.5.0""}, ""python"": {""implementation"": ""CPython"", ""version"": ""3.12.2"", ""version_info"": ""3.12.2""}, ""git"": {""commit_hash"": ""443b599dca6666ab5976e2cf184c9398d48cda2b""}, ""timezone"": {""timezone_name"": ""UTC"", ""utc_offset_hours"": 0.0}, ""timestamp"": 1752416768.0}",443b599dca6666ab5976e2cf184c9398d48cda2b,2025-07-16T10:05:31,,UNSUPPORTED,,,,,,,"{""reason"": ""Solver does not support SDP problems"", ""problem_type"": ""SDP"", ""problem_class"": ""SDP""}"
1718,matlab_sdpt3,SDPT3-4.0-20240410 (MATLAB 24.1.0.2537033 (R2024a)),DIMACS,toruspm3-15-50,SDP,"{""cpu"": {""cpu_count"": 8, ""cpu_count_physical"": 8, ""processor"": ""arm"", ""architecture"": ""64bit""}, ""memory"": {""total_gb"": 24.0}, ""os"": {""system"": ""Darwin"", ""machine"": ""arm64"", ""release"": ""23.5.0""}, ""python"": {""implementation"": ""CPython"", ""version"": ""3.12.2"", ""version_info"": ""3.12.2""}, ""git"": {""commit_hash"": ""96ca043787ef8c38515cfa8d108d16b61b823e04""}, ""timezone"": {""timezone_name"": ""UTC"", ""utc_offset_hours"": 0.0}, ""timestamp"": 1752926592.0}",96ca043787ef8c38515cfa8d108d16b61b823e04,2025-07-19T14:48:56,82.76187025,OPTIMAL,-3474.794059052365,-3474.7940824213174,2.336895249754889e-05,2.319714150200321e-12,0.0,15,"{""matlab_output"": {""solver_name"": ""SDPT3"", ""status"": ""optimal"", ""solve_time"": 82.76187025, ""setup_time"": [], ""iterations"": 15, ""primal_objective_value"": -3474.794059052365, ""dual_objective_value"": -3474.7940824213174, ""duality_gap"": 2.336895249754889e-05, ""primal_infeasibility"": 2.319714150200321e-12, ""dual_infeasibility"": 0, ""solver_version"": ""SDPT3-4.0-20240410"", ""solver_options"": {}, ""termination_reason"": """", ""error_message"": """", ""timestamp"": ""2025-07-19 23:48:52"", ""matlab_version"": ""24.1.0.2537033 (R2024a)""}, ""matlab_version"": ""24.1.0.2537033 (R2024a)"", ""solver_backend"": ""sdpt3"", ""execution_environment"": ""matlab"", ""problem_class"": ""SDP""}"
614,scipy_linprog,scipy-1.15.3,DIMACS,toruspm3-15-50,SDP,"{""cpu"": {""cpu_count"": 8, ""cpu_count_physical"": 8, ""processor"": ""arm"", ""architecture"": ""64bit""}, ""memory"": {""total_gb"": 24.0}, ""os"": {""system"": ""Darwin"", ""machine"": ""arm64"", ""release"": ""23.5.0""}, ""python"": {""implementation"": ""CPython"", ""version"": ""3.12.2"", ""version_info"": ""3.12.2""}, ""git"": {""commit_hash"": ""443b599dca6666ab5976e2cf184c9398d48cda2b""}, ""timezone"": {""timezone_name"": ""UTC"", ""utc_offset_hours"": 0.0}, ""timestamp"": 1752416768.0}",443b599dca6666ab5976e2cf184c9398d48cda2b,2025-07-16T10:05:31,,UNSUPPORTED,,,,,,,"{""reason"": ""Solver does not support SDP problems"", ""problem_type"": ""SDP"", ""problem_class"": ""SDP""}"
604,cvxpy_ecos,cvxpy-1.6.5-ECOS-2.0.14,DIMACS,toruspm3-8-50,SDP,"{""cpu"": {""cpu_count"": 8, ""cpu_count_physical"": 8, ""processor"": ""arm"", ""architecture"": ""64bit""}, ""memory"": {""total_gb"": 24.0}, ""os"": {""system"": ""Darwin"", ""machine"": ""arm64"", ""release"": ""23.5.0""}, ""python"": {""implementation"": ""CPython"", ""version"": ""3.12.2"", ""version_info"": ""3.12.2""}, ""git"": {""commit_hash"": ""443b599dca6666ab5976e2cf184c9398d48cda2b""}, ""timezone"": {""timezone_name"": ""UTC"", ""utc_offset_hours"": 0.0}, ""timestamp"": 1752416768.0}",443b599dca6666ab5976e2cf184c9398d48cda2b,2025-07-16T10:02:28,,UNSUPPORTED,,,,,,,"{""reason"": ""Solver does not support SDP problems"", ""problem_type"": ""SDP"", ""problem_class"": ""SDP""}"
605,cvxpy_highs,cvxpy-1.6.5-HIGHS-1.11.0,DIMACS,toruspm3-8-50,SDP,"{""cpu"": {""cpu_count"": 8, ""cpu_count_physical"": 8, ""processor"": ""arm"", ""architecture"": ""64bit""}, ""memory"": {""total_gb"": 24.0}, ""os"": {""system"": ""Darwin"", ""machine"": ""arm64"", ""release"": ""23.5.0""}, ""python"": {""implementation"": ""CPython"", ""version"": ""3.12.2"", ""version_info"": ""3.12.2""}, ""git"": {""commit_hash"": ""443b599dca6666ab5976e2cf184c9398d48cda2b""}, ""timezone"": {""timezone_name"": ""UTC"", ""utc_offset_hours"": 0.0}, ""timestamp"": 1752416768.0}",443b599dca6666ab5976e2cf184c9398d48cda2b,2025-07-16T10:02:28,,UNSUPPORTED,,,,,,,"{""reason"": ""Solver does not support SDP problems"", ""problem_type"": ""SDP"", ""problem_class"": ""SDP""}"
606,cvxpy_osqp,cvxpy-1.6.5-OSQP-1.0.4,DIMACS,toruspm3-8-50,SDP,"{""cpu"": {""cpu_count"": 8, ""cpu_count_physical"": 8, ""processor"": ""arm"", ""architecture"": ""64bit""}, ""memory"": {""total_gb"": 24.0}, ""os"": {""system"": ""Darwin"", ""machine"": ""arm64"", ""release"": ""23.5.0""}, ""python"": {""implementation"": ""CPython"", ""version"": ""3.12.2"", ""version_info"": ""3.12.2""}, ""git"": {""commit_hash"": ""443b599dca6666ab5976e2cf184c9398d48cda2b""}, ""timezone"": {""timezone_name"": ""UTC"", ""utc_offset_hours"": 0.0}, ""timestamp"": 1752416768.0}",443b599dca6666ab5976e2cf184c9398d48cda2b,2025-07-16T10:02:28,,UNSUPPORTED,,,,,,,"{""reason"": ""Solver does not support SDP problems"", ""problem_type"": ""SDP"", ""problem_class"": ""SDP""}"
607,cvxpy_scip,cvxpy-1.6.5-SCIP-5.5.0,DIMACS,toruspm3-8-50,SDP,"{""cpu"": {""cpu_count"": 8, ""cpu_count_physical"": 8, ""processor"": ""arm"", ""architecture"": ""64bit""}, ""memory"": {""total_gb"": 24.0}, ""os"": {""system"": ""Darwin"", ""machine"": ""arm64"", ""release"": ""23.5.0""}, ""python"": {""implementation"": ""CPython"", ""version"": ""3.12.2"", ""version_info"": ""3.12.2""}, ""git"": {""commit_hash"": ""443b599dca6666ab5976e2cf184c9398d48cda2b""}, ""timezone"": {""timezone_name"": ""UTC"", ""utc_offset_hours"": 0.0}, ""timestamp"": 1752416768.0}",443b599dca6666ab5976e2cf184c9398d48cda2b,2025-07-16T10:02:28,,UNSUPPORTED,,,,,,,"{""reason"": ""Solver does not support SDP problems"", ""problem_type"": ""SDP"", ""problem_class"": ""SDP""}"
1717,matlab_sdpt3,SDPT3-4.0-20240410 (MATLAB 24.1.0.2537033 (R2024a)),DIMACS,toruspm3-8-50,SDP,"{""cpu"": {""cpu_count"": 8, ""cpu_count_physical"": 8, ""processor"": ""arm"", ""architecture"": ""64bit""}, ""memory"": {""total_gb"": 24.0}, ""os"": {""system"": ""Darwin"", ""machine"": ""arm64"", ""release"": ""23.5.0""}, ""python"": {""implementation"": ""CPython"", ""version"": ""3.12.2"", ""version_info"": ""3.12.2""}, ""git"": {""commit_hash"": ""96ca043787ef8c38515cfa8d108d16b61b823e04""}, ""timezone"": {""timezone_name"": ""UTC"", ""utc_offset_hours"": 0.0}, ""timestamp"": 1752926592.0}",96ca043787ef8c38515cfa8d108d16b61b823e04,2025-07-19T14:47:24,2.0340817083333333,OPTIMAL,-527.808660710369,-527.8086632131733,2.502804250070767e-06,1.4509650835086007e-11,0.0,14,"{""matlab_output"": {""solver_name"": ""SDPT3"", ""status"": ""optimal"", ""solve_time"": 2.0340817083333333, ""setup_time"": [], ""iterations"": 14, ""primal_objective_value"": -527.808660710369, ""dual_objective_value"": -527.8086632131733, ""duality_gap"": 2.502804250070767e-06, ""primal_infeasibility"": 1.4509650835086007e-11, ""dual_infeasibility"": 0, ""solver_version"": ""SDPT3-4.0-20240410"", ""solver_options"": {}, ""termination_reason"": """", ""error_message"": """", ""timestamp"": ""2025-07-19 23:47:23"", ""matlab_version"": ""24.1.0.2537033 (R2024a)""}, ""matlab_version"": ""24.1.0.2537033 (R2024a)"", ""solver_backend"": ""sdpt3"", ""execution_environment"": ""matlab"", ""problem_class"": ""SDP""}"
1582,matlab_sedumi,SeDuMi-1.3.7 (MATLAB 24.1.0.2537033 (R2024a)),DIMACS,toruspm3-8-50,SDP,"{""cpu"": {""cpu_count"": 8, ""cpu_count_physical"": 8, ""processor"": ""arm"", ""architecture"": ""64bit""}, ""memory"": {""total_gb"": 24.0}, ""os"": {""system"": ""Darwin"", ""machine"": ""arm64"", ""release"": ""23.5.0""}, ""python"": {""implementation"": ""CPython"", ""version"": ""3.12.2"", ""version_info"": ""3.12.2""}, ""git"": {""commit_hash"": ""96ca043787ef8c38515cfa8d108d16b61b823e04""}, ""timezone"": {""timezone_name"": ""UTC"", ""utc_offset_hours"": 0.0}, ""timestamp"": 1752926592.0}",96ca043787ef8c38515cfa8d108d16b61b823e04,2025-07-19T13:37:03,7.601006166666667,OPTIMAL,-527.8086592434917,-527.8086592306726,1.281910044781398e-08,2.098791477322716e-09,5.187620354134206e-11,18,"{""matlab_output"": {""solver_name"": ""SeDuMi"", ""status"": ""optimal"", ""solve_time"": 7.601006166666667, ""setup_time"": [], ""iterations"": 18, ""primal_objective_value"": -527.8086592434917, ""dual_objective_value"": -527.8086592306726, ""duality_gap"": 1.281910044781398e-08, ""primal_infeasibility"": 2.098791477322716e-09, ""dual_infeasibility"": 5.187620354134206e-11, ""solver_version"": ""SeDuMi-1.3.7"", ""solver_options"": {}, ""termination_reason"": """", ""error_message"": """", ""timestamp"": ""2025-07-19 22:37:01"", ""matlab_version"": ""24.1.0.2537033 (R2024a)""}, ""matlab_version"": ""24.1.0.2537033 (R2024a)"", ""solver_backend"": ""sedumi"", ""execution_environment"": ""matlab"", ""problem_class"": ""SDP""}"
608,scipy_linprog,scipy-1.15.3,DIMACS,toruspm3-8-50,SDP,"{""cpu"": {""cpu_count"": 8, ""cpu_count_physical"": 8, ""processor"": ""arm"", ""architecture"": ""64bit""}, ""memory"": {""total_gb"": 24.0}, ""os"": {""system"": ""Darwin"", ""machine"": ""arm64"", ""release"": ""23.5.0""}, ""python"": {""implementation"": ""CPython"", ""version"": ""3.12.2"", ""version_info"": ""3.12.2""}, ""git"": {""commit_hash"": ""443b599dca6666ab5976e2cf184c9398d48cda2b""}, ""timezone"": {""timezone_name"": ""UTC"", ""utc_offset_hours"": 0.0}, ""timestamp"": 1752416768.0}",443b599dca6666ab5976e2cf184c9398d48cda2b,2025-07-16T10:02:28,,UNSUPPORTED,,,,,,,"{""reason"": ""Solver does not support SDP problems"", ""problem_type"": ""SDP"", ""problem_class"": ""SDP""}"
630,cvxpy_clarabel,cvxpy-1.6.5-CLARABEL-0.11.0,DIMACS,truss5,SDP,"{""cpu"": {""cpu_count"": 8, ""cpu_count_physical"": 8, ""processor"": ""arm"", ""architecture"": ""64bit""}, ""memory"": {""total_gb"": 24.0}, ""os"": {""system"": ""Darwin"", ""machine"": ""arm64"", ""release"": ""23.5.0""}, ""python"": {""implementation"": ""CPython"", ""version"": ""3.12.2"", ""version_info"": ""3.12.2""}, ""git"": {""commit_hash"": ""443b599dca6666ab5976e2cf184c9398d48cda2b""}, ""timezone"": {""timezone_name"": ""UTC"", ""utc_offset_hours"": 0.0}, ""timestamp"": 1752416768.0}",443b599dca6666ab5976e2cf184c9398d48cda2b,2025-07-16T10:12:32,0.4248371124267578,OPTIMAL (INACCURATE),132.63530797336855,132.6353098328787,-1.8595101494156552e-06,2.976961436986348e-06,6.742415211712427e-08,19,"{""solver_solve_time"": 0.38295104, ""problem_class"": ""SDP""}"
631,cvxpy_cvxopt,cvxpy-1.6.5-CVXOPT-1.3.2,DIMACS,truss5,SDP,"{""cpu"": {""cpu_count"": 8, ""cpu_count_physical"": 8, ""processor"": ""arm"", ""architecture"": ""64bit""}, ""memory"": {""total_gb"": 24.0}, ""os"": {""system"": ""Darwin"", ""machine"": ""arm64"", ""release"": ""23.5.0""}, ""python"": {""implementation"": ""CPython"", ""version"": ""3.12.2"", ""version_info"": ""3.12.2""}, ""git"": {""commit_hash"": ""443b599dca6666ab5976e2cf184c9398d48cda2b""}, ""timezone"": {""timezone_name"": ""UTC"", ""utc_offset_hours"": 0.0}, ""timestamp"": 1752416768.0}",443b599dca6666ab5976e2cf184c9398d48cda2b,2025-07-16T10:12:43,1.2074768543243408,OPTIMAL,132.63567622801477,132.63567623702812,-9.013348289954592e-09,1.4353448618618097e-08,3.018302548232494e-10,,"{""iteration_info_limitation"": ""CVXOPT does not provide iteration count through CVXPY"", ""solver_solve_time"": null, ""problem_class"": ""SDP""}"
632,cvxpy_ecos,cvxpy-1.6.5-ECOS-2.0.14,DIMACS,truss5,SDP,"{""cpu"": {""cpu_count"": 8, ""cpu_count_physical"": 8, ""processor"": ""arm"", ""architecture"": ""64bit""}, ""memory"": {""total_gb"": 24.0}, ""os"": {""system"": ""Darwin"", ""machine"": ""arm64"", ""release"": ""23.5.0""}, ""python"": {""implementation"": ""CPython"", ""version"": ""3.12.2"", ""version_info"": ""3.12.2""}, ""git"": {""commit_hash"": ""443b599dca6666ab5976e2cf184c9398d48cda2b""}, ""timezone"": {""timezone_name"": ""UTC"", ""utc_offset_hours"": 0.0}, ""timestamp"": 1752416768.0}",443b599dca6666ab5976e2cf184c9398d48cda2b,2025-07-16T10:12:43,,UNSUPPORTED,,,,,,,"{""reason"": ""Solver does not support SDP problems"", ""problem_type"": ""SDP"", ""problem_class"": ""SDP""}"
633,cvxpy_highs,cvxpy-1.6.5-HIGHS-1.11.0,DIMACS,truss5,SDP,"{""cpu"": {""cpu_count"": 8, ""cpu_count_physical"": 8, ""processor"": ""arm"", ""architecture"": ""64bit""}, ""memory"": {""total_gb"": 24.0}, ""os"": {""system"": ""Darwin"", ""machine"": ""arm64"", ""release"": ""23.5.0""}, ""python"": {""implementation"": ""CPython"", ""version"": ""3.12.2"", ""version_info"": ""3.12.2""}, ""git"": {""commit_hash"": ""443b599dca6666ab5976e2cf184c9398d48cda2b""}, ""timezone"": {""timezone_name"": ""UTC"", ""utc_offset_hours"": 0.0}, ""timestamp"": 1752416768.0}",443b599dca6666ab5976e2cf184c9398d48cda2b,2025-07-16T10:12:43,,UNSUPPORTED,,,,,,,"{""reason"": ""Solver does not support SDP problems"", ""problem_type"": ""SDP"", ""problem_class"": ""SDP""}"
634,cvxpy_osqp,cvxpy-1.6.5-OSQP-1.0.4,DIMACS,truss5,SDP,"{""cpu"": {""cpu_count"": 8, ""cpu_count_physical"": 8, ""processor"": ""arm"", ""architecture"": ""64bit""}, ""memory"": {""total_gb"": 24.0}, ""os"": {""system"": ""Darwin"", ""machine"": ""arm64"", ""release"": ""23.5.0""}, ""python"": {""implementation"": ""CPython"", ""version"": ""3.12.2"", ""version_info"": ""3.12.2""}, ""git"": {""commit_hash"": ""443b599dca6666ab5976e2cf184c9398d48cda2b""}, ""timezone"": {""timezone_name"": ""UTC"", ""utc_offset_hours"": 0.0}, ""timestamp"": 1752416768.0}",443b599dca6666ab5976e2cf184c9398d48cda2b,2025-07-16T10:12:43,,UNSUPPORTED,,,,,,,"{""reason"": ""Solver does not support SDP problems"", ""problem_type"": ""SDP"", ""problem_class"": ""SDP""}"
635,cvxpy_scip,cvxpy-1.6.5-SCIP-5.5.0,DIMACS,truss5,SDP,"{""cpu"": {""cpu_count"": 8, ""cpu_count_physical"": 8, ""processor"": ""arm"", ""architecture"": ""64bit""}, ""memory"": {""total_gb"": 24.0}, ""os"": {""system"": ""Darwin"", ""machine"": ""arm64"", ""release"": ""23.5.0""}, ""python"": {""implementation"": ""CPython"", ""version"": ""3.12.2"", ""version_info"": ""3.12.2""}, ""git"": {""commit_hash"": ""443b599dca6666ab5976e2cf184c9398d48cda2b""}, ""timezone"": {""timezone_name"": ""UTC"", ""utc_offset_hours"": 0.0}, ""timestamp"": 1752416768.0}",443b599dca6666ab5976e2cf184c9398d48cda2b,2025-07-16T10:12:43,,UNSUPPORTED,,,,,,,"{""reason"": ""Solver does not support SDP problems"", ""problem_type"": ""SDP"", ""problem_class"": ""SDP""}"
636,cvxpy_scs,cvxpy-1.6.5-SCS-3.2.7.post2,DIMACS,truss5,SDP,"{""cpu"": {""cpu_count"": 8, ""cpu_count_physical"": 8, ""processor"": ""arm"", ""architecture"": ""64bit""}, ""memory"": {""total_gb"": 24.0}, ""os"": {""system"": ""Darwin"", ""machine"": ""arm64"", ""release"": ""23.5.0""}, ""python"": {""implementation"": ""CPython"", ""version"": ""3.12.2"", ""version_info"": ""3.12.2""}, ""git"": {""commit_hash"": ""443b599dca6666ab5976e2cf184c9398d48cda2b""}, ""timezone"": {""timezone_name"": ""UTC"", ""utc_offset_hours"": 0.0}, ""timestamp"": 1752416768.0}",443b599dca6666ab5976e2cf184c9398d48cda2b,2025-07-16T10:13:05,21.932883977890015,OPTIMAL,132.67032214278458,132.67032627913713,-4.136352544037436e-06,2.4188989473182798e-06,0.0024103317967444286,83675,"{""solver_solve_time"": 21.892902833, ""problem_class"": ""SDP""}"
637,cvxpy_sdpa,cvxpy-1.6.5-SDPA-0.2.2,DIMACS,truss5,SDP,"{""cpu"": {""cpu_count"": 8, ""cpu_count_physical"": 8, ""processor"": ""arm"", ""architecture"": ""64bit""}, ""memory"": {""total_gb"": 24.0}, ""os"": {""system"": ""Darwin"", ""machine"": ""arm64"", ""release"": ""23.5.0""}, ""python"": {""implementation"": ""CPython"", ""version"": ""3.12.2"", ""version_info"": ""3.12.2""}, ""git"": {""commit_hash"": ""443b599dca6666ab5976e2cf184c9398d48cda2b""}, ""timezone"": {""timezone_name"": ""UTC"", ""utc_offset_hours"": 0.0}, ""timestamp"": 1752416768.0}",443b599dca6666ab5976e2cf184c9398d48cda2b,2025-07-16T10:13:05,0.15076208114624023,OPTIMAL,132.6356794538592,132.63567502877504,4.425084171089111e-06,6.293316373095602e-11,0.0,,"{""iteration_info_limitation"": ""SDPA does not provide iteration count through CVXPY"", ""solver_solve_time"": null, ""problem_class"": ""SDP""}"
1818,matlab_sdpt3,SDPT3-4.0-20240410 (MATLAB 24.1.0.2537033 (R2024a)),DIMACS,truss5,SDP,"{""cpu"": {""cpu_count"": 8, ""cpu_count_physical"": 8, ""processor"": ""arm"", ""architecture"": ""64bit""}, ""memory"": {""total_gb"": 24.0}, ""os"": {""system"": ""Darwin"", ""machine"": ""arm64"", ""release"": ""23.5.0""}, ""python"": {""implementation"": ""CPython"", ""version"": ""3.12.2"", ""version_info"": ""3.12.2""}, ""git"": {""commit_hash"": ""86bfae9b39861dd3a3303c878d8ee30e9a970bb6""}, ""timezone"": {""timezone_name"": ""UTC"", ""utc_offset_hours"": 0.0}, ""timestamp"": 1752926592.0}",86bfae9b39861dd3a3303c878d8ee30e9a970bb6,2025-07-22T15:17:54,0.6745402916666666,OPTIMAL,132.63567801876036,132.63567787176189,1.4699847383781162e-07,1.5205458807246513e-10,0.0,15,"{""matlab_output"": {""solver_name"": ""SDPT3"", ""status"": ""optimal"", ""solve_time"": 0.6745402916666666, ""setup_time"": [], ""iterations"": 15, ""primal_objective_value"": 132.63567801876036, ""dual_objective_value"": 132.63567787176189, ""duality_gap"": 1.4699847383781162e-07, ""primal_infeasibility"": 1.5205458807246513e-10, ""dual_infeasibility"": 0, ""solver_version"": ""SDPT3-4.0-20240410"", ""solver_options"": {}, ""termination_reason"": """", ""error_message"": """", ""timestamp"": ""2025-07-23 00:17:51"", ""matlab_version"": ""24.1.0.2537033 (R2024a)""}, ""matlab_version"": ""24.1.0.2537033 (R2024a)"", ""solver_backend"": ""sdpt3"", ""execution_environment"": ""matlab"", ""problem_class"": ""SDP""}"
1821,matlab_sedumi,SeDuMi-1.3.7 (MATLAB 24.1.0.2537033 (R2024a)),DIMACS,truss5,SDP,"{""cpu"": {""cpu_count"": 8, ""cpu_count_physical"": 8, ""processor"": ""arm"", ""architecture"": ""64bit""}, ""memory"": {""total_gb"": 24.0}, ""os"": {""system"": ""Darwin"", ""machine"": ""arm64"", ""release"": ""23.5.0""}, ""python"": {""implementation"": ""CPython"", ""version"": ""3.12.2"", ""version_info"": ""3.12.2""}, ""git"": {""commit_hash"": ""d31cb7532a216fdc91b3add7143ef51aa6679c9d""}, ""timezone"": {""timezone_name"": ""UTC"", ""utc_offset_hours"": 0.0}, ""timestamp"": 1752926592.0}",d31cb7532a216fdc91b3add7143ef51aa6679c9d,2025-07-22T15:32:38,0.6298311666666667,OPTIMAL,132.6356771601937,132.63567716470257,4.5088768274581525e-09,6.3772698840920634e-09,1.2707963027328625e-10,23,"{""matlab_output"": {""solver_name"": ""SeDuMi"", ""status"": ""optimal"", ""solve_time"": 0.6298311666666667, ""setup_time"": [], ""iterations"": 23, ""primal_objective_value"": 132.6356771601937, ""dual_objective_value"": 132.63567716470257, ""duality_gap"": 4.5088768274581525e-09, ""primal_infeasibility"": 6.3772698840920634e-09, ""dual_infeasibility"": 1.2707963027328625e-10, ""solver_version"": ""SeDuMi-1.3.7"", ""solver_options"": {}, ""termination_reason"": """", ""error_message"": """", ""timestamp"": ""2025-07-23 00:32:35"", ""matlab_version"": ""24.1.0.2537033 (R2024a)""}, ""matlab_version"": ""24.1.0.2537033 (R2024a)"", ""solver_backend"": ""sedumi"", ""execution_environment"": ""matlab"", ""problem_class"": ""SDP""}"
638,scipy_linprog,scipy-1.15.3,DIMACS,truss5,SDP,"{""cpu"": {""cpu_count"": 8, ""cpu_count_physical"": 8, ""processor"": ""arm"", ""architecture"": ""64bit""}, ""memory"": {""total_gb"": 24.0}, ""os"": {""system"": ""Darwin"", ""machine"": ""arm64"", ""release"": ""23.5.0""}, ""python"": {""implementation"": ""CPython"", ""version"": ""3.12.2"", ""version_info"": ""3.12.2""}, ""git"": {""commit_hash"": ""443b599dca6666ab5976e2cf184c9398d48cda2b""}, ""timezone"": {""timezone_name"": ""UTC"", ""utc_offset_hours"": 0.0}, ""timestamp"": 1752416768.0}",443b599dca6666ab5976e2cf184c9398d48cda2b,2025-07-16T10:13:05,,UNSUPPORTED,,,,,,,"{""reason"": ""Solver does not support SDP problems"", ""problem_type"": ""SDP"", ""problem_class"": ""SDP""}"
641,cvxpy_clarabel,cvxpy-1.6.5-CLARABEL-0.11.0,DIMACS,truss8,SDP,"{""cpu"": {""cpu_count"": 8, ""cpu_count_physical"": 8, ""processor"": ""arm"", ""architecture"": ""64bit""}, ""memory"": {""total_gb"": 24.0}, ""os"": {""system"": ""Darwin"", ""machine"": ""arm64"", ""release"": ""23.5.0""}, ""python"": {""implementation"": ""CPython"", ""version"": ""3.12.2"", ""version_info"": ""3.12.2""}, ""git"": {""commit_hash"": ""443b599dca6666ab5976e2cf184c9398d48cda2b""}, ""timezone"": {""timezone_name"": ""UTC"", ""utc_offset_hours"": 0.0}, ""timestamp"": 1752416768.0}",443b599dca6666ab5976e2cf184c9398d48cda2b,2025-07-16T10:14:25,7.333973407745361,OPTIMAL,133.11452300392386,133.1145231602386,-1.5631474070687545e-07,5.880442946566506e-07,2.416827226267145e-08,20,"{""solver_solve_time"": 7.194446292, ""problem_class"": ""SDP""}"
642,cvxpy_cvxopt,cvxpy-1.6.5-CVXOPT-1.3.2,DIMACS,truss8,SDP,"{""cpu"": {""cpu_count"": 8, ""cpu_count_physical"": 8, ""processor"": ""arm"", ""architecture"": ""64bit""}, ""memory"": {""total_gb"": 24.0}, ""os"": {""system"": ""Darwin"", ""machine"": ""arm64"", ""release"": ""23.5.0""}, ""python"": {""implementation"": ""CPython"", ""version"": ""3.12.2"", ""version_info"": ""3.12.2""}, ""git"": {""commit_hash"": ""443b599dca6666ab5976e2cf184c9398d48cda2b""}, ""timezone"": {""timezone_name"": ""UTC"", ""utc_offset_hours"": 0.0}, ""timestamp"": 1752416768.0}",443b599dca6666ab5976e2cf184c9398d48cda2b,2025-07-16T10:14:30,4.541913032531738,OPTIMAL,133.11458873614384,133.11458873454836,1.5954810805851594e-09,5.1857958079351704e-09,9.454734908598581e-11,,"{""iteration_info_limitation"": ""CVXOPT does not provide iteration count through CVXPY"", ""solver_solve_time"": null, ""problem_class"": ""SDP""}"
643,cvxpy_ecos,cvxpy-1.6.5-ECOS-2.0.14,DIMACS,truss8,SDP,"{""cpu"": {""cpu_count"": 8, ""cpu_count_physical"": 8, ""processor"": ""arm"", ""architecture"": ""64bit""}, ""memory"": {""total_gb"": 24.0}, ""os"": {""system"": ""Darwin"", ""machine"": ""arm64"", ""release"": ""23.5.0""}, ""python"": {""implementation"": ""CPython"", ""version"": ""3.12.2"", ""version_info"": ""3.12.2""}, ""git"": {""commit_hash"": ""443b599dca6666ab5976e2cf184c9398d48cda2b""}, ""timezone"": {""timezone_name"": ""UTC"", ""utc_offset_hours"": 0.0}, ""timestamp"": 1752416768.0}",443b599dca6666ab5976e2cf184c9398d48cda2b,2025-07-16T10:14:30,,UNSUPPORTED,,,,,,,"{""reason"": ""Solver does not support SDP problems"", ""problem_type"": ""SDP"", ""problem_class"": ""SDP""}"
644,cvxpy_highs,cvxpy-1.6.5-HIGHS-1.11.0,DIMACS,truss8,SDP,"{""cpu"": {""cpu_count"": 8, ""cpu_count_physical"": 8, ""processor"": ""arm"", ""architecture"": ""64bit""}, ""memory"": {""total_gb"": 24.0}, ""os"": {""system"": ""Darwin"", ""machine"": ""arm64"", ""release"": ""23.5.0""}, ""python"": {""implementation"": ""CPython"", ""version"": ""3.12.2"", ""version_info"": ""3.12.2""}, ""git"": {""commit_hash"": ""443b599dca6666ab5976e2cf184c9398d48cda2b""}, ""timezone"": {""timezone_name"": ""UTC"", ""utc_offset_hours"": 0.0}, ""timestamp"": 1752416768.0}",443b599dca6666ab5976e2cf184c9398d48cda2b,2025-07-16T10:14:30,,UNSUPPORTED,,,,,,,"{""reason"": ""Solver does not support SDP problems"", ""problem_type"": ""SDP"", ""problem_class"": ""SDP""}"
645,cvxpy_osqp,cvxpy-1.6.5-OSQP-1.0.4,DIMACS,truss8,SDP,"{""cpu"": {""cpu_count"": 8, ""cpu_count_physical"": 8, ""processor"": ""arm"", ""architecture"": ""64bit""}, ""memory"": {""total_gb"": 24.0}, ""os"": {""system"": ""Darwin"", ""machine"": ""arm64"", ""release"": ""23.5.0""}, ""python"": {""implementation"": ""CPython"", ""version"": ""3.12.2"", ""version_info"": ""3.12.2""}, ""git"": {""commit_hash"": ""443b599dca6666ab5976e2cf184c9398d48cda2b""}, ""timezone"": {""timezone_name"": ""UTC"", ""utc_offset_hours"": 0.0}, ""timestamp"": 1752416768.0}",443b599dca6666ab5976e2cf184c9398d48cda2b,2025-07-16T10:14:30,,UNSUPPORTED,,,,,,,"{""reason"": ""Solver does not support SDP problems"", ""problem_type"": ""SDP"", ""problem_class"": ""SDP""}"
646,cvxpy_scip,cvxpy-1.6.5-SCIP-5.5.0,DIMACS,truss8,SDP,"{""cpu"": {""cpu_count"": 8, ""cpu_count_physical"": 8, ""processor"": ""arm"", ""architecture"": ""64bit""}, ""memory"": {""total_gb"": 24.0}, ""os"": {""system"": ""Darwin"", ""machine"": ""arm64"", ""release"": ""23.5.0""}, ""python"": {""implementation"": ""CPython"", ""version"": ""3.12.2"", ""version_info"": ""3.12.2""}, ""git"": {""commit_hash"": ""443b599dca6666ab5976e2cf184c9398d48cda2b""}, ""timezone"": {""timezone_name"": ""UTC"", ""utc_offset_hours"": 0.0}, ""timestamp"": 1752416768.0}",443b599dca6666ab5976e2cf184c9398d48cda2b,2025-07-16T10:14:30,,UNSUPPORTED,,,,,,,"{""reason"": ""Solver does not support SDP problems"", ""problem_type"": ""SDP"", ""problem_class"": ""SDP""}"
647,cvxpy_scs,cvxpy-1.6.5-SCS-3.2.7.post2,DIMACS,truss8,SDP,"{""cpu"": {""cpu_count"": 8, ""cpu_count_physical"": 8, ""processor"": ""arm"", ""architecture"": ""64bit""}, ""memory"": {""total_gb"": 24.0}, ""os"": {""system"": ""Darwin"", ""machine"": ""arm64"", ""release"": ""23.5.0""}, ""python"": {""implementation"": ""CPython"", ""version"": ""3.12.2"", ""version_info"": ""3.12.2""}, ""git"": {""commit_hash"": ""443b599dca6666ab5976e2cf184c9398d48cda2b""}, ""timezone"": {""timezone_name"": ""UTC"", ""utc_offset_hours"": 0.0}, ""timestamp"": 1752416768.0}",443b599dca6666ab5976e2cf184c9398d48cda2b,2025-07-16T10:15:48,78.31024694442749,OPTIMAL,133.206421971091,133.2064255039062,-3.532815185280924e-06,1.809776268177368e-06,0.0026429235860219477,90650,"{""solver_solve_time"": 78.17087804100001, ""problem_class"": ""SDP""}"
648,cvxpy_sdpa,cvxpy-1.6.5-SDPA-0.2.2,DIMACS,truss8,SDP,"{""cpu"": {""cpu_count"": 8, ""cpu_count_physical"": 8, ""processor"": ""arm"", ""architecture"": ""64bit""}, ""memory"": {""total_gb"": 24.0}, ""os"": {""system"": ""Darwin"", ""machine"": ""arm64"", ""release"": ""23.5.0""}, ""python"": {""implementation"": ""CPython"", ""version"": ""3.12.2"", ""version_info"": ""3.12.2""}, ""git"": {""commit_hash"": ""443b599dca6666ab5976e2cf184c9398d48cda2b""}, ""timezone"": {""timezone_name"": ""UTC"", ""utc_offset_hours"": 0.0}, ""timestamp"": 1752416768.0}",443b599dca6666ab5976e2cf184c9398d48cda2b,2025-07-16T10:15:49,0.618751049041748,OPTIMAL,133.11459453047246,133.11459273039674,1.8000757222580432e-06,1.4560143550748557e-10,2.0041502554605766e-08,,"{""iteration_info_limitation"": ""SDPA does not provide iteration count through CVXPY"", ""solver_solve_time"": null, ""problem_class"": ""SDP""}"
1820,matlab_sdpt3,SDPT3-4.0-20240410 (MATLAB 24.1.0.2537033 (R2024a)),DIMACS,truss8,SDP,"{""cpu"": {""cpu_count"": 8, ""cpu_count_physical"": 8, ""processor"": ""arm"", ""architecture"": ""64bit""}, ""memory"": {""total_gb"": 24.0}, ""os"": {""system"": ""Darwin"", ""machine"": ""arm64"", ""release"": ""23.5.0""}, ""python"": {""implementation"": ""CPython"", ""version"": ""3.12.2"", ""version_info"": ""3.12.2""}, ""git"": {""commit_hash"": ""d31cb7532a216fdc91b3add7143ef51aa6679c9d""}, ""timezone"": {""timezone_name"": ""UTC"", ""utc_offset_hours"": 0.0}, ""timestamp"": 1752926592.0}",d31cb7532a216fdc91b3add7143ef51aa6679c9d,2025-07-22T15:31:53,0.8213070833333334,OPTIMAL,133.11458915883577,133.1145890906361,6.819968234594853e-08,2.2496379323625403e-10,0.0,16,"{""matlab_output"": {""solver_name"": ""SDPT3"", ""status"": ""optimal"", ""solve_time"": 0.8213070833333334, ""setup_time"": [], ""iterations"": 16, ""primal_objective_value"": 133.11458915883577, ""dual_objective_value"": 133.1145890906361, ""duality_gap"": 6.819968234594853e-08, ""primal_infeasibility"": 2.2496379323625403e-10, ""dual_infeasibility"": 0, ""solver_version"": ""SDPT3-4.0-20240410"", ""solver_options"": {}, ""termination_reason"": """", ""error_message"": """", ""timestamp"": ""2025-07-23 00:31:50"", ""matlab_version"": ""24.1.0.2537033 (R2024a)""}, ""matlab_version"": ""24.1.0.2537033 (R2024a)"", ""solver_backend"": ""sdpt3"", ""execution_environment"": ""matlab"", ""problem_class"": ""SDP""}"
1822,matlab_sedumi,SeDuMi-1.3.7 (MATLAB 24.1.0.2537033 (R2024a)),DIMACS,truss8,SDP,"{""cpu"": {""cpu_count"": 8, ""cpu_count_physical"": 8, ""processor"": ""arm"", ""architecture"": ""64bit""}, ""memory"": {""total_gb"": 24.0}, ""os"": {""system"": ""Darwin"", ""machine"": ""arm64"", ""release"": ""23.5.0""}, ""python"": {""implementation"": ""CPython"", ""version"": ""3.12.2"", ""version_info"": ""3.12.2""}, ""git"": {""commit_hash"": ""d31cb7532a216fdc91b3add7143ef51aa6679c9d""}, ""timezone"": {""timezone_name"": ""UTC"", ""utc_offset_hours"": 0.0}, ""timestamp"": 1752926592.0}",d31cb7532a216fdc91b3add7143ef51aa6679c9d,2025-07-22T15:32:44,1.0171705,OPTIMAL,133.11458828405543,133.11458828648352,2.4280950583488448e-09,7.429302853954885e-09,2.294303437965876e-10,24,"{""matlab_output"": {""solver_name"": ""SeDuMi"", ""status"": ""optimal"", ""solve_time"": 1.0171705, ""setup_time"": [], ""iterations"": 24, ""primal_objective_value"": 133.11458828405543, ""dual_objective_value"": 133.11458828648352, ""duality_gap"": 2.4280950583488448e-09, ""primal_infeasibility"": 7.429302853954885e-09, ""dual_infeasibility"": 2.294303437965876e-10, ""solver_version"": ""SeDuMi-1.3.7"", ""solver_options"": {}, ""termination_reason"": """", ""error_message"": """", ""timestamp"": ""2025-07-23 00:32:41"", ""matlab_version"": ""24.1.0.2537033 (R2024a)""}, ""matlab_version"": ""24.1.0.2537033 (R2024a)"", ""solver_backend"": ""sedumi"", ""execution_environment"": ""matlab"", ""problem_class"": ""SDP""}"
649,scipy_linprog,scipy-1.15.3,DIMACS,truss8,SDP,"{""cpu"": {""cpu_count"": 8, ""cpu_count_physical"": 8, ""processor"": ""arm"", ""architecture"": ""64bit""}, ""memory"": {""total_gb"": 24.0}, ""os"": {""system"": ""Darwin"", ""machine"": ""arm64"", ""release"": ""23.5.0""}, ""python"": {""implementation"": ""CPython"", ""version"": ""3.12.2"", ""version_info"": ""3.12.2""}, ""git"": {""commit_hash"": ""443b599dca6666ab5976e2cf184c9398d48cda2b""}, ""timezone"": {""timezone_name"": ""UTC"", ""utc_offset_hours"": 0.0}, ""timestamp"": 1752416768.0}",443b599dca6666ab5976e2cf184c9398d48cda2b,2025-07-16T10:15:49,,UNSUPPORTED,,,,,,,"{""reason"": ""Solver does not support SDP problems"", ""problem_type"": ""SDP"", ""problem_class"": ""SDP""}"
1384,cvxpy_clarabel,cvxpy-1.6.5-CLARABEL-0.11.0,SDPLIB,arch0,SDP,"{""cpu"": {""cpu_count"": 8, ""cpu_count_physical"": 8, ""processor"": ""arm"", ""architecture"": ""64bit""}, ""memory"": {""total_gb"": 24.0}, ""os"": {""system"": ""Darwin"", ""machine"": ""arm64"", ""release"": ""23.5.0""}, ""python"": {""implementation"": ""CPython"", ""version"": ""3.12.2"", ""version_info"": ""3.12.2""}, ""git"": {""commit_hash"": ""443b599dca6666ab5976e2cf184c9398d48cda2b""}, ""timezone"": {""timezone_name"": ""UTC"", ""utc_offset_hours"": 0.0}, ""timestamp"": 1752416768.0}",443b599dca6666ab5976e2cf184c9398d48cda2b,2025-07-18T16:12:17,8.206942081451416,OPTIMAL,-0.5665172821147114,-0.5665172817725594,-3.421519734203571e-10,1.022967781834959e-07,0.0,22,"{""solver_solve_time"": 5.106811166, ""problem_class"": ""SDP""}"
1385,cvxpy_cvxopt,cvxpy-1.6.5-CVXOPT-1.3.2,SDPLIB,arch0,SDP,"{""cpu"": {""cpu_count"": 8, ""cpu_count_physical"": 8, ""processor"": ""arm"", ""architecture"": ""64bit""}, ""memory"": {""total_gb"": 24.0}, ""os"": {""system"": ""Darwin"", ""machine"": ""arm64"", ""release"": ""23.5.0""}, ""python"": {""implementation"": ""CPython"", ""version"": ""3.12.2"", ""version_info"": ""3.12.2""}, ""git"": {""commit_hash"": ""443b599dca6666ab5976e2cf184c9398d48cda2b""}, ""timezone"": {""timezone_name"": ""UTC"", ""utc_offset_hours"": 0.0}, ""timestamp"": 1752416768.0}",443b599dca6666ab5976e2cf184c9398d48cda2b,2025-07-18T16:12:25,8.386672973632812,OPTIMAL,-0.5665172762101253,-0.5665172760832871,-1.2683820660441825e-10,2.9533438966925347e-08,4.1854682344393564e-13,,"{""iteration_info_limitation"": ""CVXOPT does not provide iteration count through CVXPY"", ""solver_solve_time"": null, ""problem_class"": ""SDP""}"
653,cvxpy_cvxopt,cvxpy-1.6.5-CVXOPT-1.3.2,SDPLIB,arch0,SDP,"{""cpu"": {""cpu_count"": 8, ""cpu_count_physical"": 8, ""processor"": ""arm"", ""architecture"": ""64bit""}, ""memory"": {""total_gb"": 24.0}, ""os"": {""system"": ""Darwin"", ""machine"": ""arm64"", ""release"": ""23.5.0""}, ""python"": {""implementation"": ""CPython"", ""version"": ""3.12.2"", ""version_info"": ""3.12.2""}, ""git"": {""commit_hash"": ""443b599dca6666ab5976e2cf184c9398d48cda2b""}, ""timezone"": {""timezone_name"": ""UTC"", ""utc_offset_hours"": 0.0}, ""timestamp"": 1752416768.0}",443b599dca6666ab5976e2cf184c9398d48cda2b,2025-07-16T10:17:22,8.43869686126709,OPTIMAL,-0.5665172762101253,-0.5665172760832871,-1.2683820660441825e-10,2.9533438966925347e-08,4.1854682344393564e-13,,"{""iteration_info_limitation"": ""CVXOPT does not provide iteration count through CVXPY"", ""solver_solve_time"": null, ""problem_class"": ""SDP""}"
654,cvxpy_ecos,cvxpy-1.6.5-ECOS-2.0.14,SDPLIB,arch0,SDP,"{""cpu"": {""cpu_count"": 8, ""cpu_count_physical"": 8, ""processor"": ""arm"", ""architecture"": ""64bit""}, ""memory"": {""total_gb"": 24.0}, ""os"": {""system"": ""Darwin"", ""machine"": ""arm64"", ""release"": ""23.5.0""}, ""python"": {""implementation"": ""CPython"", ""version"": ""3.12.2"", ""version_info"": ""3.12.2""}, ""git"": {""commit_hash"": ""443b599dca6666ab5976e2cf184c9398d48cda2b""}, ""timezone"": {""timezone_name"": ""UTC"", ""utc_offset_hours"": 0.0}, ""timestamp"": 1752416768.0}",443b599dca6666ab5976e2cf184c9398d48cda2b,2025-07-16T10:17:22,,UNSUPPORTED,,,,,,,"{""reason"": ""Solver does not support SDP problems"", ""problem_type"": ""SDP"", ""problem_class"": ""SDP""}"
655,cvxpy_highs,cvxpy-1.6.5-HIGHS-1.11.0,SDPLIB,arch0,SDP,"{""cpu"": {""cpu_count"": 8, ""cpu_count_physical"": 8, ""processor"": ""arm"", ""architecture"": ""64bit""}, ""memory"": {""total_gb"": 24.0}, ""os"": {""system"": ""Darwin"", ""machine"": ""arm64"", ""release"": ""23.5.0""}, ""python"": {""implementation"": ""CPython"", ""version"": ""3.12.2"", ""version_info"": ""3.12.2""}, ""git"": {""commit_hash"": ""443b599dca6666ab5976e2cf184c9398d48cda2b""}, ""timezone"": {""timezone_name"": ""UTC"", ""utc_offset_hours"": 0.0}, ""timestamp"": 1752416768.0}",443b599dca6666ab5976e2cf184c9398d48cda2b,2025-07-16T10:17:22,,UNSUPPORTED,,,,,,,"{""reason"": ""Solver does not support SDP problems"", ""problem_type"": ""SDP"", ""problem_class"": ""SDP""}"
656,cvxpy_osqp,cvxpy-1.6.5-OSQP-1.0.4,SDPLIB,arch0,SDP,"{""cpu"": {""cpu_count"": 8, ""cpu_count_physical"": 8, ""processor"": ""arm"", ""architecture"": ""64bit""}, ""memory"": {""total_gb"": 24.0}, ""os"": {""system"": ""Darwin"", ""machine"": ""arm64"", ""release"": ""23.5.0""}, ""python"": {""implementation"": ""CPython"", ""version"": ""3.12.2"", ""version_info"": ""3.12.2""}, ""git"": {""commit_hash"": ""443b599dca6666ab5976e2cf184c9398d48cda2b""}, ""timezone"": {""timezone_name"": ""UTC"", ""utc_offset_hours"": 0.0}, ""timestamp"": 1752416768.0}",443b599dca6666ab5976e2cf184c9398d48cda2b,2025-07-16T10:17:22,,UNSUPPORTED,,,,,,,"{""reason"": ""Solver does not support SDP problems"", ""problem_type"": ""SDP"", ""problem_class"": ""SDP""}"
657,cvxpy_scip,cvxpy-1.6.5-SCIP-5.5.0,SDPLIB,arch0,SDP,"{""cpu"": {""cpu_count"": 8, ""cpu_count_physical"": 8, ""processor"": ""arm"", ""architecture"": ""64bit""}, ""memory"": {""total_gb"": 24.0}, ""os"": {""system"": ""Darwin"", ""machine"": ""arm64"", ""release"": ""23.5.0""}, ""python"": {""implementation"": ""CPython"", ""version"": ""3.12.2"", ""version_info"": ""3.12.2""}, ""git"": {""commit_hash"": ""443b599dca6666ab5976e2cf184c9398d48cda2b""}, ""timezone"": {""timezone_name"": ""UTC"", ""utc_offset_hours"": 0.0}, ""timestamp"": 1752416768.0}",443b599dca6666ab5976e2cf184c9398d48cda2b,2025-07-16T10:17:22,,UNSUPPORTED,,,,,,,"{""reason"": ""Solver does not support SDP problems"", ""problem_type"": ""SDP"", ""problem_class"": ""SDP""}"
658,cvxpy_sdpa,cvxpy-1.6.5-SDPA-0.2.2,SDPLIB,arch0,SDP,"{""cpu"": {""cpu_count"": 8, ""cpu_count_physical"": 8, ""processor"": ""arm"", ""architecture"": ""64bit""}, ""memory"": {""total_gb"": 24.0}, ""os"": {""system"": ""Darwin"", ""machine"": ""arm64"", ""release"": ""23.5.0""}, ""python"": {""implementation"": ""CPython"", ""version"": ""3.12.2"", ""version_info"": ""3.12.2""}, ""git"": {""commit_hash"": ""443b599dca6666ab5976e2cf184c9398d48cda2b""}, ""timezone"": {""timezone_name"": ""UTC"", ""utc_offset_hours"": 0.0}, ""timestamp"": 1752416768.0}",443b599dca6666ab5976e2cf184c9398d48cda2b,2025-07-16T10:21:23,3.5877089500427246,OPTIMAL,-0.566517267707974,-0.5665172734748258,5.766851884914104e-09,6.702895394246997e-09,0.0,,"{""iteration_info_limitation"": ""SDPA does not provide iteration count through CVXPY"", ""solver_solve_time"": null, ""problem_class"": ""SDP""}"
1891,matlab_sdpt3,SDPT3-4.0-20240410 (MATLAB 24.1.0.2537033 (R2024a)),SDPLIB,arch0,SDP,"{""cpu"": {""cpu_count"": 8, ""cpu_count_physical"": 8, ""processor"": ""arm"", ""architecture"": ""64bit""}, ""memory"": {""total_gb"": 24.0}, ""os"": {""system"": ""Darwin"", ""machine"": ""arm64"", ""release"": ""23.5.0""}, ""python"": {""implementation"": ""CPython"", ""version"": ""3.12.2"", ""version_info"": ""3.12.2""}, ""git"": {""commit_hash"": ""2ef15f0b24da1069f2b57592da99da5a647810c6""}, ""timezone"": {""timezone_name"": ""UTC"", ""utc_offset_hours"": 0.0}, ""timestamp"": 1752926592.0}",2ef15f0b24da1069f2b57592da99da5a647810c6,2025-07-22T16:08:58,1.693596375,OPTIMAL,-0.5665172706450547,-0.5665172738234687,3.1784139764567954e-09,3.331523558890798e-09,0.0,26,"{""matlab_output"": {""solver_name"": ""SDPT3"", ""status"": ""optimal"", ""solve_time"": 1.693596375, ""setup_time"": [], ""iterations"": 26, ""primal_objective_value"": -0.5665172706450547, ""dual_objective_value"": -0.5665172738234687, ""duality_gap"": 3.1784139764567954e-09, ""primal_infeasibility"": 3.331523558890798e-09, ""dual_infeasibility"": 0, ""solver_version"": ""SDPT3-4.0-20240410"", ""solver_options"": {}, ""termination_reason"": """", ""error_message"": """", ""timestamp"": ""2025-07-23 01:08:56"", ""matlab_version"": ""24.1.0.2537033 (R2024a)""}, ""matlab_version"": ""24.1.0.2537033 (R2024a)"", ""solver_backend"": ""sdpt3"", ""execution_environment"": ""matlab"", ""problem_class"": ""SDP""}"
1462,matlab_sedumi,SeDuMi-1.3.7 (MATLAB 24.1.0.2537033 (R2024a)),SDPLIB,arch0,SDP,"{""cpu"": {""cpu_count"": 8, ""cpu_count_physical"": 8, ""processor"": ""arm"", ""architecture"": ""64bit""}, ""memory"": {""total_gb"": 24.0}, ""os"": {""system"": ""Darwin"", ""machine"": ""arm64"", ""release"": ""23.5.0""}, ""python"": {""implementation"": ""CPython"", ""version"": ""3.12.2"", ""version_info"": ""3.12.2""}, ""git"": {""commit_hash"": ""96ca043787ef8c38515cfa8d108d16b61b823e04""}, ""timezone"": {""timezone_name"": ""UTC"", ""utc_offset_hours"": 0.0}, ""timestamp"": 1752926592.0}",96ca043787ef8c38515cfa8d108d16b61b823e04,2025-07-19T12:37:38,2.2475020833333335,OPTIMAL,-0.5665172725671985,-0.5665172736468338,1.0796352700737089e-09,8.490926777938654e-10,0.0,31,"{""matlab_output"": {""solver_name"": ""SeDuMi"", ""status"": ""optimal"", ""solve_time"": 2.2475020833333335, ""setup_time"": [], ""iterations"": 31, ""primal_objective_value"": -0.5665172725671985, ""dual_objective_value"": -0.5665172736468338, ""duality_gap"": 1.0796352700737089e-09, ""primal_infeasibility"": 8.490926777938654e-10, ""dual_infeasibility"": 0, ""solver_version"": ""SeDuMi-1.3.7"", ""solver_options"": {}, ""termination_reason"": """", ""error_message"": """", ""timestamp"": ""2025-07-19 21:37:35"", ""matlab_version"": ""24.1.0.2537033 (R2024a)""}, ""matlab_version"": ""24.1.0.2537033 (R2024a)"", ""solver_backend"": ""sedumi"", ""execution_environment"": ""matlab"", ""problem_class"": ""SDP""}"
659,scipy_linprog,scipy-1.15.3,SDPLIB,arch0,SDP,"{""cpu"": {""cpu_count"": 8, ""cpu_count_physical"": 8, ""processor"": ""arm"", ""architecture"": ""64bit""}, ""memory"": {""total_gb"": 24.0}, ""os"": {""system"": ""Darwin"", ""machine"": ""arm64"", ""release"": ""23.5.0""}, ""python"": {""implementation"": ""CPython"", ""version"": ""3.12.2"", ""version_info"": ""3.12.2""}, ""git"": {""commit_hash"": ""443b599dca6666ab5976e2cf184c9398d48cda2b""}, ""timezone"": {""timezone_name"": ""UTC"", ""utc_offset_hours"": 0.0}, ""timestamp"": 1752416768.0}",443b599dca6666ab5976e2cf184c9398d48cda2b,2025-07-16T10:21:38,,UNSUPPORTED,,,,,,,"{""reason"": ""Solver does not support SDP problems"", ""problem_type"": ""SDP"", ""problem_class"": ""SDP""}"
662,cvxpy_clarabel,cvxpy-1.6.5-CLARABEL-0.11.0,SDPLIB,arch2,SDP,"{""cpu"": {""cpu_count"": 8, ""cpu_count_physical"": 8, ""processor"": ""arm"", ""architecture"": ""64bit""}, ""memory"": {""total_gb"": 24.0}, ""os"": {""system"": ""Darwin"", ""machine"": ""arm64"", ""release"": ""23.5.0""}, ""python"": {""implementation"": ""CPython"", ""version"": ""3.12.2"", ""version_info"": ""3.12.2""}, ""git"": {""commit_hash"": ""443b599dca6666ab5976e2cf184c9398d48cda2b""}, ""timezone"": {""timezone_name"": ""UTC"", ""utc_offset_hours"": 0.0}, ""timestamp"": 1752416768.0}",443b599dca6666ab5976e2cf184c9398d48cda2b,2025-07-16T10:22:51,5.150921821594238,OPTIMAL,-0.6715154099679571,-0.6715154097625702,-2.0538692968585792e-10,3.512925202723288e-08,0.0,24,"{""solver_solve_time"": 2.10602146, ""problem_class"": ""SDP""}"
663,cvxpy_cvxopt,cvxpy-1.6.5-CVXOPT-1.3.2,SDPLIB,arch2,SDP,"{""cpu"": {""cpu_count"": 8, ""cpu_count_physical"": 8, ""processor"": ""arm"", ""architecture"": ""64bit""}, ""memory"": {""total_gb"": 24.0}, ""os"": {""system"": ""Darwin"", ""machine"": ""arm64"", ""release"": ""23.5.0""}, ""python"": {""implementation"": ""CPython"", ""version"": ""3.12.2"", ""version_info"": ""3.12.2""}, ""git"": {""commit_hash"": ""443b599dca6666ab5976e2cf184c9398d48cda2b""}, ""timezone"": {""timezone_name"": ""UTC"", ""utc_offset_hours"": 0.0}, ""timestamp"": 1752416768.0}",443b599dca6666ab5976e2cf184c9398d48cda2b,2025-07-16T10:22:59,7.646672964096069,OPTIMAL,-0.6715154087273556,-0.6715154086542251,-7.313050165436152e-11,1.1755370688932572e-08,0.0,,"{""iteration_info_limitation"": ""CVXOPT does not provide iteration count through CVXPY"", ""solver_solve_time"": null, ""problem_class"": ""SDP""}"
665,cvxpy_ecos,cvxpy-1.6.5-ECOS-2.0.14,SDPLIB,arch2,SDP,"{""cpu"": {""cpu_count"": 8, ""cpu_count_physical"": 8, ""processor"": ""arm"", ""architecture"": ""64bit""}, ""memory"": {""total_gb"": 24.0}, ""os"": {""system"": ""Darwin"", ""machine"": ""arm64"", ""release"": ""23.5.0""}, ""python"": {""implementation"": ""CPython"", ""version"": ""3.12.2"", ""version_info"": ""3.12.2""}, ""git"": {""commit_hash"": ""443b599dca6666ab5976e2cf184c9398d48cda2b""}, ""timezone"": {""timezone_name"": ""UTC"", ""utc_offset_hours"": 0.0}, ""timestamp"": 1752416768.0}",443b599dca6666ab5976e2cf184c9398d48cda2b,2025-07-16T10:23:13,,UNSUPPORTED,,,,,,,"{""reason"": ""Solver does not support SDP problems"", ""problem_type"": ""SDP"", ""problem_class"": ""SDP""}"
666,cvxpy_highs,cvxpy-1.6.5-HIGHS-1.11.0,SDPLIB,arch2,SDP,"{""cpu"": {""cpu_count"": 8, ""cpu_count_physical"": 8, ""processor"": ""arm"", ""architecture"": ""64bit""}, ""memory"": {""total_gb"": 24.0}, ""os"": {""system"": ""Darwin"", ""machine"": ""arm64"", ""release"": ""23.5.0""}, ""python"": {""implementation"": ""CPython"", ""version"": ""3.12.2"", ""version_info"": ""3.12.2""}, ""git"": {""commit_hash"": ""443b599dca6666ab5976e2cf184c9398d48cda2b""}, ""timezone"": {""timezone_name"": ""UTC"", ""utc_offset_hours"": 0.0}, ""timestamp"": 1752416768.0}",443b599dca6666ab5976e2cf184c9398d48cda2b,2025-07-16T10:23:13,,UNSUPPORTED,,,,,,,"{""reason"": ""Solver does not support SDP problems"", ""problem_type"": ""SDP"", ""problem_class"": ""SDP""}"
667,cvxpy_osqp,cvxpy-1.6.5-OSQP-1.0.4,SDPLIB,arch2,SDP,"{""cpu"": {""cpu_count"": 8, ""cpu_count_physical"": 8, ""processor"": ""arm"", ""architecture"": ""64bit""}, ""memory"": {""total_gb"": 24.0}, ""os"": {""system"": ""Darwin"", ""machine"": ""arm64"", ""release"": ""23.5.0""}, ""python"": {""implementation"": ""CPython"", ""version"": ""3.12.2"", ""version_info"": ""3.12.2""}, ""git"": {""commit_hash"": ""443b599dca6666ab5976e2cf184c9398d48cda2b""}, ""timezone"": {""timezone_name"": ""UTC"", ""utc_offset_hours"": 0.0}, ""timestamp"": 1752416768.0}",443b599dca6666ab5976e2cf184c9398d48cda2b,2025-07-16T10:23:13,,UNSUPPORTED,,,,,,,"{""reason"": ""Solver does not support SDP problems"", ""problem_type"": ""SDP"", ""problem_class"": ""SDP""}"
668,cvxpy_scip,cvxpy-1.6.5-SCIP-5.5.0,SDPLIB,arch2,SDP,"{""cpu"": {""cpu_count"": 8, ""cpu_count_physical"": 8, ""processor"": ""arm"", ""architecture"": ""64bit""}, ""memory"": {""total_gb"": 24.0}, ""os"": {""system"": ""Darwin"", ""machine"": ""arm64"", ""release"": ""23.5.0""}, ""python"": {""implementation"": ""CPython"", ""version"": ""3.12.2"", ""version_info"": ""3.12.2""}, ""git"": {""commit_hash"": ""443b599dca6666ab5976e2cf184c9398d48cda2b""}, ""timezone"": {""timezone_name"": ""UTC"", ""utc_offset_hours"": 0.0}, ""timestamp"": 1752416768.0}",443b599dca6666ab5976e2cf184c9398d48cda2b,2025-07-16T10:23:13,,UNSUPPORTED,,,,,,,"{""reason"": ""Solver does not support SDP problems"", ""problem_type"": ""SDP"", ""problem_class"": ""SDP""}"
664,cvxpy_sdpa,cvxpy-1.6.5-SDPA-0.2.2,SDPLIB,arch2,SDP,"{""cpu"": {""cpu_count"": 8, ""cpu_count_physical"": 8, ""processor"": ""arm"", ""architecture"": ""64bit""}, ""memory"": {""total_gb"": 24.0}, ""os"": {""system"": ""Darwin"", ""machine"": ""arm64"", ""release"": ""23.5.0""}, ""python"": {""implementation"": ""CPython"", ""version"": ""3.12.2"", ""version_info"": ""3.12.2""}, ""git"": {""commit_hash"": ""443b599dca6666ab5976e2cf184c9398d48cda2b""}, ""timezone"": {""timezone_name"": ""UTC"", ""utc_offset_hours"": 0.0}, ""timestamp"": 1752416768.0}",443b599dca6666ab5976e2cf184c9398d48cda2b,2025-07-16T10:23:03,3.7065846920013428,OPTIMAL (INACCURATE),-0.6715149919393316,-0.6715154519149769,4.599756452394743e-07,9.880028136196605e-10,0.0,,"{""iteration_info_limitation"": ""SDPA does not provide iteration count through CVXPY"", ""solver_solve_time"": null, ""problem_class"": ""SDP""}"
1598,matlab_sdpt3,SDPT3-4.0-20240410 (MATLAB 24.1.0.2537033 (R2024a)),SDPLIB,arch2,SDP,"{""cpu"": {""cpu_count"": 8, ""cpu_count_physical"": 8, ""processor"": ""arm"", ""architecture"": ""64bit""}, ""memory"": {""total_gb"": 24.0}, ""os"": {""system"": ""Darwin"", ""machine"": ""arm64"", ""release"": ""23.5.0""}, ""python"": {""implementation"": ""CPython"", ""version"": ""3.12.2"", ""version_info"": ""3.12.2""}, ""git"": {""commit_hash"": ""96ca043787ef8c38515cfa8d108d16b61b823e04""}, ""timezone"": {""timezone_name"": ""UTC"", ""utc_offset_hours"": 0.0}, ""timestamp"": 1752926592.0}",96ca043787ef8c38515cfa8d108d16b61b823e04,2025-07-19T14:00:13,1.86828275,OPTIMAL,-0.6715154042243952,-0.6715154083287945,4.104399375925993e-09,3.403005752654008e-10,0.0,24,"{""matlab_output"": {""solver_name"": ""SDPT3"", ""status"": ""optimal"", ""solve_time"": 1.86828275, ""setup_time"": [], ""iterations"": 24, ""primal_objective_value"": -0.6715154042243952, ""dual_objective_value"": -0.6715154083287945, ""duality_gap"": 4.104399375925993e-09, ""primal_infeasibility"": 3.403005752654008e-10, ""dual_infeasibility"": 0, ""solver_version"": ""SDPT3-4.0-20240410"", ""solver_options"": {}, ""termination_reason"": """", ""error_message"": """", ""timestamp"": ""2025-07-19 23:00:10"", ""matlab_version"": ""24.1.0.2537033 (R2024a)""}, ""matlab_version"": ""24.1.0.2537033 (R2024a)"", ""solver_backend"": ""sdpt3"", ""execution_environment"": ""matlab"", ""problem_class"": ""SDP""}"
1463,matlab_sedumi,SeDuMi-1.3.7 (MATLAB 24.1.0.2537033 (R2024a)),SDPLIB,arch2,SDP,"{""cpu"": {""cpu_count"": 8, ""cpu_count_physical"": 8, ""processor"": ""arm"", ""architecture"": ""64bit""}, ""memory"": {""total_gb"": 24.0}, ""os"": {""system"": ""Darwin"", ""machine"": ""arm64"", ""release"": ""23.5.0""}, ""python"": {""implementation"": ""CPython"", ""version"": ""3.12.2"", ""version_info"": ""3.12.2""}, ""git"": {""commit_hash"": ""96ca043787ef8c38515cfa8d108d16b61b823e04""}, ""timezone"": {""timezone_name"": ""UTC"", ""utc_offset_hours"": 0.0}, ""timestamp"": 1752926592.0}",96ca043787ef8c38515cfa8d108d16b61b823e04,2025-07-19T12:37:45,1.7373145833333334,OPTIMAL,-0.6715153908899425,-0.6715153884008259,2.4891165795182246e-09,2.8865480120764807e-09,6.157079870441952e-11,27,"{""matlab_output"": {""solver_name"": ""SeDuMi"", ""status"": ""optimal"", ""solve_time"": 1.7373145833333334, ""setup_time"": [], ""iterations"": 27, ""primal_objective_value"": -0.6715153908899425, ""dual_objective_value"": -0.6715153884008259, ""duality_gap"": 2.4891165795182246e-09, ""primal_infeasibility"": 2.8865480120764807e-09, ""dual_infeasibility"": 6.157079870441952e-11, ""solver_version"": ""SeDuMi-1.3.7"", ""solver_options"": {}, ""termination_reason"": """", ""error_message"": """", ""timestamp"": ""2025-07-19 21:37:42"", ""matlab_version"": ""24.1.0.2537033 (R2024a)""}, ""matlab_version"": ""24.1.0.2537033 (R2024a)"", ""solver_backend"": ""sedumi"", ""execution_environment"": ""matlab"", ""problem_class"": ""SDP""}"
669,scipy_linprog,scipy-1.15.3,SDPLIB,arch2,SDP,"{""cpu"": {""cpu_count"": 8, ""cpu_count_physical"": 8, ""processor"": ""arm"", ""architecture"": ""64bit""}, ""memory"": {""total_gb"": 24.0}, ""os"": {""system"": ""Darwin"", ""machine"": ""arm64"", ""release"": ""23.5.0""}, ""python"": {""implementation"": ""CPython"", ""version"": ""3.12.2"", ""version_info"": ""3.12.2""}, ""git"": {""commit_hash"": ""443b599dca6666ab5976e2cf184c9398d48cda2b""}, ""timezone"": {""timezone_name"": ""UTC"", ""utc_offset_hours"": 0.0}, ""timestamp"": 1752416768.0}",443b599dca6666ab5976e2cf184c9398d48cda2b,2025-07-16T10:23:13,,UNSUPPORTED,,,,,,,"{""reason"": ""Solver does not support SDP problems"", ""problem_type"": ""SDP"", ""problem_class"": ""SDP""}"
672,cvxpy_clarabel,cvxpy-1.6.5-CLARABEL-0.11.0,SDPLIB,arch4,SDP,"{""cpu"": {""cpu_count"": 8, ""cpu_count_physical"": 8, ""processor"": ""arm"", ""architecture"": ""64bit""}, ""memory"": {""total_gb"": 24.0}, ""os"": {""system"": ""Darwin"", ""machine"": ""arm64"", ""release"": ""23.5.0""}, ""python"": {""implementation"": ""CPython"", ""version"": ""3.12.2"", ""version_info"": ""3.12.2""}, ""git"": {""commit_hash"": ""443b599dca6666ab5976e2cf184c9398d48cda2b""}, ""timezone"": {""timezone_name"": ""UTC"", ""utc_offset_hours"": 0.0}, ""timestamp"": 1752416768.0}",443b599dca6666ab5976e2cf184c9398d48cda2b,2025-07-16T10:26:32,4.8658952713012695,OPTIMAL,-0.9726274329610303,-0.9726274322104886,-7.505416288466904e-10,1.1813692812382962e-07,0.0,20,"{""solver_solve_time"": 1.8078781689999999, ""problem_class"": ""SDP""}"
673,cvxpy_cvxopt,cvxpy-1.6.5-CVXOPT-1.3.2,SDPLIB,arch4,SDP,"{""cpu"": {""cpu_count"": 8, ""cpu_count_physical"": 8, ""processor"": ""arm"", ""architecture"": ""64bit""}, ""memory"": {""total_gb"": 24.0}, ""os"": {""system"": ""Darwin"", ""machine"": ""arm64"", ""release"": ""23.5.0""}, ""python"": {""implementation"": ""CPython"", ""version"": ""3.12.2"", ""version_info"": ""3.12.2""}, ""git"": {""commit_hash"": ""443b599dca6666ab5976e2cf184c9398d48cda2b""}, ""timezone"": {""timezone_name"": ""UTC"", ""utc_offset_hours"": 0.0}, ""timestamp"": 1752416768.0}",443b599dca6666ab5976e2cf184c9398d48cda2b,2025-07-16T10:26:40,7.340211868286133,OPTIMAL,-0.9726274304903915,-0.9726274299150273,-5.753642007277904e-10,7.421682204955683e-08,2.5603242314031326e-13,,"{""iteration_info_limitation"": ""CVXOPT does not provide iteration count through CVXPY"", ""solver_solve_time"": null, ""problem_class"": ""SDP""}"
674,cvxpy_ecos,cvxpy-1.6.5-ECOS-2.0.14,SDPLIB,arch4,SDP,"{""cpu"": {""cpu_count"": 8, ""cpu_count_physical"": 8, ""processor"": ""arm"", ""architecture"": ""64bit""}, ""memory"": {""total_gb"": 24.0}, ""os"": {""system"": ""Darwin"", ""machine"": ""arm64"", ""release"": ""23.5.0""}, ""python"": {""implementation"": ""CPython"", ""version"": ""3.12.2"", ""version_info"": ""3.12.2""}, ""git"": {""commit_hash"": ""443b599dca6666ab5976e2cf184c9398d48cda2b""}, ""timezone"": {""timezone_name"": ""UTC"", ""utc_offset_hours"": 0.0}, ""timestamp"": 1752416768.0}",443b599dca6666ab5976e2cf184c9398d48cda2b,2025-07-16T10:26:40,,UNSUPPORTED,,,,,,,"{""reason"": ""Solver does not support SDP problems"", ""problem_type"": ""SDP"", ""problem_class"": ""SDP""}"
675,cvxpy_highs,cvxpy-1.6.5-HIGHS-1.11.0,SDPLIB,arch4,SDP,"{""cpu"": {""cpu_count"": 8, ""cpu_count_physical"": 8, ""processor"": ""arm"", ""architecture"": ""64bit""}, ""memory"": {""total_gb"": 24.0}, ""os"": {""system"": ""Darwin"", ""machine"": ""arm64"", ""release"": ""23.5.0""}, ""python"": {""implementation"": ""CPython"", ""version"": ""3.12.2"", ""version_info"": ""3.12.2""}, ""git"": {""commit_hash"": ""443b599dca6666ab5976e2cf184c9398d48cda2b""}, ""timezone"": {""timezone_name"": ""UTC"", ""utc_offset_hours"": 0.0}, ""timestamp"": 1752416768.0}",443b599dca6666ab5976e2cf184c9398d48cda2b,2025-07-16T10:26:40,,UNSUPPORTED,,,,,,,"{""reason"": ""Solver does not support SDP problems"", ""problem_type"": ""SDP"", ""problem_class"": ""SDP""}"
676,cvxpy_osqp,cvxpy-1.6.5-OSQP-1.0.4,SDPLIB,arch4,SDP,"{""cpu"": {""cpu_count"": 8, ""cpu_count_physical"": 8, ""processor"": ""arm"", ""architecture"": ""64bit""}, ""memory"": {""total_gb"": 24.0}, ""os"": {""system"": ""Darwin"", ""machine"": ""arm64"", ""release"": ""23.5.0""}, ""python"": {""implementation"": ""CPython"", ""version"": ""3.12.2"", ""version_info"": ""3.12.2""}, ""git"": {""commit_hash"": ""443b599dca6666ab5976e2cf184c9398d48cda2b""}, ""timezone"": {""timezone_name"": ""UTC"", ""utc_offset_hours"": 0.0}, ""timestamp"": 1752416768.0}",443b599dca6666ab5976e2cf184c9398d48cda2b,2025-07-16T10:26:40,,UNSUPPORTED,,,,,,,"{""reason"": ""Solver does not support SDP problems"", ""problem_type"": ""SDP"", ""problem_class"": ""SDP""}"
677,cvxpy_scip,cvxpy-1.6.5-SCIP-5.5.0,SDPLIB,arch4,SDP,"{""cpu"": {""cpu_count"": 8, ""cpu_count_physical"": 8, ""processor"": ""arm"", ""architecture"": ""64bit""}, ""memory"": {""total_gb"": 24.0}, ""os"": {""system"": ""Darwin"", ""machine"": ""arm64"", ""release"": ""23.5.0""}, ""python"": {""implementation"": ""CPython"", ""version"": ""3.12.2"", ""version_info"": ""3.12.2""}, ""git"": {""commit_hash"": ""443b599dca6666ab5976e2cf184c9398d48cda2b""}, ""timezone"": {""timezone_name"": ""UTC"", ""utc_offset_hours"": 0.0}, ""timestamp"": 1752416768.0}",443b599dca6666ab5976e2cf184c9398d48cda2b,2025-07-16T10:26:40,,UNSUPPORTED,,,,,,,"{""reason"": ""Solver does not support SDP problems"", ""problem_type"": ""SDP"", ""problem_class"": ""SDP""}"
678,cvxpy_sdpa,cvxpy-1.6.5-SDPA-0.2.2,SDPLIB,arch4,SDP,"{""cpu"": {""cpu_count"": 8, ""cpu_count_physical"": 8, ""processor"": ""arm"", ""architecture"": ""64bit""}, ""memory"": {""total_gb"": 24.0}, ""os"": {""system"": ""Darwin"", ""machine"": ""arm64"", ""release"": ""23.5.0""}, ""python"": {""implementation"": ""CPython"", ""version"": ""3.12.2"", ""version_info"": ""3.12.2""}, ""git"": {""commit_hash"": ""443b599dca6666ab5976e2cf184c9398d48cda2b""}, ""timezone"": {""timezone_name"": ""UTC"", ""utc_offset_hours"": 0.0}, ""timestamp"": 1752416768.0}",443b599dca6666ab5976e2cf184c9398d48cda2b,2025-07-16T10:26:44,3.6738202571868896,OPTIMAL (INACCURATE),-0.9726272676562057,-0.9726274431143305,1.7545812480701528e-07,6.41651460356969e-10,0.0,,"{""iteration_info_limitation"": ""SDPA does not provide iteration count through CVXPY"", ""solver_solve_time"": null, ""problem_class"": ""SDP""}"
1599,matlab_sdpt3,SDPT3-4.0-20240410 (MATLAB 24.1.0.2537033 (R2024a)),SDPLIB,arch4,SDP,"{""cpu"": {""cpu_count"": 8, ""cpu_count_physical"": 8, ""processor"": ""arm"", ""architecture"": ""64bit""}, ""memory"": {""total_gb"": 24.0}, ""os"": {""system"": ""Darwin"", ""machine"": ""arm64"", ""release"": ""23.5.0""}, ""python"": {""implementation"": ""CPython"", ""version"": ""3.12.2"", ""version_info"": ""3.12.2""}, ""git"": {""commit_hash"": ""96ca043787ef8c38515cfa8d108d16b61b823e04""}, ""timezone"": {""timezone_name"": ""UTC"", ""utc_offset_hours"": 0.0}, ""timestamp"": 1752926592.0}",96ca043787ef8c38515cfa8d108d16b61b823e04,2025-07-19T14:00:20,1.705317875,OPTIMAL,-0.97262741117333,-0.972627418748867,7.57553708652381e-09,8.514427642381836e-10,0.0,22,"{""matlab_output"": {""solver_name"": ""SDPT3"", ""status"": ""optimal"", ""solve_time"": 1.705317875, ""setup_time"": [], ""iterations"": 22, ""primal_objective_value"": -0.97262741117333, ""dual_objective_value"": -0.972627418748867, ""duality_gap"": 7.57553708652381e-09, ""primal_infeasibility"": 8.514427642381836e-10, ""dual_infeasibility"": 0, ""solver_version"": ""SDPT3-4.0-20240410"", ""solver_options"": {}, ""termination_reason"": """", ""error_message"": """", ""timestamp"": ""2025-07-19 23:00:17"", ""matlab_version"": ""24.1.0.2537033 (R2024a)""}, ""matlab_version"": ""24.1.0.2537033 (R2024a)"", ""solver_backend"": ""sdpt3"", ""execution_environment"": ""matlab"", ""problem_class"": ""SDP""}"
1464,matlab_sedumi,SeDuMi-1.3.7 (MATLAB 24.1.0.2537033 (R2024a)),SDPLIB,arch4,SDP,"{""cpu"": {""cpu_count"": 8, ""cpu_count_physical"": 8, ""processor"": ""arm"", ""architecture"": ""64bit""}, ""memory"": {""total_gb"": 24.0}, ""os"": {""system"": ""Darwin"", ""machine"": ""arm64"", ""release"": ""23.5.0""}, ""python"": {""implementation"": ""CPython"", ""version"": ""3.12.2"", ""version_info"": ""3.12.2""}, ""git"": {""commit_hash"": ""96ca043787ef8c38515cfa8d108d16b61b823e04""}, ""timezone"": {""timezone_name"": ""UTC"", ""utc_offset_hours"": 0.0}, ""timestamp"": 1752926592.0}",96ca043787ef8c38515cfa8d108d16b61b823e04,2025-07-19T12:37:52,1.874344125,OPTIMAL,-0.9726274178595536,-0.9726274178395272,2.00264249627935e-11,2.8576206940232703e-09,0.0,29,"{""matlab_output"": {""solver_name"": ""SeDuMi"", ""status"": ""optimal"", ""solve_time"": 1.874344125, ""setup_time"": [], ""iterations"": 29, ""primal_objective_value"": -0.9726274178595536, ""dual_objective_value"": -0.9726274178395272, ""duality_gap"": 2.00264249627935e-11, ""primal_infeasibility"": 2.8576206940232703e-09, ""dual_infeasibility"": 0, ""solver_version"": ""SeDuMi-1.3.7"", ""solver_options"": {}, ""termination_reason"": """", ""error_message"": """", ""timestamp"": ""2025-07-19 21:37:49"", ""matlab_version"": ""24.1.0.2537033 (R2024a)""}, ""matlab_version"": ""24.1.0.2537033 (R2024a)"", ""solver_backend"": ""sedumi"", ""execution_environment"": ""matlab"", ""problem_class"": ""SDP""}"
679,scipy_linprog,scipy-1.15.3,SDPLIB,arch4,SDP,"{""cpu"": {""cpu_count"": 8, ""cpu_count_physical"": 8, ""processor"": ""arm"", ""architecture"": ""64bit""}, ""memory"": {""total_gb"": 24.0}, ""os"": {""system"": ""Darwin"", ""machine"": ""arm64"", ""release"": ""23.5.0""}, ""python"": {""implementation"": ""CPython"", ""version"": ""3.12.2"", ""version_info"": ""3.12.2""}, ""git"": {""commit_hash"": ""443b599dca6666ab5976e2cf184c9398d48cda2b""}, ""timezone"": {""timezone_name"": ""UTC"", ""utc_offset_hours"": 0.0}, ""timestamp"": 1752416768.0}",443b599dca6666ab5976e2cf184c9398d48cda2b,2025-07-16T10:26:44,,UNSUPPORTED,,,,,,,"{""reason"": ""Solver does not support SDP problems"", ""problem_type"": ""SDP"", ""problem_class"": ""SDP""}"
682,cvxpy_clarabel,cvxpy-1.6.5-CLARABEL-0.11.0,SDPLIB,arch8,SDP,"{""cpu"": {""cpu_count"": 8, ""cpu_count_physical"": 8, ""processor"": ""arm"", ""architecture"": ""64bit""}, ""memory"": {""total_gb"": 24.0}, ""os"": {""system"": ""Darwin"", ""machine"": ""arm64"", ""release"": ""23.5.0""}, ""python"": {""implementation"": ""CPython"", ""version"": ""3.12.2"", ""version_info"": ""3.12.2""}, ""git"": {""commit_hash"": ""443b599dca6666ab5976e2cf184c9398d48cda2b""}, ""timezone"": {""timezone_name"": ""UTC"", ""utc_offset_hours"": 0.0}, ""timestamp"": 1752416768.0}",443b599dca6666ab5976e2cf184c9398d48cda2b,2025-07-16T10:28:09,5.211400032043457,OPTIMAL,-7.056985719383242,-7.0569856944182865,-2.4964955436246328e-08,2.7109763353502106e-06,0.0,24,"{""solver_solve_time"": 2.141730209, ""problem_class"": ""SDP""}"
683,cvxpy_cvxopt,cvxpy-1.6.5-CVXOPT-1.3.2,SDPLIB,arch8,SDP,"{""cpu"": {""cpu_count"": 8, ""cpu_count_physical"": 8, ""processor"": ""arm"", ""architecture"": ""64bit""}, ""memory"": {""total_gb"": 24.0}, ""os"": {""system"": ""Darwin"", ""machine"": ""arm64"", ""release"": ""23.5.0""}, ""python"": {""implementation"": ""CPython"", ""version"": ""3.12.2"", ""version_info"": ""3.12.2""}, ""git"": {""commit_hash"": ""443b599dca6666ab5976e2cf184c9398d48cda2b""}, ""timezone"": {""timezone_name"": ""UTC"", ""utc_offset_hours"": 0.0}, ""timestamp"": 1752416768.0}",443b599dca6666ab5976e2cf184c9398d48cda2b,2025-07-16T10:28:17,8.097594976425171,OPTIMAL,-7.056980177129674,-7.056980175019456,-2.1102177782950093e-09,8.034408651651353e-08,1.259191489724154e-12,,"{""iteration_info_limitation"": ""CVXOPT does not provide iteration count through CVXPY"", ""solver_solve_time"": null, ""problem_class"": ""SDP""}"
685,cvxpy_ecos,cvxpy-1.6.5-ECOS-2.0.14,SDPLIB,arch8,SDP,"{""cpu"": {""cpu_count"": 8, ""cpu_count_physical"": 8, ""processor"": ""arm"", ""architecture"": ""64bit""}, ""memory"": {""total_gb"": 24.0}, ""os"": {""system"": ""Darwin"", ""machine"": ""arm64"", ""release"": ""23.5.0""}, ""python"": {""implementation"": ""CPython"", ""version"": ""3.12.2"", ""version_info"": ""3.12.2""}, ""git"": {""commit_hash"": ""443b599dca6666ab5976e2cf184c9398d48cda2b""}, ""timezone"": {""timezone_name"": ""UTC"", ""utc_offset_hours"": 0.0}, ""timestamp"": 1752416768.0}",443b599dca6666ab5976e2cf184c9398d48cda2b,2025-07-16T10:28:28,,UNSUPPORTED,,,,,,,"{""reason"": ""Solver does not support SDP problems"", ""problem_type"": ""SDP"", ""problem_class"": ""SDP""}"
686,cvxpy_highs,cvxpy-1.6.5-HIGHS-1.11.0,SDPLIB,arch8,SDP,"{""cpu"": {""cpu_count"": 8, ""cpu_count_physical"": 8, ""processor"": ""arm"", ""architecture"": ""64bit""}, ""memory"": {""total_gb"": 24.0}, ""os"": {""system"": ""Darwin"", ""machine"": ""arm64"", ""release"": ""23.5.0""}, ""python"": {""implementation"": ""CPython"", ""version"": ""3.12.2"", ""version_info"": ""3.12.2""}, ""git"": {""commit_hash"": ""443b599dca6666ab5976e2cf184c9398d48cda2b""}, ""timezone"": {""timezone_name"": ""UTC"", ""utc_offset_hours"": 0.0}, ""timestamp"": 1752416768.0}",443b599dca6666ab5976e2cf184c9398d48cda2b,2025-07-16T10:28:28,,UNSUPPORTED,,,,,,,"{""reason"": ""Solver does not support SDP problems"", ""problem_type"": ""SDP"", ""problem_class"": ""SDP""}"
687,cvxpy_osqp,cvxpy-1.6.5-OSQP-1.0.4,SDPLIB,arch8,SDP,"{""cpu"": {""cpu_count"": 8, ""cpu_count_physical"": 8, ""processor"": ""arm"", ""architecture"": ""64bit""}, ""memory"": {""total_gb"": 24.0}, ""os"": {""system"": ""Darwin"", ""machine"": ""arm64"", ""release"": ""23.5.0""}, ""python"": {""implementation"": ""CPython"", ""version"": ""3.12.2"", ""version_info"": ""3.12.2""}, ""git"": {""commit_hash"": ""443b599dca6666ab5976e2cf184c9398d48cda2b""}, ""timezone"": {""timezone_name"": ""UTC"", ""utc_offset_hours"": 0.0}, ""timestamp"": 1752416768.0}",443b599dca6666ab5976e2cf184c9398d48cda2b,2025-07-16T10:28:28,,UNSUPPORTED,,,,,,,"{""reason"": ""Solver does not support SDP problems"", ""problem_type"": ""SDP"", ""problem_class"": ""SDP""}"
688,cvxpy_scip,cvxpy-1.6.5-SCIP-5.5.0,SDPLIB,arch8,SDP,"{""cpu"": {""cpu_count"": 8, ""cpu_count_physical"": 8, ""processor"": ""arm"", ""architecture"": ""64bit""}, ""memory"": {""total_gb"": 24.0}, ""os"": {""system"": ""Darwin"", ""machine"": ""arm64"", ""release"": ""23.5.0""}, ""python"": {""implementation"": ""CPython"", ""version"": ""3.12.2"", ""version_info"": ""3.12.2""}, ""git"": {""commit_hash"": ""443b599dca6666ab5976e2cf184c9398d48cda2b""}, ""timezone"": {""timezone_name"": ""UTC"", ""utc_offset_hours"": 0.0}, ""timestamp"": 1752416768.0}",443b599dca6666ab5976e2cf184c9398d48cda2b,2025-07-16T10:28:28,,UNSUPPORTED,,,,,,,"{""reason"": ""Solver does not support SDP problems"", ""problem_type"": ""SDP"", ""problem_class"": ""SDP""}"
684,cvxpy_sdpa,cvxpy-1.6.5-SDPA-0.2.2,SDPLIB,arch8,SDP,"{""cpu"": {""cpu_count"": 8, ""cpu_count_physical"": 8, ""processor"": ""arm"", ""architecture"": ""64bit""}, ""memory"": {""total_gb"": 24.0}, ""os"": {""system"": ""Darwin"", ""machine"": ""arm64"", ""release"": ""23.5.0""}, ""python"": {""implementation"": ""CPython"", ""version"": ""3.12.2"", ""version_info"": ""3.12.2""}, ""git"": {""commit_hash"": ""443b599dca6666ab5976e2cf184c9398d48cda2b""}, ""timezone"": {""timezone_name"": ""UTC"", ""utc_offset_hours"": 0.0}, ""timestamp"": 1752416768.0}",443b599dca6666ab5976e2cf184c9398d48cda2b,2025-07-16T10:28:21,3.7246809005737305,OPTIMAL (INACCURATE),-7.056979925817409,-7.056980053305484,1.2748807520779337e-07,1.428558638956882e-08,0.0,,"{""iteration_info_limitation"": ""SDPA does not provide iteration count through CVXPY"", ""solver_solve_time"": null, ""problem_class"": ""SDP""}"
1600,matlab_sdpt3,SDPT3-4.0-20240410 (MATLAB 24.1.0.2537033 (R2024a)),SDPLIB,arch8,SDP,"{""cpu"": {""cpu_count"": 8, ""cpu_count_physical"": 8, ""processor"": ""arm"", ""architecture"": ""64bit""}, ""memory"": {""total_gb"": 24.0}, ""os"": {""system"": ""Darwin"", ""machine"": ""arm64"", ""release"": ""23.5.0""}, ""python"": {""implementation"": ""CPython"", ""version"": ""3.12.2"", ""version_info"": ""3.12.2""}, ""git"": {""commit_hash"": ""96ca043787ef8c38515cfa8d108d16b61b823e04""}, ""timezone"": {""timezone_name"": ""UTC"", ""utc_offset_hours"": 0.0}, ""timestamp"": 1752926592.0}",96ca043787ef8c38515cfa8d108d16b61b823e04,2025-07-19T14:00:27,1.4575445,UNKNOWN,-7.056980018798058,-7.056980042117708,2.331965021085125e-08,1.4104717965201591e-08,3.5687676151979556e-13,25,"{""matlab_output"": {""solver_name"": ""SDPT3"", ""status"": ""unknown"", ""solve_time"": 1.4575445, ""setup_time"": [], ""iterations"": 25, ""primal_objective_value"": -7.056980018798058, ""dual_objective_value"": -7.056980042117708, ""duality_gap"": 2.331965021085125e-08, ""primal_infeasibility"": 1.4104717965201591e-08, ""dual_infeasibility"": 3.5687676151979556e-13, ""solver_version"": ""SDPT3-4.0-20240410"", ""solver_options"": {}, ""termination_reason"": """", ""error_message"": """", ""timestamp"": ""2025-07-19 23:00:24"", ""matlab_version"": ""24.1.0.2537033 (R2024a)""}, ""matlab_version"": ""24.1.0.2537033 (R2024a)"", ""solver_backend"": ""sdpt3"", ""execution_environment"": ""matlab"", ""problem_class"": ""SDP""}"
1465,matlab_sedumi,SeDuMi-1.3.7 (MATLAB 24.1.0.2537033 (R2024a)),SDPLIB,arch8,SDP,"{""cpu"": {""cpu_count"": 8, ""cpu_count_physical"": 8, ""processor"": ""arm"", ""architecture"": ""64bit""}, ""memory"": {""total_gb"": 24.0}, ""os"": {""system"": ""Darwin"", ""machine"": ""arm64"", ""release"": ""23.5.0""}, ""python"": {""implementation"": ""CPython"", ""version"": ""3.12.2"", ""version_info"": ""3.12.2""}, ""git"": {""commit_hash"": ""96ca043787ef8c38515cfa8d108d16b61b823e04""}, ""timezone"": {""timezone_name"": ""UTC"", ""utc_offset_hours"": 0.0}, ""timestamp"": 1752926592.0}",96ca043787ef8c38515cfa8d108d16b61b823e04,2025-07-19T12:38:01,3.12848525,OPTIMAL,-7.056980043548424,-7.056980043508659,3.976463602839431e-11,3.648550476043381e-09,0.0,34,"{""matlab_output"": {""solver_name"": ""SeDuMi"", ""status"": ""optimal"", ""solve_time"": 3.12848525, ""setup_time"": [], ""iterations"": 34, ""primal_objective_value"": -7.056980043548424, ""dual_objective_value"": -7.056980043508659, ""duality_gap"": 3.976463602839431e-11, ""primal_infeasibility"": 3.648550476043381e-09, ""dual_infeasibility"": 0, ""solver_version"": ""SeDuMi-1.3.7"", ""solver_options"": {}, ""termination_reason"": """", ""error_message"": """", ""timestamp"": ""2025-07-19 21:37:58"", ""matlab_version"": ""24.1.0.2537033 (R2024a)""}, ""matlab_version"": ""24.1.0.2537033 (R2024a)"", ""solver_backend"": ""sedumi"", ""execution_environment"": ""matlab"", ""problem_class"": ""SDP""}"
689,scipy_linprog,scipy-1.15.3,SDPLIB,arch8,SDP,"{""cpu"": {""cpu_count"": 8, ""cpu_count_physical"": 8, ""processor"": ""arm"", ""architecture"": ""64bit""}, ""memory"": {""total_gb"": 24.0}, ""os"": {""system"": ""Darwin"", ""machine"": ""arm64"", ""release"": ""23.5.0""}, ""python"": {""implementation"": ""CPython"", ""version"": ""3.12.2"", ""version_info"": ""3.12.2""}, ""git"": {""commit_hash"": ""443b599dca6666ab5976e2cf184c9398d48cda2b""}, ""timezone"": {""timezone_name"": ""UTC"", ""utc_offset_hours"": 0.0}, ""timestamp"": 1752416768.0}",443b599dca6666ab5976e2cf184c9398d48cda2b,2025-07-16T10:28:28,,UNSUPPORTED,,,,,,,"{""reason"": ""Solver does not support SDP problems"", ""problem_type"": ""SDP"", ""problem_class"": ""SDP""}"
692,cvxpy_clarabel,cvxpy-1.6.5-CLARABEL-0.11.0,SDPLIB,control1,SDP,"{""cpu"": {""cpu_count"": 8, ""cpu_count_physical"": 8, ""processor"": ""arm"", ""architecture"": ""64bit""}, ""memory"": {""total_gb"": 24.0}, ""os"": {""system"": ""Darwin"", ""machine"": ""arm64"", ""release"": ""23.5.0""}, ""python"": {""implementation"": ""CPython"", ""version"": ""3.12.2"", ""version_info"": ""3.12.2""}, ""git"": {""commit_hash"": ""443b599dca6666ab5976e2cf184c9398d48cda2b""}, ""timezone"": {""timezone_name"": ""UTC"", ""utc_offset_hours"": 0.0}, ""timestamp"": 1752416768.0}",443b599dca6666ab5976e2cf184c9398d48cda2b,2025-07-16T10:30:38,0.014431953430175781,OPTIMAL,-18.057693540129556,-18.05769338831607,-1.5181348445025833e-07,0.02414985830941088,0.0,56,"{""solver_solve_time"": 0.011695578, ""problem_class"": ""SDP""}"
694,cvxpy_cvxopt,unknown,SDPLIB,control1,SDP,"{""cpu"": {""cpu_count"": 8, ""cpu_count_physical"": 8, ""processor"": ""arm"", ""architecture"": ""64bit""}, ""memory"": {""total_gb"": 24.0}, ""os"": {""system"": ""Darwin"", ""machine"": ""arm64"", ""release"": ""23.5.0""}, ""python"": {""implementation"": ""CPython"", ""version"": ""3.12.2"", ""version_info"": ""3.12.2""}, ""git"": {""commit_hash"": ""443b599dca6666ab5976e2cf184c9398d48cda2b""}, ""timezone"": {""timezone_name"": ""UTC"", ""utc_offset_hours"": 0.0}, ""timestamp"": 1752416768.0}",443b599dca6666ab5976e2cf184c9398d48cda2b,2025-07-16T10:30:40,0.16951608657836914,ERROR,,,,,,,"{""error_message"": ""Solver 'CVXOPT' failed. Try another solver, or solve with verbose=True for more information."", ""problem_class"": ""SDP""}"
695,cvxpy_ecos,cvxpy-1.6.5-ECOS-2.0.14,SDPLIB,control1,SDP,"{""cpu"": {""cpu_count"": 8, ""cpu_count_physical"": 8, ""processor"": ""arm"", ""architecture"": ""64bit""}, ""memory"": {""total_gb"": 24.0}, ""os"": {""system"": ""Darwin"", ""machine"": ""arm64"", ""release"": ""23.5.0""}, ""python"": {""implementation"": ""CPython"", ""version"": ""3.12.2"", ""version_info"": ""3.12.2""}, ""git"": {""commit_hash"": ""443b599dca6666ab5976e2cf184c9398d48cda2b""}, ""timezone"": {""timezone_name"": ""UTC"", ""utc_offset_hours"": 0.0}, ""timestamp"": 1752416768.0}",443b599dca6666ab5976e2cf184c9398d48cda2b,2025-07-16T10:30:40,,UNSUPPORTED,,,,,,,"{""reason"": ""Solver does not support SDP problems"", ""problem_type"": ""SDP"", ""problem_class"": ""SDP""}"
696,cvxpy_highs,cvxpy-1.6.5-HIGHS-1.11.0,SDPLIB,control1,SDP,"{""cpu"": {""cpu_count"": 8, ""cpu_count_physical"": 8, ""processor"": ""arm"", ""architecture"": ""64bit""}, ""memory"": {""total_gb"": 24.0}, ""os"": {""system"": ""Darwin"", ""machine"": ""arm64"", ""release"": ""23.5.0""}, ""python"": {""implementation"": ""CPython"", ""version"": ""3.12.2"", ""version_info"": ""3.12.2""}, ""git"": {""commit_hash"": ""443b599dca6666ab5976e2cf184c9398d48cda2b""}, ""timezone"": {""timezone_name"": ""UTC"", ""utc_offset_hours"": 0.0}, ""timestamp"": 1752416768.0}",443b599dca6666ab5976e2cf184c9398d48cda2b,2025-07-16T10:30:40,,UNSUPPORTED,,,,,,,"{""reason"": ""Solver does not support SDP problems"", ""problem_type"": ""SDP"", ""problem_class"": ""SDP""}"
697,cvxpy_osqp,cvxpy-1.6.5-OSQP-1.0.4,SDPLIB,control1,SDP,"{""cpu"": {""cpu_count"": 8, ""cpu_count_physical"": 8, ""processor"": ""arm"", ""architecture"": ""64bit""}, ""memory"": {""total_gb"": 24.0}, ""os"": {""system"": ""Darwin"", ""machine"": ""arm64"", ""release"": ""23.5.0""}, ""python"": {""implementation"": ""CPython"", ""version"": ""3.12.2"", ""version_info"": ""3.12.2""}, ""git"": {""commit_hash"": ""443b599dca6666ab5976e2cf184c9398d48cda2b""}, ""timezone"": {""timezone_name"": ""UTC"", ""utc_offset_hours"": 0.0}, ""timestamp"": 1752416768.0}",443b599dca6666ab5976e2cf184c9398d48cda2b,2025-07-16T10:30:40,,UNSUPPORTED,,,,,,,"{""reason"": ""Solver does not support SDP problems"", ""problem_type"": ""SDP"", ""problem_class"": ""SDP""}"
698,cvxpy_scip,cvxpy-1.6.5-SCIP-5.5.0,SDPLIB,control1,SDP,"{""cpu"": {""cpu_count"": 8, ""cpu_count_physical"": 8, ""processor"": ""arm"", ""architecture"": ""64bit""}, ""memory"": {""total_gb"": 24.0}, ""os"": {""system"": ""Darwin"", ""machine"": ""arm64"", ""release"": ""23.5.0""}, ""python"": {""implementation"": ""CPython"", ""version"": ""3.12.2"", ""version_info"": ""3.12.2""}, ""git"": {""commit_hash"": ""443b599dca6666ab5976e2cf184c9398d48cda2b""}, ""timezone"": {""timezone_name"": ""UTC"", ""utc_offset_hours"": 0.0}, ""timestamp"": 1752416768.0}",443b599dca6666ab5976e2cf184c9398d48cda2b,2025-07-16T10:30:40,,UNSUPPORTED,,,,,,,"{""reason"": ""Solver does not support SDP problems"", ""problem_type"": ""SDP"", ""problem_class"": ""SDP""}"
693,cvxpy_scs,cvxpy-1.6.5-SCS-3.2.7.post2,SDPLIB,control1,SDP,"{""cpu"": {""cpu_count"": 8, ""cpu_count_physical"": 8, ""processor"": ""arm"", ""architecture"": ""64bit""}, ""memory"": {""total_gb"": 24.0}, ""os"": {""system"": ""Darwin"", ""machine"": ""arm64"", ""release"": ""23.5.0""}, ""python"": {""implementation"": ""CPython"", ""version"": ""3.12.2"", ""version_info"": ""3.12.2""}, ""git"": {""commit_hash"": ""443b599dca6666ab5976e2cf184c9398d48cda2b""}, ""timezone"": {""timezone_name"": ""UTC"", ""utc_offset_hours"": 0.0}, ""timestamp"": 1752416768.0}",443b599dca6666ab5976e2cf184c9398d48cda2b,2025-07-16T10:30:39,0.9244139194488525,OPTIMAL (INACCURATE),-0.002878232961825694,-20.48065620588266,20.477777972920833,0.27819661314555105,546368.1134344704,100000,"{""solver_solve_time"": 0.921197333, ""problem_class"": ""SDP""}"
699,cvxpy_sdpa,cvxpy-1.6.5-SDPA-0.2.2,SDPLIB,control1,SDP,"{""cpu"": {""cpu_count"": 8, ""cpu_count_physical"": 8, ""processor"": ""arm"", ""architecture"": ""64bit""}, ""memory"": {""total_gb"": 24.0}, ""os"": {""system"": ""Darwin"", ""machine"": ""arm64"", ""release"": ""23.5.0""}, ""python"": {""implementation"": ""CPython"", ""version"": ""3.12.2"", ""version_info"": ""3.12.2""}, ""git"": {""commit_hash"": ""443b599dca6666ab5976e2cf184c9398d48cda2b""}, ""timezone"": {""timezone_name"": ""UTC"", ""utc_offset_hours"": 0.0}, ""timestamp"": 1752416768.0}",443b599dca6666ab5976e2cf184c9398d48cda2b,2025-07-16T10:30:40,0.011685848236083984,OPTIMAL,-17.78462618700244,-17.784627142638215,9.556357731810294e-07,1.9992999166489883e-09,0.0,,"{""iteration_info_limitation"": ""SDPA does not provide iteration count through CVXPY"", ""solver_solve_time"": null, ""problem_class"": ""SDP""}"
1629,matlab_sdpt3,SDPT3-4.0-20240410 (MATLAB 24.1.0.2537033 (R2024a)),SDPLIB,control1,SDP,"{""cpu"": {""cpu_count"": 8, ""cpu_count_physical"": 8, ""processor"": ""arm"", ""architecture"": ""64bit""}, ""memory"": {""total_gb"": 24.0}, ""os"": {""system"": ""Darwin"", ""machine"": ""arm64"", ""release"": ""23.5.0""}, ""python"": {""implementation"": ""CPython"", ""version"": ""3.12.2"", ""version_info"": ""3.12.2""}, ""git"": {""commit_hash"": ""96ca043787ef8c38515cfa8d108d16b61b823e04""}, ""timezone"": {""timezone_name"": ""UTC"", ""utc_offset_hours"": 0.0}, ""timestamp"": 1752926592.0}",96ca043787ef8c38515cfa8d108d16b61b823e04,2025-07-19T14:03:57,0.29932166666666665,OPTIMAL,-17.78462660868152,-17.784626742725198,1.3404367749103585e-07,6.1483802884653124e-09,0.0,17,"{""matlab_output"": {""solver_name"": ""SDPT3"", ""status"": ""optimal"", ""solve_time"": 0.29932166666666665, ""setup_time"": [], ""iterations"": 17, ""primal_objective_value"": -17.78462660868152, ""dual_objective_value"": -17.784626742725198, ""duality_gap"": 1.3404367749103585e-07, ""primal_infeasibility"": 6.1483802884653124e-09, ""dual_infeasibility"": 0, ""solver_version"": ""SDPT3-4.0-20240410"", ""solver_options"": {}, ""termination_reason"": """", ""error_message"": """", ""timestamp"": ""2025-07-19 23:03:55"", ""matlab_version"": ""24.1.0.2537033 (R2024a)""}, ""matlab_version"": ""24.1.0.2537033 (R2024a)"", ""solver_backend"": ""sdpt3"", ""execution_environment"": ""matlab"", ""problem_class"": ""SDP""}"
1499,matlab_sedumi,SeDuMi-1.3.7 (MATLAB 24.1.0.2537033 (R2024a)),SDPLIB,control1,SDP,"{""cpu"": {""cpu_count"": 8, ""cpu_count_physical"": 8, ""processor"": ""arm"", ""architecture"": ""64bit""}, ""memory"": {""total_gb"": 24.0}, ""os"": {""system"": ""Darwin"", ""machine"": ""arm64"", ""release"": ""23.5.0""}, ""python"": {""implementation"": ""CPython"", ""version"": ""3.12.2"", ""version_info"": ""3.12.2""}, ""git"": {""commit_hash"": ""96ca043787ef8c38515cfa8d108d16b61b823e04""}, ""timezone"": {""timezone_name"": ""UTC"", ""utc_offset_hours"": 0.0}, ""timestamp"": 1752926592.0}",96ca043787ef8c38515cfa8d108d16b61b823e04,2025-07-19T12:43:52,0.30866791666666665,OPTIMAL,-17.784626802847523,-17.784626793465566,9.38195654498486e-09,5.28282960426234e-09,0.0,30,"{""matlab_output"": {""solver_name"": ""SeDuMi"", ""status"": ""optimal"", ""solve_time"": 0.30866791666666665, ""setup_time"": [], ""iterations"": 30, ""primal_objective_value"": -17.784626802847523, ""dual_objective_value"": -17.784626793465566, ""duality_gap"": 9.38195654498486e-09, ""primal_infeasibility"": 5.28282960426234e-09, ""dual_infeasibility"": 0, ""solver_version"": ""SeDuMi-1.3.7"", ""solver_options"": {}, ""termination_reason"": """", ""error_message"": """", ""timestamp"": ""2025-07-19 21:43:49"", ""matlab_version"": ""24.1.0.2537033 (R2024a)""}, ""matlab_version"": ""24.1.0.2537033 (R2024a)"", ""solver_backend"": ""sedumi"", ""execution_environment"": ""matlab"", ""problem_class"": ""SDP""}"
700,scipy_linprog,scipy-1.15.3,SDPLIB,control1,SDP,"{""cpu"": {""cpu_count"": 8, ""cpu_count_physical"": 8, ""processor"": ""arm"", ""architecture"": ""64bit""}, ""memory"": {""total_gb"": 24.0}, ""os"": {""system"": ""Darwin"", ""machine"": ""arm64"", ""release"": ""23.5.0""}, ""python"": {""implementation"": ""CPython"", ""version"": ""3.12.2"", ""version_info"": ""3.12.2""}, ""git"": {""commit_hash"": ""443b599dca6666ab5976e2cf184c9398d48cda2b""}, ""timezone"": {""timezone_name"": ""UTC"", ""utc_offset_hours"": 0.0}, ""timestamp"": 1752416768.0}",443b599dca6666ab5976e2cf184c9398d48cda2b,2025-07-16T10:30:40,,UNSUPPORTED,,,,,,,"{""reason"": ""Solver does not support SDP problems"", ""problem_type"": ""SDP"", ""problem_class"": ""SDP""}"
808,cvxpy_clarabel,cvxpy-1.6.5-CLARABEL-0.11.0,SDPLIB,control10,SDP,"{""cpu"": {""cpu_count"": 8, ""cpu_count_physical"": 8, ""processor"": ""arm"", ""architecture"": ""64bit""}, ""memory"": {""total_gb"": 24.0}, ""os"": {""system"": ""Darwin"", ""machine"": ""arm64"", ""release"": ""23.5.0""}, ""python"": {""implementation"": ""CPython"", ""version"": ""3.12.2"", ""version_info"": ""3.12.2""}, ""git"": {""commit_hash"": ""443b599dca6666ab5976e2cf184c9398d48cda2b""}, ""timezone"": {""timezone_name"": ""UTC"", ""utc_offset_hours"": 0.0}, ""timestamp"": 1752416768.0}",443b599dca6666ab5976e2cf184c9398d48cda2b,2025-07-16T11:13:49,56.15797710418701,OPTIMAL,-38.53310978438966,-38.53310974843417,-3.5955487476257986e-08,1.3387459817271676e-06,3.600325513296991e-11,44,"{""solver_solve_time"": 55.823745497, ""problem_class"": ""SDP""}"
815,cvxpy_cvxopt,unknown,SDPLIB,control10,SDP,"{""cpu"": {""cpu_count"": 8, ""cpu_count_physical"": 8, ""processor"": ""arm"", ""architecture"": ""64bit""}, ""memory"": {""total_gb"": 24.0}, ""os"": {""system"": ""Darwin"", ""machine"": ""arm64"", ""release"": ""23.5.0""}, ""python"": {""implementation"": ""CPython"", ""version"": ""3.12.2"", ""version_info"": ""3.12.2""}, ""git"": {""commit_hash"": ""443b599dca6666ab5976e2cf184c9398d48cda2b""}, ""timezone"": {""timezone_name"": ""UTC"", ""utc_offset_hours"": 0.0}, ""timestamp"": 1752416768.0}",443b599dca6666ab5976e2cf184c9398d48cda2b,2025-07-16T11:14:51,27.150655031204224,ERROR,,,,,,,"{""error_message"": ""Solver 'CVXOPT' failed. Try another solver, or solve with verbose=True for more information."", ""problem_class"": ""SDP""}"
810,cvxpy_ecos,cvxpy-1.6.5-ECOS-2.0.14,SDPLIB,control10,SDP,"{""cpu"": {""cpu_count"": 8, ""cpu_count_physical"": 8, ""processor"": ""arm"", ""architecture"": ""64bit""}, ""memory"": {""total_gb"": 24.0}, ""os"": {""system"": ""Darwin"", ""machine"": ""arm64"", ""release"": ""23.5.0""}, ""python"": {""implementation"": ""CPython"", ""version"": ""3.12.2"", ""version_info"": ""3.12.2""}, ""git"": {""commit_hash"": ""443b599dca6666ab5976e2cf184c9398d48cda2b""}, ""timezone"": {""timezone_name"": ""UTC"", ""utc_offset_hours"": 0.0}, ""timestamp"": 1752416768.0}",443b599dca6666ab5976e2cf184c9398d48cda2b,2025-07-16T11:14:12,,UNSUPPORTED,,,,,,,"{""reason"": ""Solver does not support SDP problems"", ""problem_type"": ""SDP"", ""problem_class"": ""SDP""}"
811,cvxpy_highs,cvxpy-1.6.5-HIGHS-1.11.0,SDPLIB,control10,SDP,"{""cpu"": {""cpu_count"": 8, ""cpu_count_physical"": 8, ""processor"": ""arm"", ""architecture"": ""64bit""}, ""memory"": {""total_gb"": 24.0}, ""os"": {""system"": ""Darwin"", ""machine"": ""arm64"", ""release"": ""23.5.0""}, ""python"": {""implementation"": ""CPython"", ""version"": ""3.12.2"", ""version_info"": ""3.12.2""}, ""git"": {""commit_hash"": ""443b599dca6666ab5976e2cf184c9398d48cda2b""}, ""timezone"": {""timezone_name"": ""UTC"", ""utc_offset_hours"": 0.0}, ""timestamp"": 1752416768.0}",443b599dca6666ab5976e2cf184c9398d48cda2b,2025-07-16T11:14:13,,UNSUPPORTED,,,,,,,"{""reason"": ""Solver does not support SDP problems"", ""problem_type"": ""SDP"", ""problem_class"": ""SDP""}"
812,cvxpy_osqp,cvxpy-1.6.5-OSQP-1.0.4,SDPLIB,control10,SDP,"{""cpu"": {""cpu_count"": 8, ""cpu_count_physical"": 8, ""processor"": ""arm"", ""architecture"": ""64bit""}, ""memory"": {""total_gb"": 24.0}, ""os"": {""system"": ""Darwin"", ""machine"": ""arm64"", ""release"": ""23.5.0""}, ""python"": {""implementation"": ""CPython"", ""version"": ""3.12.2"", ""version_info"": ""3.12.2""}, ""git"": {""commit_hash"": ""443b599dca6666ab5976e2cf184c9398d48cda2b""}, ""timezone"": {""timezone_name"": ""UTC"", ""utc_offset_hours"": 0.0}, ""timestamp"": 1752416768.0}",443b599dca6666ab5976e2cf184c9398d48cda2b,2025-07-16T11:14:14,,UNSUPPORTED,,,,,,,"{""reason"": ""Solver does not support SDP problems"", ""problem_type"": ""SDP"", ""problem_class"": ""SDP""}"
813,cvxpy_scip,cvxpy-1.6.5-SCIP-5.5.0,SDPLIB,control10,SDP,"{""cpu"": {""cpu_count"": 8, ""cpu_count_physical"": 8, ""processor"": ""arm"", ""architecture"": ""64bit""}, ""memory"": {""total_gb"": 24.0}, ""os"": {""system"": ""Darwin"", ""machine"": ""arm64"", ""release"": ""23.5.0""}, ""python"": {""implementation"": ""CPython"", ""version"": ""3.12.2"", ""version_info"": ""3.12.2""}, ""git"": {""commit_hash"": ""443b599dca6666ab5976e2cf184c9398d48cda2b""}, ""timezone"": {""timezone_name"": ""UTC"", ""utc_offset_hours"": 0.0}, ""timestamp"": 1752416768.0}",443b599dca6666ab5976e2cf184c9398d48cda2b,2025-07-16T11:14:15,,UNSUPPORTED,,,,,,,"{""reason"": ""Solver does not support SDP problems"", ""problem_type"": ""SDP"", ""problem_class"": ""SDP""}"
809,cvxpy_sdpa,cvxpy-1.6.5-SDPA-0.2.2,SDPLIB,control10,SDP,"{""cpu"": {""cpu_count"": 8, ""cpu_count_physical"": 8, ""processor"": ""arm"", ""architecture"": ""64bit""}, ""memory"": {""total_gb"": 24.0}, ""os"": {""system"": ""Darwin"", ""machine"": ""arm64"", ""release"": ""23.5.0""}, ""python"": {""implementation"": ""CPython"", ""version"": ""3.12.2"", ""version_info"": ""3.12.2""}, ""git"": {""commit_hash"": ""443b599dca6666ab5976e2cf184c9398d48cda2b""}, ""timezone"": {""timezone_name"": ""UTC"", ""utc_offset_hours"": 0.0}, ""timestamp"": 1752416768.0}",443b599dca6666ab5976e2cf184c9398d48cda2b,2025-07-16T11:14:01,11.48241901397705,OPTIMAL (INACCURATE),-38.532875373216974,-38.53307092893413,0.00019555571715557107,2.813485631313094e-07,0.0,,"{""iteration_info_limitation"": ""SDPA does not provide iteration count through CVXPY"", ""solver_solve_time"": null, ""problem_class"": ""SDP""}"
1638,matlab_sdpt3,SDPT3-4.0-20240410 (MATLAB 24.1.0.2537033 (R2024a)),SDPLIB,control10,SDP,"{""cpu"": {""cpu_count"": 8, ""cpu_count_physical"": 8, ""processor"": ""arm"", ""architecture"": ""64bit""}, ""memory"": {""total_gb"": 24.0}, ""os"": {""system"": ""Darwin"", ""machine"": ""arm64"", ""release"": ""23.5.0""}, ""python"": {""implementation"": ""CPython"", ""version"": ""3.12.2"", ""version_info"": ""3.12.2""}, ""git"": {""commit_hash"": ""96ca043787ef8c38515cfa8d108d16b61b823e04""}, ""timezone"": {""timezone_name"": ""UTC"", ""utc_offset_hours"": 0.0}, ""timestamp"": 1752926592.0}",96ca043787ef8c38515cfa8d108d16b61b823e04,2025-07-19T14:05:17,8.544497708333333,UNKNOWN,-38.53290115712743,-38.53305732276117,0.00015616563374010184,1.0306253214751266e-06,0.0,26,"{""matlab_output"": {""solver_name"": ""SDPT3"", ""status"": ""unknown"", ""solve_time"": 8.544497708333333, ""setup_time"": [], ""iterations"": 26, ""primal_objective_value"": -38.53290115712743, ""dual_objective_value"": -38.53305732276117, ""duality_gap"": 0.00015616563374010184, ""primal_infeasibility"": 1.0306253214751266e-06, ""dual_infeasibility"": 0, ""solver_version"": ""SDPT3-4.0-20240410"", ""solver_options"": {}, ""termination_reason"": """", ""error_message"": """", ""timestamp"": ""2025-07-19 23:05:13"", ""matlab_version"": ""24.1.0.2537033 (R2024a)""}, ""matlab_version"": ""24.1.0.2537033 (R2024a)"", ""solver_backend"": ""sdpt3"", ""execution_environment"": ""matlab"", ""problem_class"": ""SDP""}"
1508,matlab_sedumi,SeDuMi-1.3.7 (MATLAB 24.1.0.2537033 (R2024a)),SDPLIB,control10,SDP,"{""cpu"": {""cpu_count"": 8, ""cpu_count_physical"": 8, ""processor"": ""arm"", ""architecture"": ""64bit""}, ""memory"": {""total_gb"": 24.0}, ""os"": {""system"": ""Darwin"", ""machine"": ""arm64"", ""release"": ""23.5.0""}, ""python"": {""implementation"": ""CPython"", ""version"": ""3.12.2"", ""version_info"": ""3.12.2""}, ""git"": {""commit_hash"": ""96ca043787ef8c38515cfa8d108d16b61b823e04""}, ""timezone"": {""timezone_name"": ""UTC"", ""utc_offset_hours"": 0.0}, ""timestamp"": 1752926592.0}",96ca043787ef8c38515cfa8d108d16b61b823e04,2025-07-19T12:45:31,17.53509725,NUM_ERROR,-38.533100875331215,-38.53309670441624,4.1709149769530995e-06,1.1942347138694803e-06,0.0,43,"{""matlab_output"": {""solver_name"": ""SeDuMi"", ""status"": ""num_error"", ""solve_time"": 17.53509725, ""setup_time"": [], ""iterations"": 43, ""primal_objective_value"": -38.533100875331215, ""dual_objective_value"": -38.53309670441624, ""duality_gap"": 4.1709149769530995e-06, ""primal_infeasibility"": 1.1942347138694803e-06, ""dual_infeasibility"": 0, ""solver_version"": ""SeDuMi-1.3.7"", ""solver_options"": {}, ""termination_reason"": """", ""error_message"": """", ""timestamp"": ""2025-07-19 21:45:28"", ""matlab_version"": ""24.1.0.2537033 (R2024a)""}, ""matlab_version"": ""24.1.0.2537033 (R2024a)"", ""solver_backend"": ""sedumi"", ""execution_environment"": ""matlab"", ""problem_class"": ""SDP""}"
814,scipy_linprog,scipy-1.15.3,SDPLIB,control10,SDP,"{""cpu"": {""cpu_count"": 8, ""cpu_count_physical"": 8, ""processor"": ""arm"", ""architecture"": ""64bit""}, ""memory"": {""total_gb"": 24.0}, ""os"": {""system"": ""Darwin"", ""machine"": ""arm64"", ""release"": ""23.5.0""}, ""python"": {""implementation"": ""CPython"", ""version"": ""3.12.2"", ""version_info"": ""3.12.2""}, ""git"": {""commit_hash"": ""443b599dca6666ab5976e2cf184c9398d48cda2b""}, ""timezone"": {""timezone_name"": ""UTC"", ""utc_offset_hours"": 0.0}, ""timestamp"": 1752416768.0}",443b599dca6666ab5976e2cf184c9398d48cda2b,2025-07-16T11:14:15,,UNSUPPORTED,,,,,,,"{""reason"": ""Solver does not support SDP problems"", ""problem_type"": ""SDP"", ""problem_class"": ""SDP""}"
824,cvxpy_cvxopt,unknown,SDPLIB,control11,SDP,"{""cpu"": {""cpu_count"": 8, ""cpu_count_physical"": 8, ""processor"": ""arm"", ""architecture"": ""64bit""}, ""memory"": {""total_gb"": 24.0}, ""os"": {""system"": ""Darwin"", ""machine"": ""arm64"", ""release"": ""23.5.0""}, ""python"": {""implementation"": ""CPython"", ""version"": ""3.12.2"", ""version_info"": ""3.12.2""}, ""git"": {""commit_hash"": ""443b599dca6666ab5976e2cf184c9398d48cda2b""}, ""timezone"": {""timezone_name"": ""UTC"", ""utc_offset_hours"": 0.0}, ""timestamp"": 1752416768.0}",443b599dca6666ab5976e2cf184c9398d48cda2b,2025-07-16T11:20:14,38.3471896648407,ERROR,,,,,,,"{""error_message"": ""Solver 'CVXOPT' failed. Try another solver, or solve with verbose=True for more information."", ""problem_class"": ""SDP""}"
819,cvxpy_ecos,cvxpy-1.6.5-ECOS-2.0.14,SDPLIB,control11,SDP,"{""cpu"": {""cpu_count"": 8, ""cpu_count_physical"": 8, ""processor"": ""arm"", ""architecture"": ""64bit""}, ""memory"": {""total_gb"": 24.0}, ""os"": {""system"": ""Darwin"", ""machine"": ""arm64"", ""release"": ""23.5.0""}, ""python"": {""implementation"": ""CPython"", ""version"": ""3.12.2"", ""version_info"": ""3.12.2""}, ""git"": {""commit_hash"": ""443b599dca6666ab5976e2cf184c9398d48cda2b""}, ""timezone"": {""timezone_name"": ""UTC"", ""utc_offset_hours"": 0.0}, ""timestamp"": 1752416768.0}",443b599dca6666ab5976e2cf184c9398d48cda2b,2025-07-16T11:19:24,,UNSUPPORTED,,,,,,,"{""reason"": ""Solver does not support SDP problems"", ""problem_type"": ""SDP"", ""problem_class"": ""SDP""}"
820,cvxpy_highs,cvxpy-1.6.5-HIGHS-1.11.0,SDPLIB,control11,SDP,"{""cpu"": {""cpu_count"": 8, ""cpu_count_physical"": 8, ""processor"": ""arm"", ""architecture"": ""64bit""}, ""memory"": {""total_gb"": 24.0}, ""os"": {""system"": ""Darwin"", ""machine"": ""arm64"", ""release"": ""23.5.0""}, ""python"": {""implementation"": ""CPython"", ""version"": ""3.12.2"", ""version_info"": ""3.12.2""}, ""git"": {""commit_hash"": ""443b599dca6666ab5976e2cf184c9398d48cda2b""}, ""timezone"": {""timezone_name"": ""UTC"", ""utc_offset_hours"": 0.0}, ""timestamp"": 1752416768.0}",443b599dca6666ab5976e2cf184c9398d48cda2b,2025-07-16T11:19:25,,UNSUPPORTED,,,,,,,"{""reason"": ""Solver does not support SDP problems"", ""problem_type"": ""SDP"", ""problem_class"": ""SDP""}"
821,cvxpy_osqp,cvxpy-1.6.5-OSQP-1.0.4,SDPLIB,control11,SDP,"{""cpu"": {""cpu_count"": 8, ""cpu_count_physical"": 8, ""processor"": ""arm"", ""architecture"": ""64bit""}, ""memory"": {""total_gb"": 24.0}, ""os"": {""system"": ""Darwin"", ""machine"": ""arm64"", ""release"": ""23.5.0""}, ""python"": {""implementation"": ""CPython"", ""version"": ""3.12.2"", ""version_info"": ""3.12.2""}, ""git"": {""commit_hash"": ""443b599dca6666ab5976e2cf184c9398d48cda2b""}, ""timezone"": {""timezone_name"": ""UTC"", ""utc_offset_hours"": 0.0}, ""timestamp"": 1752416768.0}",443b599dca6666ab5976e2cf184c9398d48cda2b,2025-07-16T11:19:26,,UNSUPPORTED,,,,,,,"{""reason"": ""Solver does not support SDP problems"", ""problem_type"": ""SDP"", ""problem_class"": ""SDP""}"
822,cvxpy_scip,cvxpy-1.6.5-SCIP-5.5.0,SDPLIB,control11,SDP,"{""cpu"": {""cpu_count"": 8, ""cpu_count_physical"": 8, ""processor"": ""arm"", ""architecture"": ""64bit""}, ""memory"": {""total_gb"": 24.0}, ""os"": {""system"": ""Darwin"", ""machine"": ""arm64"", ""release"": ""23.5.0""}, ""python"": {""implementation"": ""CPython"", ""version"": ""3.12.2"", ""version_info"": ""3.12.2""}, ""git"": {""commit_hash"": ""443b599dca6666ab5976e2cf184c9398d48cda2b""}, ""timezone"": {""timezone_name"": ""UTC"", ""utc_offset_hours"": 0.0}, ""timestamp"": 1752416768.0}",443b599dca6666ab5976e2cf184c9398d48cda2b,2025-07-16T11:19:27,,UNSUPPORTED,,,,,,,"{""reason"": ""Solver does not support SDP problems"", ""problem_type"": ""SDP"", ""problem_class"": ""SDP""}"
818,cvxpy_sdpa,cvxpy-1.6.5-SDPA-0.2.2,SDPLIB,control11,SDP,"{""cpu"": {""cpu_count"": 8, ""cpu_count_physical"": 8, ""processor"": ""arm"", ""architecture"": ""64bit""}, ""memory"": {""total_gb"": 24.0}, ""os"": {""system"": ""Darwin"", ""machine"": ""arm64"", ""release"": ""23.5.0""}, ""python"": {""implementation"": ""CPython"", ""version"": ""3.12.2"", ""version_info"": ""3.12.2""}, ""git"": {""commit_hash"": ""443b599dca6666ab5976e2cf184c9398d48cda2b""}, ""timezone"": {""timezone_name"": ""UTC"", ""utc_offset_hours"": 0.0}, ""timestamp"": 1752416768.0}",443b599dca6666ab5976e2cf184c9398d48cda2b,2025-07-16T11:19:11,17.384504079818726,OPTIMAL (INACCURATE),-31.95851149383577,-31.95870615260608,0.000194658770311662,1.7090596773415e-07,0.0,,"{""iteration_info_limitation"": ""SDPA does not provide iteration count through CVXPY"", ""solver_solve_time"": null, ""problem_class"": ""SDP""}"
1639,matlab_sdpt3,SDPT3-4.0-20240410 (MATLAB 24.1.0.2537033 (R2024a)),SDPLIB,control11,SDP,"{""cpu"": {""cpu_count"": 8, ""cpu_count_physical"": 8, ""processor"": ""arm"", ""architecture"": ""64bit""}, ""memory"": {""total_gb"": 24.0}, ""os"": {""system"": ""Darwin"", ""machine"": ""arm64"", ""release"": ""23.5.0""}, ""python"": {""implementation"": ""CPython"", ""version"": ""3.12.2"", ""version_info"": ""3.12.2""}, ""git"": {""commit_hash"": ""96ca043787ef8c38515cfa8d108d16b61b823e04""}, ""timezone"": {""timezone_name"": ""UTC"", ""utc_offset_hours"": 0.0}, ""timestamp"": 1752926592.0}",96ca043787ef8c38515cfa8d108d16b61b823e04,2025-07-19T14:05:38,11.558988291666667,UNKNOWN,-31.958623305615316,-31.958686698445707,6.339283039125121e-05,7.853573037958292e-07,0.0,24,"{""matlab_output"": {""solver_name"": ""SDPT3"", ""status"": ""unknown"", ""solve_time"": 11.558988291666667, ""setup_time"": [], ""iterations"": 24, ""primal_objective_value"": -31.958623305615316, ""dual_objective_value"": -31.958686698445707, ""duality_gap"": 6.339283039125121e-05, ""primal_infeasibility"": 7.853573037958292e-07, ""dual_infeasibility"": 0, ""solver_version"": ""SDPT3-4.0-20240410"", ""solver_options"": {}, ""termination_reason"": """", ""error_message"": """", ""timestamp"": ""2025-07-19 23:05:35"", ""matlab_version"": ""24.1.0.2537033 (R2024a)""}, ""matlab_version"": ""24.1.0.2537033 (R2024a)"", ""solver_backend"": ""sdpt3"", ""execution_environment"": ""matlab"", ""problem_class"": ""SDP""}"
1509,matlab_sedumi,SeDuMi-1.3.7 (MATLAB 24.1.0.2537033 (R2024a)),SDPLIB,control11,SDP,"{""cpu"": {""cpu_count"": 8, ""cpu_count_physical"": 8, ""processor"": ""arm"", ""architecture"": ""64bit""}, ""memory"": {""total_gb"": 24.0}, ""os"": {""system"": ""Darwin"", ""machine"": ""arm64"", ""release"": ""23.5.0""}, ""python"": {""implementation"": ""CPython"", ""version"": ""3.12.2"", ""version_info"": ""3.12.2""}, ""git"": {""commit_hash"": ""96ca043787ef8c38515cfa8d108d16b61b823e04""}, ""timezone"": {""timezone_name"": ""UTC"", ""utc_offset_hours"": 0.0}, ""timestamp"": 1752926592.0}",96ca043787ef8c38515cfa8d108d16b61b823e04,2025-07-19T12:46:12,30.733073958333332,NUM_ERROR,-31.958699244576298,-31.958695423512797,3.821063501163735e-06,5.312516350920055e-07,0.0,47,"{""matlab_output"": {""solver_name"": ""SeDuMi"", ""status"": ""num_error"", ""solve_time"": 30.733073958333332, ""setup_time"": [], ""iterations"": 47, ""primal_objective_value"": -31.958699244576298, ""dual_objective_value"": -31.958695423512797, ""duality_gap"": 3.821063501163735e-06, ""primal_infeasibility"": 5.312516350920055e-07, ""dual_infeasibility"": 0, ""solver_version"": ""SeDuMi-1.3.7"", ""solver_options"": {}, ""termination_reason"": """", ""error_message"": """", ""timestamp"": ""2025-07-19 21:46:09"", ""matlab_version"": ""24.1.0.2537033 (R2024a)""}, ""matlab_version"": ""24.1.0.2537033 (R2024a)"", ""solver_backend"": ""sedumi"", ""execution_environment"": ""matlab"", ""problem_class"": ""SDP""}"
823,scipy_linprog,scipy-1.15.3,SDPLIB,control11,SDP,"{""cpu"": {""cpu_count"": 8, ""cpu_count_physical"": 8, ""processor"": ""arm"", ""architecture"": ""64bit""}, ""memory"": {""total_gb"": 24.0}, ""os"": {""system"": ""Darwin"", ""machine"": ""arm64"", ""release"": ""23.5.0""}, ""python"": {""implementation"": ""CPython"", ""version"": ""3.12.2"", ""version_info"": ""3.12.2""}, ""git"": {""commit_hash"": ""443b599dca6666ab5976e2cf184c9398d48cda2b""}, ""timezone"": {""timezone_name"": ""UTC"", ""utc_offset_hours"": 0.0}, ""timestamp"": 1752416768.0}",443b599dca6666ab5976e2cf184c9398d48cda2b,2025-07-16T11:19:27,,UNSUPPORTED,,,,,,,"{""reason"": ""Solver does not support SDP problems"", ""problem_type"": ""SDP"", ""problem_class"": ""SDP""}"
703,cvxpy_clarabel,cvxpy-1.6.5-CLARABEL-0.11.0,SDPLIB,control2,SDP,"{""cpu"": {""cpu_count"": 8, ""cpu_count_physical"": 8, ""processor"": ""arm"", ""architecture"": ""64bit""}, ""memory"": {""total_gb"": 24.0}, ""os"": {""system"": ""Darwin"", ""machine"": ""arm64"", ""release"": ""23.5.0""}, ""python"": {""implementation"": ""CPython"", ""version"": ""3.12.2"", ""version_info"": ""3.12.2""}, ""git"": {""commit_hash"": ""443b599dca6666ab5976e2cf184c9398d48cda2b""}, ""timezone"": {""timezone_name"": ""UTC"", ""utc_offset_hours"": 0.0}, ""timestamp"": 1752416768.0}",443b599dca6666ab5976e2cf184c9398d48cda2b,2025-07-16T10:32:02,0.05029797554016113,OPTIMAL,-8.30000052797604,-8.300000490399094,-3.7576945999262534e-08,1.0799058809794016e-07,0.0,25,"{""solver_solve_time"": 0.04589692, ""problem_class"": ""SDP""}"
705,cvxpy_cvxopt,unknown,SDPLIB,control2,SDP,"{""cpu"": {""cpu_count"": 8, ""cpu_count_physical"": 8, ""processor"": ""arm"", ""architecture"": ""64bit""}, ""memory"": {""total_gb"": 24.0}, ""os"": {""system"": ""Darwin"", ""machine"": ""arm64"", ""release"": ""23.5.0""}, ""python"": {""implementation"": ""CPython"", ""version"": ""3.12.2"", ""version_info"": ""3.12.2""}, ""git"": {""commit_hash"": ""443b599dca6666ab5976e2cf184c9398d48cda2b""}, ""timezone"": {""timezone_name"": ""UTC"", ""utc_offset_hours"": 0.0}, ""timestamp"": 1752416768.0}",443b599dca6666ab5976e2cf184c9398d48cda2b,2025-07-16T10:32:07,0.1693129539489746,ERROR,,,,,,,"{""error_message"": ""Solver 'CVXOPT' failed. Try another solver, or solve with verbose=True for more information."", ""problem_class"": ""SDP""}"
706,cvxpy_ecos,cvxpy-1.6.5-ECOS-2.0.14,SDPLIB,control2,SDP,"{""cpu"": {""cpu_count"": 8, ""cpu_count_physical"": 8, ""processor"": ""arm"", ""architecture"": ""64bit""}, ""memory"": {""total_gb"": 24.0}, ""os"": {""system"": ""Darwin"", ""machine"": ""arm64"", ""release"": ""23.5.0""}, ""python"": {""implementation"": ""CPython"", ""version"": ""3.12.2"", ""version_info"": ""3.12.2""}, ""git"": {""commit_hash"": ""443b599dca6666ab5976e2cf184c9398d48cda2b""}, ""timezone"": {""timezone_name"": ""UTC"", ""utc_offset_hours"": 0.0}, ""timestamp"": 1752416768.0}",443b599dca6666ab5976e2cf184c9398d48cda2b,2025-07-16T10:32:07,,UNSUPPORTED,,,,,,,"{""reason"": ""Solver does not support SDP problems"", ""problem_type"": ""SDP"", ""problem_class"": ""SDP""}"
707,cvxpy_highs,cvxpy-1.6.5-HIGHS-1.11.0,SDPLIB,control2,SDP,"{""cpu"": {""cpu_count"": 8, ""cpu_count_physical"": 8, ""processor"": ""arm"", ""architecture"": ""64bit""}, ""memory"": {""total_gb"": 24.0}, ""os"": {""system"": ""Darwin"", ""machine"": ""arm64"", ""release"": ""23.5.0""}, ""python"": {""implementation"": ""CPython"", ""version"": ""3.12.2"", ""version_info"": ""3.12.2""}, ""git"": {""commit_hash"": ""443b599dca6666ab5976e2cf184c9398d48cda2b""}, ""timezone"": {""timezone_name"": ""UTC"", ""utc_offset_hours"": 0.0}, ""timestamp"": 1752416768.0}",443b599dca6666ab5976e2cf184c9398d48cda2b,2025-07-16T10:32:07,,UNSUPPORTED,,,,,,,"{""reason"": ""Solver does not support SDP problems"", ""problem_type"": ""SDP"", ""problem_class"": ""SDP""}"
708,cvxpy_osqp,cvxpy-1.6.5-OSQP-1.0.4,SDPLIB,control2,SDP,"{""cpu"": {""cpu_count"": 8, ""cpu_count_physical"": 8, ""processor"": ""arm"", ""architecture"": ""64bit""}, ""memory"": {""total_gb"": 24.0}, ""os"": {""system"": ""Darwin"", ""machine"": ""arm64"", ""release"": ""23.5.0""}, ""python"": {""implementation"": ""CPython"", ""version"": ""3.12.2"", ""version_info"": ""3.12.2""}, ""git"": {""commit_hash"": ""443b599dca6666ab5976e2cf184c9398d48cda2b""}, ""timezone"": {""timezone_name"": ""UTC"", ""utc_offset_hours"": 0.0}, ""timestamp"": 1752416768.0}",443b599dca6666ab5976e2cf184c9398d48cda2b,2025-07-16T10:32:07,,UNSUPPORTED,,,,,,,"{""reason"": ""Solver does not support SDP problems"", ""problem_type"": ""SDP"", ""problem_class"": ""SDP""}"
709,cvxpy_scip,cvxpy-1.6.5-SCIP-5.5.0,SDPLIB,control2,SDP,"{""cpu"": {""cpu_count"": 8, ""cpu_count_physical"": 8, ""processor"": ""arm"", ""architecture"": ""64bit""}, ""memory"": {""total_gb"": 24.0}, ""os"": {""system"": ""Darwin"", ""machine"": ""arm64"", ""release"": ""23.5.0""}, ""python"": {""implementation"": ""CPython"", ""version"": ""3.12.2"", ""version_info"": ""3.12.2""}, ""git"": {""commit_hash"": ""443b599dca6666ab5976e2cf184c9398d48cda2b""}, ""timezone"": {""timezone_name"": ""UTC"", ""utc_offset_hours"": 0.0}, ""timestamp"": 1752416768.0}",443b599dca6666ab5976e2cf184c9398d48cda2b,2025-07-16T10:32:07,,UNSUPPORTED,,,,,,,"{""reason"": ""Solver does not support SDP problems"", ""problem_type"": ""SDP"", ""problem_class"": ""SDP""}"
704,cvxpy_scs,cvxpy-1.6.5-SCS-3.2.7.post2,SDPLIB,control2,SDP,"{""cpu"": {""cpu_count"": 8, ""cpu_count_physical"": 8, ""processor"": ""arm"", ""architecture"": ""64bit""}, ""memory"": {""total_gb"": 24.0}, ""os"": {""system"": ""Darwin"", ""machine"": ""arm64"", ""release"": ""23.5.0""}, ""python"": {""implementation"": ""CPython"", ""version"": ""3.12.2"", ""version_info"": ""3.12.2""}, ""git"": {""commit_hash"": ""443b599dca6666ab5976e2cf184c9398d48cda2b""}, ""timezone"": {""timezone_name"": ""UTC"", ""utc_offset_hours"": 0.0}, ""timestamp"": 1752416768.0}",443b599dca6666ab5976e2cf184c9398d48cda2b,2025-07-16T10:32:07,4.882005929946899,OPTIMAL (INACCURATE),-0.0019666666133589523,-1.6631072323702496,1.6611405657568907,0.166111590183817,16899.147636217396,100000,"{""solver_solve_time"": 4.877240708, ""problem_class"": ""SDP""}"
710,cvxpy_sdpa,cvxpy-1.6.5-SDPA-0.2.2,SDPLIB,control2,SDP,"{""cpu"": {""cpu_count"": 8, ""cpu_count_physical"": 8, ""processor"": ""arm"", ""architecture"": ""64bit""}, ""memory"": {""total_gb"": 24.0}, ""os"": {""system"": ""Darwin"", ""machine"": ""arm64"", ""release"": ""23.5.0""}, ""python"": {""implementation"": ""CPython"", ""version"": ""3.12.2"", ""version_info"": ""3.12.2""}, ""git"": {""commit_hash"": ""443b599dca6666ab5976e2cf184c9398d48cda2b""}, ""timezone"": {""timezone_name"": ""UTC"", ""utc_offset_hours"": 0.0}, ""timestamp"": 1752416768.0}",443b599dca6666ab5976e2cf184c9398d48cda2b,2025-07-16T10:32:07,0.037503957748413086,OPTIMAL,-8.299999482545115,-8.300000044307849,5.617627341081288e-07,1.6670044255637843e-08,0.0,,"{""iteration_info_limitation"": ""SDPA does not provide iteration count through CVXPY"", ""solver_solve_time"": null, ""problem_class"": ""SDP""}"
1630,matlab_sdpt3,SDPT3-4.0-20240410 (MATLAB 24.1.0.2537033 (R2024a)),SDPLIB,control2,SDP,"{""cpu"": {""cpu_count"": 8, ""cpu_count_physical"": 8, ""processor"": ""arm"", ""architecture"": ""64bit""}, ""memory"": {""total_gb"": 24.0}, ""os"": {""system"": ""Darwin"", ""machine"": ""arm64"", ""release"": ""23.5.0""}, ""python"": {""implementation"": ""CPython"", ""version"": ""3.12.2"", ""version_info"": ""3.12.2""}, ""git"": {""commit_hash"": ""96ca043787ef8c38515cfa8d108d16b61b823e04""}, ""timezone"": {""timezone_name"": ""UTC"", ""utc_offset_hours"": 0.0}, ""timestamp"": 1752926592.0}",96ca043787ef8c38515cfa8d108d16b61b823e04,2025-07-19T14:04:03,0.41014416666666664,MAX_ITER,-8.299999963979975,-8.300000195440187,2.3146021277398177e-07,4.880420109459047e-09,0.0,21,"{""matlab_output"": {""solver_name"": ""SDPT3"", ""status"": ""max_iter"", ""solve_time"": 0.41014416666666664, ""setup_time"": [], ""iterations"": 21, ""primal_objective_value"": -8.299999963979975, ""dual_objective_value"": -8.300000195440187, ""duality_gap"": 2.3146021277398177e-07, ""primal_infeasibility"": 4.880420109459047e-09, ""dual_infeasibility"": 0, ""solver_version"": ""SDPT3-4.0-20240410"", ""solver_options"": {}, ""termination_reason"": """", ""error_message"": """", ""timestamp"": ""2025-07-19 23:04:00"", ""matlab_version"": ""24.1.0.2537033 (R2024a)""}, ""matlab_version"": ""24.1.0.2537033 (R2024a)"", ""solver_backend"": ""sdpt3"", ""execution_environment"": ""matlab"", ""problem_class"": ""SDP""}"
1500,matlab_sedumi,SeDuMi-1.3.7 (MATLAB 24.1.0.2537033 (R2024a)),SDPLIB,control2,SDP,"{""cpu"": {""cpu_count"": 8, ""cpu_count_physical"": 8, ""processor"": ""arm"", ""architecture"": ""64bit""}, ""memory"": {""total_gb"": 24.0}, ""os"": {""system"": ""Darwin"", ""machine"": ""arm64"", ""release"": ""23.5.0""}, ""python"": {""implementation"": ""CPython"", ""version"": ""3.12.2"", ""version_info"": ""3.12.2""}, ""git"": {""commit_hash"": ""96ca043787ef8c38515cfa8d108d16b61b823e04""}, ""timezone"": {""timezone_name"": ""UTC"", ""utc_offset_hours"": 0.0}, ""timestamp"": 1752926592.0}",96ca043787ef8c38515cfa8d108d16b61b823e04,2025-07-19T12:43:58,0.3295910833333333,OPTIMAL,-8.300000061550637,-8.300000053303892,8.24674550869986e-09,8.92637846485658e-09,0.0,31,"{""matlab_output"": {""solver_name"": ""SeDuMi"", ""status"": ""optimal"", ""solve_time"": 0.3295910833333333, ""setup_time"": [], ""iterations"": 31, ""primal_objective_value"": -8.300000061550637, ""dual_objective_value"": -8.300000053303892, ""duality_gap"": 8.24674550869986e-09, ""primal_infeasibility"": 8.92637846485658e-09, ""dual_infeasibility"": 0, ""solver_version"": ""SeDuMi-1.3.7"", ""solver_options"": {}, ""termination_reason"": """", ""error_message"": """", ""timestamp"": ""2025-07-19 21:43:55"", ""matlab_version"": ""24.1.0.2537033 (R2024a)""}, ""matlab_version"": ""24.1.0.2537033 (R2024a)"", ""solver_backend"": ""sedumi"", ""execution_environment"": ""matlab"", ""problem_class"": ""SDP""}"
711,scipy_linprog,scipy-1.15.3,SDPLIB,control2,SDP,"{""cpu"": {""cpu_count"": 8, ""cpu_count_physical"": 8, ""processor"": ""arm"", ""architecture"": ""64bit""}, ""memory"": {""total_gb"": 24.0}, ""os"": {""system"": ""Darwin"", ""machine"": ""arm64"", ""release"": ""23.5.0""}, ""python"": {""implementation"": ""CPython"", ""version"": ""3.12.2"", ""version_info"": ""3.12.2""}, ""git"": {""commit_hash"": ""443b599dca6666ab5976e2cf184c9398d48cda2b""}, ""timezone"": {""timezone_name"": ""UTC"", ""utc_offset_hours"": 0.0}, ""timestamp"": 1752416768.0}",443b599dca6666ab5976e2cf184c9398d48cda2b,2025-07-16T10:32:07,,UNSUPPORTED,,,,,,,"{""reason"": ""Solver does not support SDP problems"", ""problem_type"": ""SDP"", ""problem_class"": ""SDP""}"
714,cvxpy_clarabel,cvxpy-1.6.5-CLARABEL-0.11.0,SDPLIB,control3,SDP,"{""cpu"": {""cpu_count"": 8, ""cpu_count_physical"": 8, ""processor"": ""arm"", ""architecture"": ""64bit""}, ""memory"": {""total_gb"": 24.0}, ""os"": {""system"": ""Darwin"", ""machine"": ""arm64"", ""release"": ""23.5.0""}, ""python"": {""implementation"": ""CPython"", ""version"": ""3.12.2"", ""version_info"": ""3.12.2""}, ""git"": {""commit_hash"": ""443b599dca6666ab5976e2cf184c9398d48cda2b""}, ""timezone"": {""timezone_name"": ""UTC"", ""utc_offset_hours"": 0.0}, ""timestamp"": 1752416768.0}",443b599dca6666ab5976e2cf184c9398d48cda2b,2025-07-16T10:33:05,0.22819089889526367,OPTIMAL,-13.633267734899809,-13.633267702679126,-3.2220683010564244e-08,2.693486524788012e-07,0.0,29,"{""solver_solve_time"": 0.21956029, ""problem_class"": ""SDP""}"
716,cvxpy_cvxopt,unknown,SDPLIB,control3,SDP,"{""cpu"": {""cpu_count"": 8, ""cpu_count_physical"": 8, ""processor"": ""arm"", ""architecture"": ""64bit""}, ""memory"": {""total_gb"": 24.0}, ""os"": {""system"": ""Darwin"", ""machine"": ""arm64"", ""release"": ""23.5.0""}, ""python"": {""implementation"": ""CPython"", ""version"": ""3.12.2"", ""version_info"": ""3.12.2""}, ""git"": {""commit_hash"": ""443b599dca6666ab5976e2cf184c9398d48cda2b""}, ""timezone"": {""timezone_name"": ""UTC"", ""utc_offset_hours"": 0.0}, ""timestamp"": 1752416768.0}",443b599dca6666ab5976e2cf184c9398d48cda2b,2025-07-16T10:33:19,0.3841969966888428,ERROR,,,,,,,"{""error_message"": ""Solver 'CVXOPT' failed. Try another solver, or solve with verbose=True for more information."", ""problem_class"": ""SDP""}"
717,cvxpy_ecos,cvxpy-1.6.5-ECOS-2.0.14,SDPLIB,control3,SDP,"{""cpu"": {""cpu_count"": 8, ""cpu_count_physical"": 8, ""processor"": ""arm"", ""architecture"": ""64bit""}, ""memory"": {""total_gb"": 24.0}, ""os"": {""system"": ""Darwin"", ""machine"": ""arm64"", ""release"": ""23.5.0""}, ""python"": {""implementation"": ""CPython"", ""version"": ""3.12.2"", ""version_info"": ""3.12.2""}, ""git"": {""commit_hash"": ""443b599dca6666ab5976e2cf184c9398d48cda2b""}, ""timezone"": {""timezone_name"": ""UTC"", ""utc_offset_hours"": 0.0}, ""timestamp"": 1752416768.0}",443b599dca6666ab5976e2cf184c9398d48cda2b,2025-07-16T10:33:19,,UNSUPPORTED,,,,,,,"{""reason"": ""Solver does not support SDP problems"", ""problem_type"": ""SDP"", ""problem_class"": ""SDP""}"
718,cvxpy_highs,cvxpy-1.6.5-HIGHS-1.11.0,SDPLIB,control3,SDP,"{""cpu"": {""cpu_count"": 8, ""cpu_count_physical"": 8, ""processor"": ""arm"", ""architecture"": ""64bit""}, ""memory"": {""total_gb"": 24.0}, ""os"": {""system"": ""Darwin"", ""machine"": ""arm64"", ""release"": ""23.5.0""}, ""python"": {""implementation"": ""CPython"", ""version"": ""3.12.2"", ""version_info"": ""3.12.2""}, ""git"": {""commit_hash"": ""443b599dca6666ab5976e2cf184c9398d48cda2b""}, ""timezone"": {""timezone_name"": ""UTC"", ""utc_offset_hours"": 0.0}, ""timestamp"": 1752416768.0}",443b599dca6666ab5976e2cf184c9398d48cda2b,2025-07-16T10:33:19,,UNSUPPORTED,,,,,,,"{""reason"": ""Solver does not support SDP problems"", ""problem_type"": ""SDP"", ""problem_class"": ""SDP""}"
719,cvxpy_osqp,cvxpy-1.6.5-OSQP-1.0.4,SDPLIB,control3,SDP,"{""cpu"": {""cpu_count"": 8, ""cpu_count_physical"": 8, ""processor"": ""arm"", ""architecture"": ""64bit""}, ""memory"": {""total_gb"": 24.0}, ""os"": {""system"": ""Darwin"", ""machine"": ""arm64"", ""release"": ""23.5.0""}, ""python"": {""implementation"": ""CPython"", ""version"": ""3.12.2"", ""version_info"": ""3.12.2""}, ""git"": {""commit_hash"": ""443b599dca6666ab5976e2cf184c9398d48cda2b""}, ""timezone"": {""timezone_name"": ""UTC"", ""utc_offset_hours"": 0.0}, ""timestamp"": 1752416768.0}",443b599dca6666ab5976e2cf184c9398d48cda2b,2025-07-16T10:33:19,,UNSUPPORTED,,,,,,,"{""reason"": ""Solver does not support SDP problems"", ""problem_type"": ""SDP"", ""problem_class"": ""SDP""}"
720,cvxpy_scip,cvxpy-1.6.5-SCIP-5.5.0,SDPLIB,control3,SDP,"{""cpu"": {""cpu_count"": 8, ""cpu_count_physical"": 8, ""processor"": ""arm"", ""architecture"": ""64bit""}, ""memory"": {""total_gb"": 24.0}, ""os"": {""system"": ""Darwin"", ""machine"": ""arm64"", ""release"": ""23.5.0""}, ""python"": {""implementation"": ""CPython"", ""version"": ""3.12.2"", ""version_info"": ""3.12.2""}, ""git"": {""commit_hash"": ""443b599dca6666ab5976e2cf184c9398d48cda2b""}, ""timezone"": {""timezone_name"": ""UTC"", ""utc_offset_hours"": 0.0}, ""timestamp"": 1752416768.0}",443b599dca6666ab5976e2cf184c9398d48cda2b,2025-07-16T10:33:19,,UNSUPPORTED,,,,,,,"{""reason"": ""Solver does not support SDP problems"", ""problem_type"": ""SDP"", ""problem_class"": ""SDP""}"
715,cvxpy_scs,cvxpy-1.6.5-SCS-3.2.7.post2,SDPLIB,control3,SDP,"{""cpu"": {""cpu_count"": 8, ""cpu_count_physical"": 8, ""processor"": ""arm"", ""architecture"": ""64bit""}, ""memory"": {""total_gb"": 24.0}, ""os"": {""system"": ""Darwin"", ""machine"": ""arm64"", ""release"": ""23.5.0""}, ""python"": {""implementation"": ""CPython"", ""version"": ""3.12.2"", ""version_info"": ""3.12.2""}, ""git"": {""commit_hash"": ""443b599dca6666ab5976e2cf184c9398d48cda2b""}, ""timezone"": {""timezone_name"": ""UTC"", ""utc_offset_hours"": 0.0}, ""timestamp"": 1752416768.0}",443b599dca6666ab5976e2cf184c9398d48cda2b,2025-07-16T10:33:19,14.102894306182861,OPTIMAL (INACCURATE),-0.037735833422812004,-0.27289208768706114,0.23515625426424913,0.13917932877951675,1893.5597441188274,100000,"{""solver_solve_time"": 14.09346725, ""problem_class"": ""SDP""}"
721,cvxpy_sdpa,cvxpy-1.6.5-SDPA-0.2.2,SDPLIB,control3,SDP,"{""cpu"": {""cpu_count"": 8, ""cpu_count_physical"": 8, ""processor"": ""arm"", ""architecture"": ""64bit""}, ""memory"": {""total_gb"": 24.0}, ""os"": {""system"": ""Darwin"", ""machine"": ""arm64"", ""release"": ""23.5.0""}, ""python"": {""implementation"": ""CPython"", ""version"": ""3.12.2"", ""version_info"": ""3.12.2""}, ""git"": {""commit_hash"": ""443b599dca6666ab5976e2cf184c9398d48cda2b""}, ""timezone"": {""timezone_name"": ""UTC"", ""utc_offset_hours"": 0.0}, ""timestamp"": 1752416768.0}",443b599dca6666ab5976e2cf184c9398d48cda2b,2025-07-16T10:33:20,0.1595902442932129,OPTIMAL (INACCURATE),-13.633263748445593,-13.633266893655158,3.1452095647921396e-06,6.364345948755367e-08,0.0,,"{""iteration_info_limitation"": ""SDPA does not provide iteration count through CVXPY"", ""solver_solve_time"": null, ""problem_class"": ""SDP""}"
1631,matlab_sdpt3,SDPT3-4.0-20240410 (MATLAB 24.1.0.2537033 (R2024a)),SDPLIB,control3,SDP,"{""cpu"": {""cpu_count"": 8, ""cpu_count_physical"": 8, ""processor"": ""arm"", ""architecture"": ""64bit""}, ""memory"": {""total_gb"": 24.0}, ""os"": {""system"": ""Darwin"", ""machine"": ""arm64"", ""release"": ""23.5.0""}, ""python"": {""implementation"": ""CPython"", ""version"": ""3.12.2"", ""version_info"": ""3.12.2""}, ""git"": {""commit_hash"": ""96ca043787ef8c38515cfa8d108d16b61b823e04""}, ""timezone"": {""timezone_name"": ""UTC"", ""utc_offset_hours"": 0.0}, ""timestamp"": 1752926592.0}",96ca043787ef8c38515cfa8d108d16b61b823e04,2025-07-19T14:04:09,0.5669687916666667,MAX_ITER,-13.633263261632482,-13.633267476768832,4.215136350183002e-06,8.350276043868962e-08,0.0,21,"{""matlab_output"": {""solver_name"": ""SDPT3"", ""status"": ""max_iter"", ""solve_time"": 0.5669687916666667, ""setup_time"": [], ""iterations"": 21, ""primal_objective_value"": -13.633263261632482, ""dual_objective_value"": -13.633267476768832, ""duality_gap"": 4.215136350183002e-06, ""primal_infeasibility"": 8.350276043868962e-08, ""dual_infeasibility"": 0, ""solver_version"": ""SDPT3-4.0-20240410"", ""solver_options"": {}, ""termination_reason"": """", ""error_message"": """", ""timestamp"": ""2025-07-19 23:04:06"", ""matlab_version"": ""24.1.0.2537033 (R2024a)""}, ""matlab_version"": ""24.1.0.2537033 (R2024a)"", ""solver_backend"": ""sdpt3"", ""execution_environment"": ""matlab"", ""problem_class"": ""SDP""}"
1501,matlab_sedumi,SeDuMi-1.3.7 (MATLAB 24.1.0.2537033 (R2024a)),SDPLIB,control3,SDP,"{""cpu"": {""cpu_count"": 8, ""cpu_count_physical"": 8, ""processor"": ""arm"", ""architecture"": ""64bit""}, ""memory"": {""total_gb"": 24.0}, ""os"": {""system"": ""Darwin"", ""machine"": ""arm64"", ""release"": ""23.5.0""}, ""python"": {""implementation"": ""CPython"", ""version"": ""3.12.2"", ""version_info"": ""3.12.2""}, ""git"": {""commit_hash"": ""96ca043787ef8c38515cfa8d108d16b61b823e04""}, ""timezone"": {""timezone_name"": ""UTC"", ""utc_offset_hours"": 0.0}, ""timestamp"": 1752926592.0}",96ca043787ef8c38515cfa8d108d16b61b823e04,2025-07-19T12:44:04,0.5063703333333334,NUM_ERROR,-13.633266745169918,-13.633266709049082,3.612083609993988e-08,2.9250113210155247e-08,0.0,34,"{""matlab_output"": {""solver_name"": ""SeDuMi"", ""status"": ""num_error"", ""solve_time"": 0.5063703333333334, ""setup_time"": [], ""iterations"": 34, ""primal_objective_value"": -13.633266745169918, ""dual_objective_value"": -13.633266709049082, ""duality_gap"": 3.612083609993988e-08, ""primal_infeasibility"": 2.9250113210155247e-08, ""dual_infeasibility"": 0, ""solver_version"": ""SeDuMi-1.3.7"", ""solver_options"": {}, ""termination_reason"": """", ""error_message"": """", ""timestamp"": ""2025-07-19 21:44:01"", ""matlab_version"": ""24.1.0.2537033 (R2024a)""}, ""matlab_version"": ""24.1.0.2537033 (R2024a)"", ""solver_backend"": ""sedumi"", ""execution_environment"": ""matlab"", ""problem_class"": ""SDP""}"
722,scipy_linprog,scipy-1.15.3,SDPLIB,control3,SDP,"{""cpu"": {""cpu_count"": 8, ""cpu_count_physical"": 8, ""processor"": ""arm"", ""architecture"": ""64bit""}, ""memory"": {""total_gb"": 24.0}, ""os"": {""system"": ""Darwin"", ""machine"": ""arm64"", ""release"": ""23.5.0""}, ""python"": {""implementation"": ""CPython"", ""version"": ""3.12.2"", ""version_info"": ""3.12.2""}, ""git"": {""commit_hash"": ""443b599dca6666ab5976e2cf184c9398d48cda2b""}, ""timezone"": {""timezone_name"": ""UTC"", ""utc_offset_hours"": 0.0}, ""timestamp"": 1752416768.0}",443b599dca6666ab5976e2cf184c9398d48cda2b,2025-07-16T10:33:20,,UNSUPPORTED,,,,,,,"{""reason"": ""Solver does not support SDP problems"", ""problem_type"": ""SDP"", ""problem_class"": ""SDP""}"
725,cvxpy_clarabel,cvxpy-1.6.5-CLARABEL-0.11.0,SDPLIB,control4,SDP,"{""cpu"": {""cpu_count"": 8, ""cpu_count_physical"": 8, ""processor"": ""arm"", ""architecture"": ""64bit""}, ""memory"": {""total_gb"": 24.0}, ""os"": {""system"": ""Darwin"", ""machine"": ""arm64"", ""release"": ""23.5.0""}, ""python"": {""implementation"": ""CPython"", ""version"": ""3.12.2"", ""version_info"": ""3.12.2""}, ""git"": {""commit_hash"": ""443b599dca6666ab5976e2cf184c9398d48cda2b""}, ""timezone"": {""timezone_name"": ""UTC"", ""utc_offset_hours"": 0.0}, ""timestamp"": 1752416768.0}",443b599dca6666ab5976e2cf184c9398d48cda2b,2025-07-16T10:34:14,0.8667011260986328,OPTIMAL,-19.79423318506499,-19.79423315316147,-3.190351804960301e-08,5.103843191955561e-07,5.641713395479458e-08,32,"{""solver_solve_time"": 0.849402712, ""problem_class"": ""SDP""}"
727,cvxpy_cvxopt,unknown,SDPLIB,control4,SDP,"{""cpu"": {""cpu_count"": 8, ""cpu_count_physical"": 8, ""processor"": ""arm"", ""architecture"": ""64bit""}, ""memory"": {""total_gb"": 24.0}, ""os"": {""system"": ""Darwin"", ""machine"": ""arm64"", ""release"": ""23.5.0""}, ""python"": {""implementation"": ""CPython"", ""version"": ""3.12.2"", ""version_info"": ""3.12.2""}, ""git"": {""commit_hash"": ""443b599dca6666ab5976e2cf184c9398d48cda2b""}, ""timezone"": {""timezone_name"": ""UTC"", ""utc_offset_hours"": 0.0}, ""timestamp"": 1752416768.0}",443b599dca6666ab5976e2cf184c9398d48cda2b,2025-07-16T10:34:44,1.2850801944732666,ERROR,,,,,,,"{""error_message"": ""Solver 'CVXOPT' failed. Try another solver, or solve with verbose=True for more information."", ""problem_class"": ""SDP""}"
728,cvxpy_ecos,cvxpy-1.6.5-ECOS-2.0.14,SDPLIB,control4,SDP,"{""cpu"": {""cpu_count"": 8, ""cpu_count_physical"": 8, ""processor"": ""arm"", ""architecture"": ""64bit""}, ""memory"": {""total_gb"": 24.0}, ""os"": {""system"": ""Darwin"", ""machine"": ""arm64"", ""release"": ""23.5.0""}, ""python"": {""implementation"": ""CPython"", ""version"": ""3.12.2"", ""version_info"": ""3.12.2""}, ""git"": {""commit_hash"": ""443b599dca6666ab5976e2cf184c9398d48cda2b""}, ""timezone"": {""timezone_name"": ""UTC"", ""utc_offset_hours"": 0.0}, ""timestamp"": 1752416768.0}",443b599dca6666ab5976e2cf184c9398d48cda2b,2025-07-16T10:34:44,,UNSUPPORTED,,,,,,,"{""reason"": ""Solver does not support SDP problems"", ""problem_type"": ""SDP"", ""problem_class"": ""SDP""}"
729,cvxpy_highs,cvxpy-1.6.5-HIGHS-1.11.0,SDPLIB,control4,SDP,"{""cpu"": {""cpu_count"": 8, ""cpu_count_physical"": 8, ""processor"": ""arm"", ""architecture"": ""64bit""}, ""memory"": {""total_gb"": 24.0}, ""os"": {""system"": ""Darwin"", ""machine"": ""arm64"", ""release"": ""23.5.0""}, ""python"": {""implementation"": ""CPython"", ""version"": ""3.12.2"", ""version_info"": ""3.12.2""}, ""git"": {""commit_hash"": ""443b599dca6666ab5976e2cf184c9398d48cda2b""}, ""timezone"": {""timezone_name"": ""UTC"", ""utc_offset_hours"": 0.0}, ""timestamp"": 1752416768.0}",443b599dca6666ab5976e2cf184c9398d48cda2b,2025-07-16T10:34:44,,UNSUPPORTED,,,,,,,"{""reason"": ""Solver does not support SDP problems"", ""problem_type"": ""SDP"", ""problem_class"": ""SDP""}"
730,cvxpy_osqp,cvxpy-1.6.5-OSQP-1.0.4,SDPLIB,control4,SDP,"{""cpu"": {""cpu_count"": 8, ""cpu_count_physical"": 8, ""processor"": ""arm"", ""architecture"": ""64bit""}, ""memory"": {""total_gb"": 24.0}, ""os"": {""system"": ""Darwin"", ""machine"": ""arm64"", ""release"": ""23.5.0""}, ""python"": {""implementation"": ""CPython"", ""version"": ""3.12.2"", ""version_info"": ""3.12.2""}, ""git"": {""commit_hash"": ""443b599dca6666ab5976e2cf184c9398d48cda2b""}, ""timezone"": {""timezone_name"": ""UTC"", ""utc_offset_hours"": 0.0}, ""timestamp"": 1752416768.0}",443b599dca6666ab5976e2cf184c9398d48cda2b,2025-07-16T10:34:44,,UNSUPPORTED,,,,,,,"{""reason"": ""Solver does not support SDP problems"", ""problem_type"": ""SDP"", ""problem_class"": ""SDP""}"
731,cvxpy_scip,cvxpy-1.6.5-SCIP-5.5.0,SDPLIB,control4,SDP,"{""cpu"": {""cpu_count"": 8, ""cpu_count_physical"": 8, ""processor"": ""arm"", ""architecture"": ""64bit""}, ""memory"": {""total_gb"": 24.0}, ""os"": {""system"": ""Darwin"", ""machine"": ""arm64"", ""release"": ""23.5.0""}, ""python"": {""implementation"": ""CPython"", ""version"": ""3.12.2"", ""version_info"": ""3.12.2""}, ""git"": {""commit_hash"": ""443b599dca6666ab5976e2cf184c9398d48cda2b""}, ""timezone"": {""timezone_name"": ""UTC"", ""utc_offset_hours"": 0.0}, ""timestamp"": 1752416768.0}",443b599dca6666ab5976e2cf184c9398d48cda2b,2025-07-16T10:34:44,,UNSUPPORTED,,,,,,,"{""reason"": ""Solver does not support SDP problems"", ""problem_type"": ""SDP"", ""problem_class"": ""SDP""}"
726,cvxpy_scs,cvxpy-1.6.5-SCS-3.2.7.post2,SDPLIB,control4,SDP,"{""cpu"": {""cpu_count"": 8, ""cpu_count_physical"": 8, ""processor"": ""arm"", ""architecture"": ""64bit""}, ""memory"": {""total_gb"": 24.0}, ""os"": {""system"": ""Darwin"", ""machine"": ""arm64"", ""release"": ""23.5.0""}, ""python"": {""implementation"": ""CPython"", ""version"": ""3.12.2"", ""version_info"": ""3.12.2""}, ""git"": {""commit_hash"": ""443b599dca6666ab5976e2cf184c9398d48cda2b""}, ""timezone"": {""timezone_name"": ""UTC"", ""utc_offset_hours"": 0.0}, ""timestamp"": 1752416768.0}",443b599dca6666ab5976e2cf184c9398d48cda2b,2025-07-16T10:34:42,27.7015540599823,OPTIMAL (INACCURATE),-0.002563905576329976,-2.112935527155603,2.110371621579273,0.11510210278659297,14854.924304999919,100000,"{""solver_solve_time"": 27.679751250000002, ""problem_class"": ""SDP""}"
732,cvxpy_sdpa,cvxpy-1.6.5-SDPA-0.2.2,SDPLIB,control4,SDP,"{""cpu"": {""cpu_count"": 8, ""cpu_count_physical"": 8, ""processor"": ""arm"", ""architecture"": ""64bit""}, ""memory"": {""total_gb"": 24.0}, ""os"": {""system"": ""Darwin"", ""machine"": ""arm64"", ""release"": ""23.5.0""}, ""python"": {""implementation"": ""CPython"", ""version"": ""3.12.2"", ""version_info"": ""3.12.2""}, ""git"": {""commit_hash"": ""443b599dca6666ab5976e2cf184c9398d48cda2b""}, ""timezone"": {""timezone_name"": ""UTC"", ""utc_offset_hours"": 0.0}, ""timestamp"": 1752416768.0}",443b599dca6666ab5976e2cf184c9398d48cda2b,2025-07-16T10:34:44,0.3332328796386719,OPTIMAL (INACCURATE),-19.79422577234397,-19.7942315506204,5.778276428003437e-06,1.3327565863841907e-07,0.0,,"{""iteration_info_limitation"": ""SDPA does not provide iteration count through CVXPY"", ""solver_solve_time"": null, ""problem_class"": ""SDP""}"
1632,matlab_sdpt3,SDPT3-4.0-20240410 (MATLAB 24.1.0.2537033 (R2024a)),SDPLIB,control4,SDP,"{""cpu"": {""cpu_count"": 8, ""cpu_count_physical"": 8, ""processor"": ""arm"", ""architecture"": ""64bit""}, ""memory"": {""total_gb"": 24.0}, ""os"": {""system"": ""Darwin"", ""machine"": ""arm64"", ""release"": ""23.5.0""}, ""python"": {""implementation"": ""CPython"", ""version"": ""3.12.2"", ""version_info"": ""3.12.2""}, ""git"": {""commit_hash"": ""96ca043787ef8c38515cfa8d108d16b61b823e04""}, ""timezone"": {""timezone_name"": ""UTC"", ""utc_offset_hours"": 0.0}, ""timestamp"": 1752926592.0}",96ca043787ef8c38515cfa8d108d16b61b823e04,2025-07-19T14:04:14,0.9797094583333333,UNKNOWN,-19.794231903242835,-19.794231015288197,8.879546378182113e-07,2.2336441257685175e-07,0.0,21,"{""matlab_output"": {""solver_name"": ""SDPT3"", ""status"": ""unknown"", ""solve_time"": 0.9797094583333333, ""setup_time"": [], ""iterations"": 21, ""primal_objective_value"": -19.794231903242835, ""dual_objective_value"": -19.794231015288197, ""duality_gap"": 8.879546378182113e-07, ""primal_infeasibility"": 2.2336441257685175e-07, ""dual_infeasibility"": 0, ""solver_version"": ""SDPT3-4.0-20240410"", ""solver_options"": {}, ""termination_reason"": """", ""error_message"": """", ""timestamp"": ""2025-07-19 23:04:12"", ""matlab_version"": ""24.1.0.2537033 (R2024a)""}, ""matlab_version"": ""24.1.0.2537033 (R2024a)"", ""solver_backend"": ""sdpt3"", ""execution_environment"": ""matlab"", ""problem_class"": ""SDP""}"
1502,matlab_sedumi,SeDuMi-1.3.7 (MATLAB 24.1.0.2537033 (R2024a)),SDPLIB,control4,SDP,"{""cpu"": {""cpu_count"": 8, ""cpu_count_physical"": 8, ""processor"": ""arm"", ""architecture"": ""64bit""}, ""memory"": {""total_gb"": 24.0}, ""os"": {""system"": ""Darwin"", ""machine"": ""arm64"", ""release"": ""23.5.0""}, ""python"": {""implementation"": ""CPython"", ""version"": ""3.12.2"", ""version_info"": ""3.12.2""}, ""git"": {""commit_hash"": ""96ca043787ef8c38515cfa8d108d16b61b823e04""}, ""timezone"": {""timezone_name"": ""UTC"", ""utc_offset_hours"": 0.0}, ""timestamp"": 1752926592.0}",96ca043787ef8c38515cfa8d108d16b61b823e04,2025-07-19T12:44:10,0.619574875,NUM_ERROR,-19.79423223668097,-19.79423226601071,2.932974041414127e-08,7.34021862743097e-08,0.0,35,"{""matlab_output"": {""solver_name"": ""SeDuMi"", ""status"": ""num_error"", ""solve_time"": 0.619574875, ""setup_time"": [], ""iterations"": 35, ""primal_objective_value"": -19.79423223668097, ""dual_objective_value"": -19.79423226601071, ""duality_gap"": 2.932974041414127e-08, ""primal_infeasibility"": 7.34021862743097e-08, ""dual_infeasibility"": 0, ""solver_version"": ""SeDuMi-1.3.7"", ""solver_options"": {}, ""termination_reason"": """", ""error_message"": """", ""timestamp"": ""2025-07-19 21:44:07"", ""matlab_version"": ""24.1.0.2537033 (R2024a)""}, ""matlab_version"": ""24.1.0.2537033 (R2024a)"", ""solver_backend"": ""sedumi"", ""execution_environment"": ""matlab"", ""problem_class"": ""SDP""}"
733,scipy_linprog,scipy-1.15.3,SDPLIB,control4,SDP,"{""cpu"": {""cpu_count"": 8, ""cpu_count_physical"": 8, ""processor"": ""arm"", ""architecture"": ""64bit""}, ""memory"": {""total_gb"": 24.0}, ""os"": {""system"": ""Darwin"", ""machine"": ""arm64"", ""release"": ""23.5.0""}, ""python"": {""implementation"": ""CPython"", ""version"": ""3.12.2"", ""version_info"": ""3.12.2""}, ""git"": {""commit_hash"": ""443b599dca6666ab5976e2cf184c9398d48cda2b""}, ""timezone"": {""timezone_name"": ""UTC"", ""utc_offset_hours"": 0.0}, ""timestamp"": 1752416768.0}",443b599dca6666ab5976e2cf184c9398d48cda2b,2025-07-16T10:34:44,,UNSUPPORTED,,,,,,,"{""reason"": ""Solver does not support SDP problems"", ""problem_type"": ""SDP"", ""problem_class"": ""SDP""}"
736,cvxpy_clarabel,cvxpy-1.6.5-CLARABEL-0.11.0,SDPLIB,control5,SDP,"{""cpu"": {""cpu_count"": 8, ""cpu_count_physical"": 8, ""processor"": ""arm"", ""architecture"": ""64bit""}, ""memory"": {""total_gb"": 24.0}, ""os"": {""system"": ""Darwin"", ""machine"": ""arm64"", ""release"": ""23.5.0""}, ""python"": {""implementation"": ""CPython"", ""version"": ""3.12.2"", ""version_info"": ""3.12.2""}, ""git"": {""commit_hash"": ""443b599dca6666ab5976e2cf184c9398d48cda2b""}, ""timezone"": {""timezone_name"": ""UTC"", ""utc_offset_hours"": 0.0}, ""timestamp"": 1752416768.0}",443b599dca6666ab5976e2cf184c9398d48cda2b,2025-07-16T10:35:41,2.2983057498931885,OPTIMAL,-16.88364881340114,-16.883648809313648,-4.087493010729304e-09,5.620802961416378e-07,5.697256261448682e-09,35,"{""solver_solve_time"": 2.262509295, ""problem_class"": ""SDP""}"
738,cvxpy_cvxopt,unknown,SDPLIB,control5,SDP,"{""cpu"": {""cpu_count"": 8, ""cpu_count_physical"": 8, ""processor"": ""arm"", ""architecture"": ""64bit""}, ""memory"": {""total_gb"": 24.0}, ""os"": {""system"": ""Darwin"", ""machine"": ""arm64"", ""release"": ""23.5.0""}, ""python"": {""implementation"": ""CPython"", ""version"": ""3.12.2"", ""version_info"": ""3.12.2""}, ""git"": {""commit_hash"": ""443b599dca6666ab5976e2cf184c9398d48cda2b""}, ""timezone"": {""timezone_name"": ""UTC"", ""utc_offset_hours"": 0.0}, ""timestamp"": 1752416768.0}",443b599dca6666ab5976e2cf184c9398d48cda2b,2025-07-16T10:36:37,2.2808189392089844,ERROR,,,,,,,"{""error_message"": ""Solver 'CVXOPT' failed. Try another solver, or solve with verbose=True for more information."", ""problem_class"": ""SDP""}"
739,cvxpy_ecos,cvxpy-1.6.5-ECOS-2.0.14,SDPLIB,control5,SDP,"{""cpu"": {""cpu_count"": 8, ""cpu_count_physical"": 8, ""processor"": ""arm"", ""architecture"": ""64bit""}, ""memory"": {""total_gb"": 24.0}, ""os"": {""system"": ""Darwin"", ""machine"": ""arm64"", ""release"": ""23.5.0""}, ""python"": {""implementation"": ""CPython"", ""version"": ""3.12.2"", ""version_info"": ""3.12.2""}, ""git"": {""commit_hash"": ""443b599dca6666ab5976e2cf184c9398d48cda2b""}, ""timezone"": {""timezone_name"": ""UTC"", ""utc_offset_hours"": 0.0}, ""timestamp"": 1752416768.0}",443b599dca6666ab5976e2cf184c9398d48cda2b,2025-07-16T10:36:37,,UNSUPPORTED,,,,,,,"{""reason"": ""Solver does not support SDP problems"", ""problem_type"": ""SDP"", ""problem_class"": ""SDP""}"
740,cvxpy_highs,cvxpy-1.6.5-HIGHS-1.11.0,SDPLIB,control5,SDP,"{""cpu"": {""cpu_count"": 8, ""cpu_count_physical"": 8, ""processor"": ""arm"", ""architecture"": ""64bit""}, ""memory"": {""total_gb"": 24.0}, ""os"": {""system"": ""Darwin"", ""machine"": ""arm64"", ""release"": ""23.5.0""}, ""python"": {""implementation"": ""CPython"", ""version"": ""3.12.2"", ""version_info"": ""3.12.2""}, ""git"": {""commit_hash"": ""443b599dca6666ab5976e2cf184c9398d48cda2b""}, ""timezone"": {""timezone_name"": ""UTC"", ""utc_offset_hours"": 0.0}, ""timestamp"": 1752416768.0}",443b599dca6666ab5976e2cf184c9398d48cda2b,2025-07-16T10:36:38,,UNSUPPORTED,,,,,,,"{""reason"": ""Solver does not support SDP problems"", ""problem_type"": ""SDP"", ""problem_class"": ""SDP""}"
741,cvxpy_osqp,cvxpy-1.6.5-OSQP-1.0.4,SDPLIB,control5,SDP,"{""cpu"": {""cpu_count"": 8, ""cpu_count_physical"": 8, ""processor"": ""arm"", ""architecture"": ""64bit""}, ""memory"": {""total_gb"": 24.0}, ""os"": {""system"": ""Darwin"", ""machine"": ""arm64"", ""release"": ""23.5.0""}, ""python"": {""implementation"": ""CPython"", ""version"": ""3.12.2"", ""version_info"": ""3.12.2""}, ""git"": {""commit_hash"": ""443b599dca6666ab5976e2cf184c9398d48cda2b""}, ""timezone"": {""timezone_name"": ""UTC"", ""utc_offset_hours"": 0.0}, ""timestamp"": 1752416768.0}",443b599dca6666ab5976e2cf184c9398d48cda2b,2025-07-16T10:36:38,,UNSUPPORTED,,,,,,,"{""reason"": ""Solver does not support SDP problems"", ""problem_type"": ""SDP"", ""problem_class"": ""SDP""}"
742,cvxpy_scip,cvxpy-1.6.5-SCIP-5.5.0,SDPLIB,control5,SDP,"{""cpu"": {""cpu_count"": 8, ""cpu_count_physical"": 8, ""processor"": ""arm"", ""architecture"": ""64bit""}, ""memory"": {""total_gb"": 24.0}, ""os"": {""system"": ""Darwin"", ""machine"": ""arm64"", ""release"": ""23.5.0""}, ""python"": {""implementation"": ""CPython"", ""version"": ""3.12.2"", ""version_info"": ""3.12.2""}, ""git"": {""commit_hash"": ""443b599dca6666ab5976e2cf184c9398d48cda2b""}, ""timezone"": {""timezone_name"": ""UTC"", ""utc_offset_hours"": 0.0}, ""timestamp"": 1752416768.0}",443b599dca6666ab5976e2cf184c9398d48cda2b,2025-07-16T10:36:38,,UNSUPPORTED,,,,,,,"{""reason"": ""Solver does not support SDP problems"", ""problem_type"": ""SDP"", ""problem_class"": ""SDP""}"
737,cvxpy_scs,cvxpy-1.6.5-SCS-3.2.7.post2,SDPLIB,control5,SDP,"{""cpu"": {""cpu_count"": 8, ""cpu_count_physical"": 8, ""processor"": ""arm"", ""architecture"": ""64bit""}, ""memory"": {""total_gb"": 24.0}, ""os"": {""system"": ""Darwin"", ""machine"": ""arm64"", ""release"": ""23.5.0""}, ""python"": {""implementation"": ""CPython"", ""version"": ""3.12.2"", ""version_info"": ""3.12.2""}, ""git"": {""commit_hash"": ""443b599dca6666ab5976e2cf184c9398d48cda2b""}, ""timezone"": {""timezone_name"": ""UTC"", ""utc_offset_hours"": 0.0}, ""timestamp"": 1752416768.0}",443b599dca6666ab5976e2cf184c9398d48cda2b,2025-07-16T10:36:35,53.787150144577026,OPTIMAL (INACCURATE),-0.17807903005516243,-0.23275478696713833,0.054675756911975903,0.09362750982167806,369.6736319443367,100000,"{""solver_solve_time"": 53.739289541, ""problem_class"": ""SDP""}"
743,cvxpy_sdpa,cvxpy-1.6.5-SDPA-0.2.2,SDPLIB,control5,SDP,"{""cpu"": {""cpu_count"": 8, ""cpu_count_physical"": 8, ""processor"": ""arm"", ""architecture"": ""64bit""}, ""memory"": {""total_gb"": 24.0}, ""os"": {""system"": ""Darwin"", ""machine"": ""arm64"", ""release"": ""23.5.0""}, ""python"": {""implementation"": ""CPython"", ""version"": ""3.12.2"", ""version_info"": ""3.12.2""}, ""git"": {""commit_hash"": ""443b599dca6666ab5976e2cf184c9398d48cda2b""}, ""timezone"": {""timezone_name"": ""UTC"", ""utc_offset_hours"": 0.0}, ""timestamp"": 1752416768.0}",443b599dca6666ab5976e2cf184c9398d48cda2b,2025-07-16T10:36:39,0.6724143028259277,OPTIMAL (INACCURATE),-16.883575406676048,-16.883604992850316,2.9586174267848264e-05,2.7521358841549283e-07,0.0,,"{""iteration_info_limitation"": ""SDPA does not provide iteration count through CVXPY"", ""solver_solve_time"": null, ""problem_class"": ""SDP""}"
1633,matlab_sdpt3,SDPT3-4.0-20240410 (MATLAB 24.1.0.2537033 (R2024a)),SDPLIB,control5,SDP,"{""cpu"": {""cpu_count"": 8, ""cpu_count_physical"": 8, ""processor"": ""arm"", ""architecture"": ""64bit""}, ""memory"": {""total_gb"": 24.0}, ""os"": {""system"": ""Darwin"", ""machine"": ""arm64"", ""release"": ""23.5.0""}, ""python"": {""implementation"": ""CPython"", ""version"": ""3.12.2"", ""version_info"": ""3.12.2""}, ""git"": {""commit_hash"": ""96ca043787ef8c38515cfa8d108d16b61b823e04""}, ""timezone"": {""timezone_name"": ""UTC"", ""utc_offset_hours"": 0.0}, ""timestamp"": 1752926592.0}",96ca043787ef8c38515cfa8d108d16b61b823e04,2025-07-19T14:04:21,2.211192083333333,UNKNOWN,-16.883596414614832,-16.88360083689795,4.422283119254189e-06,2.75357458891001e-07,0.0,25,"{""matlab_output"": {""solver_name"": ""SDPT3"", ""status"": ""unknown"", ""solve_time"": 2.211192083333333, ""setup_time"": [], ""iterations"": 25, ""primal_objective_value"": -16.883596414614832, ""dual_objective_value"": -16.88360083689795, ""duality_gap"": 4.422283119254189e-06, ""primal_infeasibility"": 2.75357458891001e-07, ""dual_infeasibility"": 0, ""solver_version"": ""SDPT3-4.0-20240410"", ""solver_options"": {}, ""termination_reason"": """", ""error_message"": """", ""timestamp"": ""2025-07-19 23:04:19"", ""matlab_version"": ""24.1.0.2537033 (R2024a)""}, ""matlab_version"": ""24.1.0.2537033 (R2024a)"", ""solver_backend"": ""sdpt3"", ""execution_environment"": ""matlab"", ""problem_class"": ""SDP""}"
1503,matlab_sedumi,SeDuMi-1.3.7 (MATLAB 24.1.0.2537033 (R2024a)),SDPLIB,control5,SDP,"{""cpu"": {""cpu_count"": 8, ""cpu_count_physical"": 8, ""processor"": ""arm"", ""architecture"": ""64bit""}, ""memory"": {""total_gb"": 24.0}, ""os"": {""system"": ""Darwin"", ""machine"": ""arm64"", ""release"": ""23.5.0""}, ""python"": {""implementation"": ""CPython"", ""version"": ""3.12.2"", ""version_info"": ""3.12.2""}, ""git"": {""commit_hash"": ""96ca043787ef8c38515cfa8d108d16b61b823e04""}, ""timezone"": {""timezone_name"": ""UTC"", ""utc_offset_hours"": 0.0}, ""timestamp"": 1752926592.0}",96ca043787ef8c38515cfa8d108d16b61b823e04,2025-07-19T12:44:16,1.1899270833333333,NUM_ERROR,-16.88360792645761,-16.88360752271663,4.037409802037928e-07,4.1151459934863073e-07,0.0,35,"{""matlab_output"": {""solver_name"": ""SeDuMi"", ""status"": ""num_error"", ""solve_time"": 1.1899270833333333, ""setup_time"": [], ""iterations"": 35, ""primal_objective_value"": -16.88360792645761, ""dual_objective_value"": -16.88360752271663, ""duality_gap"": 4.037409802037928e-07, ""primal_infeasibility"": 4.1151459934863073e-07, ""dual_infeasibility"": 0, ""solver_version"": ""SeDuMi-1.3.7"", ""solver_options"": {}, ""termination_reason"": """", ""error_message"": """", ""timestamp"": ""2025-07-19 21:44:14"", ""matlab_version"": ""24.1.0.2537033 (R2024a)""}, ""matlab_version"": ""24.1.0.2537033 (R2024a)"", ""solver_backend"": ""sedumi"", ""execution_environment"": ""matlab"", ""problem_class"": ""SDP""}"
744,scipy_linprog,scipy-1.15.3,SDPLIB,control5,SDP,"{""cpu"": {""cpu_count"": 8, ""cpu_count_physical"": 8, ""processor"": ""arm"", ""architecture"": ""64bit""}, ""memory"": {""total_gb"": 24.0}, ""os"": {""system"": ""Darwin"", ""machine"": ""arm64"", ""release"": ""23.5.0""}, ""python"": {""implementation"": ""CPython"", ""version"": ""3.12.2"", ""version_info"": ""3.12.2""}, ""git"": {""commit_hash"": ""443b599dca6666ab5976e2cf184c9398d48cda2b""}, ""timezone"": {""timezone_name"": ""UTC"", ""utc_offset_hours"": 0.0}, ""timestamp"": 1752416768.0}",443b599dca6666ab5976e2cf184c9398d48cda2b,2025-07-16T10:36:39,,UNSUPPORTED,,,,,,,"{""reason"": ""Solver does not support SDP problems"", ""problem_type"": ""SDP"", ""problem_class"": ""SDP""}"
756,cvxpy_clarabel,cvxpy-1.6.5-CLARABEL-0.11.0,SDPLIB,control6,SDP,"{""cpu"": {""cpu_count"": 8, ""cpu_count_physical"": 8, ""processor"": ""arm"", ""architecture"": ""64bit""}, ""memory"": {""total_gb"": 24.0}, ""os"": {""system"": ""Darwin"", ""machine"": ""arm64"", ""release"": ""23.5.0""}, ""python"": {""implementation"": ""CPython"", ""version"": ""3.12.2"", ""version_info"": ""3.12.2""}, ""git"": {""commit_hash"": ""443b599dca6666ab5976e2cf184c9398d48cda2b""}, ""timezone"": {""timezone_name"": ""UTC"", ""utc_offset_hours"": 0.0}, ""timestamp"": 1752416768.0}",443b599dca6666ab5976e2cf184c9398d48cda2b,2025-07-16T10:50:59,5.778800010681152,OPTIMAL,-37.3044718247362,-37.30447181818093,-6.5552683281566715e-09,1.4634649666883939e-06,3.059050321188013e-06,42,"{""solver_solve_time"": 5.7201280820000004, ""problem_class"": ""SDP""}"
749,cvxpy_cvxopt,unknown,SDPLIB,control6,SDP,"{""cpu"": {""cpu_count"": 8, ""cpu_count_physical"": 8, ""processor"": ""arm"", ""architecture"": ""64bit""}, ""memory"": {""total_gb"": 24.0}, ""os"": {""system"": ""Darwin"", ""machine"": ""arm64"", ""release"": ""23.5.0""}, ""python"": {""implementation"": ""CPython"", ""version"": ""3.12.2"", ""version_info"": ""3.12.2""}, ""git"": {""commit_hash"": ""443b599dca6666ab5976e2cf184c9398d48cda2b""}, ""timezone"": {""timezone_name"": ""UTC"", ""utc_offset_hours"": 0.0}, ""timestamp"": 1752416768.0}",443b599dca6666ab5976e2cf184c9398d48cda2b,2025-07-16T10:50:18,4.976245164871216,ERROR,,,,,,,"{""error_message"": ""Solver 'CVXOPT' failed. Try another solver, or solve with verbose=True for more information."", ""problem_class"": ""SDP""}"
750,cvxpy_ecos,cvxpy-1.6.5-ECOS-2.0.14,SDPLIB,control6,SDP,"{""cpu"": {""cpu_count"": 8, ""cpu_count_physical"": 8, ""processor"": ""arm"", ""architecture"": ""64bit""}, ""memory"": {""total_gb"": 24.0}, ""os"": {""system"": ""Darwin"", ""machine"": ""arm64"", ""release"": ""23.5.0""}, ""python"": {""implementation"": ""CPython"", ""version"": ""3.12.2"", ""version_info"": ""3.12.2""}, ""git"": {""commit_hash"": ""443b599dca6666ab5976e2cf184c9398d48cda2b""}, ""timezone"": {""timezone_name"": ""UTC"", ""utc_offset_hours"": 0.0}, ""timestamp"": 1752416768.0}",443b599dca6666ab5976e2cf184c9398d48cda2b,2025-07-16T10:50:18,,UNSUPPORTED,,,,,,,"{""reason"": ""Solver does not support SDP problems"", ""problem_type"": ""SDP"", ""problem_class"": ""SDP""}"
751,cvxpy_highs,cvxpy-1.6.5-HIGHS-1.11.0,SDPLIB,control6,SDP,"{""cpu"": {""cpu_count"": 8, ""cpu_count_physical"": 8, ""processor"": ""arm"", ""architecture"": ""64bit""}, ""memory"": {""total_gb"": 24.0}, ""os"": {""system"": ""Darwin"", ""machine"": ""arm64"", ""release"": ""23.5.0""}, ""python"": {""implementation"": ""CPython"", ""version"": ""3.12.2"", ""version_info"": ""3.12.2""}, ""git"": {""commit_hash"": ""443b599dca6666ab5976e2cf184c9398d48cda2b""}, ""timezone"": {""timezone_name"": ""UTC"", ""utc_offset_hours"": 0.0}, ""timestamp"": 1752416768.0}",443b599dca6666ab5976e2cf184c9398d48cda2b,2025-07-16T10:50:18,,UNSUPPORTED,,,,,,,"{""reason"": ""Solver does not support SDP problems"", ""problem_type"": ""SDP"", ""problem_class"": ""SDP""}"
752,cvxpy_osqp,cvxpy-1.6.5-OSQP-1.0.4,SDPLIB,control6,SDP,"{""cpu"": {""cpu_count"": 8, ""cpu_count_physical"": 8, ""processor"": ""arm"", ""architecture"": ""64bit""}, ""memory"": {""total_gb"": 24.0}, ""os"": {""system"": ""Darwin"", ""machine"": ""arm64"", ""release"": ""23.5.0""}, ""python"": {""implementation"": ""CPython"", ""version"": ""3.12.2"", ""version_info"": ""3.12.2""}, ""git"": {""commit_hash"": ""443b599dca6666ab5976e2cf184c9398d48cda2b""}, ""timezone"": {""timezone_name"": ""UTC"", ""utc_offset_hours"": 0.0}, ""timestamp"": 1752416768.0}",443b599dca6666ab5976e2cf184c9398d48cda2b,2025-07-16T10:50:18,,UNSUPPORTED,,,,,,,"{""reason"": ""Solver does not support SDP problems"", ""problem_type"": ""SDP"", ""problem_class"": ""SDP""}"
753,cvxpy_scip,cvxpy-1.6.5-SCIP-5.5.0,SDPLIB,control6,SDP,"{""cpu"": {""cpu_count"": 8, ""cpu_count_physical"": 8, ""processor"": ""arm"", ""architecture"": ""64bit""}, ""memory"": {""total_gb"": 24.0}, ""os"": {""system"": ""Darwin"", ""machine"": ""arm64"", ""release"": ""23.5.0""}, ""python"": {""implementation"": ""CPython"", ""version"": ""3.12.2"", ""version_info"": ""3.12.2""}, ""git"": {""commit_hash"": ""443b599dca6666ab5976e2cf184c9398d48cda2b""}, ""timezone"": {""timezone_name"": ""UTC"", ""utc_offset_hours"": 0.0}, ""timestamp"": 1752416768.0}",443b599dca6666ab5976e2cf184c9398d48cda2b,2025-07-16T10:50:18,,UNSUPPORTED,,,,,,,"{""reason"": ""Solver does not support SDP problems"", ""problem_type"": ""SDP"", ""problem_class"": ""SDP""}"
748,cvxpy_scs,cvxpy-1.6.5-SCS-3.2.7.post2,SDPLIB,control6,SDP,"{""cpu"": {""cpu_count"": 8, ""cpu_count_physical"": 8, ""processor"": ""arm"", ""architecture"": ""64bit""}, ""memory"": {""total_gb"": 24.0}, ""os"": {""system"": ""Darwin"", ""machine"": ""arm64"", ""release"": ""23.5.0""}, ""python"": {""implementation"": ""CPython"", ""version"": ""3.12.2"", ""version_info"": ""3.12.2""}, ""git"": {""commit_hash"": ""443b599dca6666ab5976e2cf184c9398d48cda2b""}, ""timezone"": {""timezone_name"": ""UTC"", ""utc_offset_hours"": 0.0}, ""timestamp"": 1752416768.0}",443b599dca6666ab5976e2cf184c9398d48cda2b,2025-07-16T10:50:12,92.80738425254822,OPTIMAL (INACCURATE),-0.5214729254574336,-1.0154678495708611,0.4939949241134275,0.08196294538901851,3266.178827189497,100000,"{""solver_solve_time"": 92.711285291, ""problem_class"": ""SDP""}"
757,cvxpy_sdpa,cvxpy-1.6.5-SDPA-0.2.2,SDPLIB,control6,SDP,"{""cpu"": {""cpu_count"": 8, ""cpu_count_physical"": 8, ""processor"": ""arm"", ""architecture"": ""64bit""}, ""memory"": {""total_gb"": 24.0}, ""os"": {""system"": ""Darwin"", ""machine"": ""arm64"", ""release"": ""23.5.0""}, ""python"": {""implementation"": ""CPython"", ""version"": ""3.12.2"", ""version_info"": ""3.12.2""}, ""git"": {""commit_hash"": ""443b599dca6666ab5976e2cf184c9398d48cda2b""}, ""timezone"": {""timezone_name"": ""UTC"", ""utc_offset_hours"": 0.0}, ""timestamp"": 1752416768.0}",443b599dca6666ab5976e2cf184c9398d48cda2b,2025-07-16T10:51:01,1.3343961238861084,OPTIMAL (INACCURATE),-37.30434823321163,-37.30443772697064,8.94937590132372e-05,2.9293219588294305e-07,0.0,,"{""iteration_info_limitation"": ""SDPA does not provide iteration count through CVXPY"", ""solver_solve_time"": null, ""problem_class"": ""SDP""}"
1634,matlab_sdpt3,SDPT3-4.0-20240410 (MATLAB 24.1.0.2537033 (R2024a)),SDPLIB,control6,SDP,"{""cpu"": {""cpu_count"": 8, ""cpu_count_physical"": 8, ""processor"": ""arm"", ""architecture"": ""64bit""}, ""memory"": {""total_gb"": 24.0}, ""os"": {""system"": ""Darwin"", ""machine"": ""arm64"", ""release"": ""23.5.0""}, ""python"": {""implementation"": ""CPython"", ""version"": ""3.12.2"", ""version_info"": ""3.12.2""}, ""git"": {""commit_hash"": ""96ca043787ef8c38515cfa8d108d16b61b823e04""}, ""timezone"": {""timezone_name"": ""UTC"", ""utc_offset_hours"": 0.0}, ""timestamp"": 1752926592.0}",96ca043787ef8c38515cfa8d108d16b61b823e04,2025-07-19T14:04:28,1.4893847916666667,UNKNOWN,-37.3043782593074,-37.30442450422718,4.624491977978096e-05,6.229389742583387e-07,0.0,22,"{""matlab_output"": {""solver_name"": ""SDPT3"", ""status"": ""unknown"", ""solve_time"": 1.4893847916666667, ""setup_time"": [], ""iterations"": 22, ""primal_objective_value"": -37.3043782593074, ""dual_objective_value"": -37.30442450422718, ""duality_gap"": 4.624491977978096e-05, ""primal_infeasibility"": 6.229389742583387e-07, ""dual_infeasibility"": 0, ""solver_version"": ""SDPT3-4.0-20240410"", ""solver_options"": {}, ""termination_reason"": """", ""error_message"": """", ""timestamp"": ""2025-07-19 23:04:26"", ""matlab_version"": ""24.1.0.2537033 (R2024a)""}, ""matlab_version"": ""24.1.0.2537033 (R2024a)"", ""solver_backend"": ""sdpt3"", ""execution_environment"": ""matlab"", ""problem_class"": ""SDP""}"
1504,matlab_sedumi,SeDuMi-1.3.7 (MATLAB 24.1.0.2537033 (R2024a)),SDPLIB,control6,SDP,"{""cpu"": {""cpu_count"": 8, ""cpu_count_physical"": 8, ""processor"": ""arm"", ""architecture"": ""64bit""}, ""memory"": {""total_gb"": 24.0}, ""os"": {""system"": ""Darwin"", ""machine"": ""arm64"", ""release"": ""23.5.0""}, ""python"": {""implementation"": ""CPython"", ""version"": ""3.12.2"", ""version_info"": ""3.12.2""}, ""git"": {""commit_hash"": ""96ca043787ef8c38515cfa8d108d16b61b823e04""}, ""timezone"": {""timezone_name"": ""UTC"", ""utc_offset_hours"": 0.0}, ""timestamp"": 1752926592.0}",96ca043787ef8c38515cfa8d108d16b61b823e04,2025-07-19T12:44:24,2.2992367083333334,NUM_ERROR,-37.304475715902306,-37.30447323765376,2.478248546822215e-06,1.310139383095129e-06,0.0,40,"{""matlab_output"": {""solver_name"": ""SeDuMi"", ""status"": ""num_error"", ""solve_time"": 2.2992367083333334, ""setup_time"": [], ""iterations"": 40, ""primal_objective_value"": -37.304475715902306, ""dual_objective_value"": -37.30447323765376, ""duality_gap"": 2.478248546822215e-06, ""primal_infeasibility"": 1.310139383095129e-06, ""dual_infeasibility"": 0, ""solver_version"": ""SeDuMi-1.3.7"", ""solver_options"": {}, ""termination_reason"": """", ""error_message"": """", ""timestamp"": ""2025-07-19 21:44:21"", ""matlab_version"": ""24.1.0.2537033 (R2024a)""}, ""matlab_version"": ""24.1.0.2537033 (R2024a)"", ""solver_backend"": ""sedumi"", ""execution_environment"": ""matlab"", ""problem_class"": ""SDP""}"
1766,scipy_linprog,scipy-1.15.3,SDPLIB,control6,SDP,"{""cpu"": {""cpu_count"": 8, ""cpu_count_physical"": 8, ""processor"": ""arm"", ""architecture"": ""64bit""}, ""memory"": {""total_gb"": 24.0}, ""os"": {""system"": ""Darwin"", ""machine"": ""arm64"", ""release"": ""23.5.0""}, ""python"": {""implementation"": ""CPython"", ""version"": ""3.12.2"", ""version_info"": ""3.12.2""}, ""git"": {""commit_hash"": ""0d9be48d5161918e56908f73cddd63d9b51ecd84""}, ""timezone"": {""timezone_name"": ""UTC"", ""utc_offset_hours"": 0.0}, ""timestamp"": 1752926592.0}",0d9be48d5161918e56908f73cddd63d9b51ecd84,2025-07-22T14:40:55,,UNSUPPORTED,,,,,,,"{""reason"": ""Solver does not support SDP problems"", ""problem_type"": ""SDP"", ""problem_class"": ""SDP""}"
778,cvxpy_clarabel,cvxpy-1.6.5-CLARABEL-0.11.0,SDPLIB,control7,SDP,"{""cpu"": {""cpu_count"": 8, ""cpu_count_physical"": 8, ""processor"": ""arm"", ""architecture"": ""64bit""}, ""memory"": {""total_gb"": 24.0}, ""os"": {""system"": ""Darwin"", ""machine"": ""arm64"", ""release"": ""23.5.0""}, ""python"": {""implementation"": ""CPython"", ""version"": ""3.12.2"", ""version_info"": ""3.12.2""}, ""git"": {""commit_hash"": ""443b599dca6666ab5976e2cf184c9398d48cda2b""}, ""timezone"": {""timezone_name"": ""UTC"", ""utc_offset_hours"": 0.0}, ""timestamp"": 1752416768.0}",443b599dca6666ab5976e2cf184c9398d48cda2b,2025-07-16T11:01:51,10.645551919937134,OPTIMAL,-20.625077113896168,-20.625077105250966,-8.64520188770257e-09,6.579981870625703e-07,2.3499840470621547e-07,39,"{""solver_solve_time"": 10.542696963000001, ""problem_class"": ""SDP""}"
780,cvxpy_cvxopt,unknown,SDPLIB,control7,SDP,"{""cpu"": {""cpu_count"": 8, ""cpu_count_physical"": 8, ""processor"": ""arm"", ""architecture"": ""64bit""}, ""memory"": {""total_gb"": 24.0}, ""os"": {""system"": ""Darwin"", ""machine"": ""arm64"", ""release"": ""23.5.0""}, ""python"": {""implementation"": ""CPython"", ""version"": ""3.12.2"", ""version_info"": ""3.12.2""}, ""git"": {""commit_hash"": ""443b599dca6666ab5976e2cf184c9398d48cda2b""}, ""timezone"": {""timezone_name"": ""UTC"", ""utc_offset_hours"": 0.0}, ""timestamp"": 1752416768.0}",443b599dca6666ab5976e2cf184c9398d48cda2b,2025-07-16T11:02:09,8.10211992263794,ERROR,,,,,,,"{""error_message"": ""Solver 'CVXOPT' failed. Try another solver, or solve with verbose=True for more information."", ""problem_class"": ""SDP""}"
781,cvxpy_ecos,cvxpy-1.6.5-ECOS-2.0.14,SDPLIB,control7,SDP,"{""cpu"": {""cpu_count"": 8, ""cpu_count_physical"": 8, ""processor"": ""arm"", ""architecture"": ""64bit""}, ""memory"": {""total_gb"": 24.0}, ""os"": {""system"": ""Darwin"", ""machine"": ""arm64"", ""release"": ""23.5.0""}, ""python"": {""implementation"": ""CPython"", ""version"": ""3.12.2"", ""version_info"": ""3.12.2""}, ""git"": {""commit_hash"": ""443b599dca6666ab5976e2cf184c9398d48cda2b""}, ""timezone"": {""timezone_name"": ""UTC"", ""utc_offset_hours"": 0.0}, ""timestamp"": 1752416768.0}",443b599dca6666ab5976e2cf184c9398d48cda2b,2025-07-16T11:04:11,,UNSUPPORTED,,,,,,,"{""reason"": ""Solver does not support SDP problems"", ""problem_type"": ""SDP"", ""problem_class"": ""SDP""}"
782,cvxpy_highs,cvxpy-1.6.5-HIGHS-1.11.0,SDPLIB,control7,SDP,"{""cpu"": {""cpu_count"": 8, ""cpu_count_physical"": 8, ""processor"": ""arm"", ""architecture"": ""64bit""}, ""memory"": {""total_gb"": 24.0}, ""os"": {""system"": ""Darwin"", ""machine"": ""arm64"", ""release"": ""23.5.0""}, ""python"": {""implementation"": ""CPython"", ""version"": ""3.12.2"", ""version_info"": ""3.12.2""}, ""git"": {""commit_hash"": ""443b599dca6666ab5976e2cf184c9398d48cda2b""}, ""timezone"": {""timezone_name"": ""UTC"", ""utc_offset_hours"": 0.0}, ""timestamp"": 1752416768.0}",443b599dca6666ab5976e2cf184c9398d48cda2b,2025-07-16T11:04:12,,UNSUPPORTED,,,,,,,"{""reason"": ""Solver does not support SDP problems"", ""problem_type"": ""SDP"", ""problem_class"": ""SDP""}"
783,cvxpy_osqp,cvxpy-1.6.5-OSQP-1.0.4,SDPLIB,control7,SDP,"{""cpu"": {""cpu_count"": 8, ""cpu_count_physical"": 8, ""processor"": ""arm"", ""architecture"": ""64bit""}, ""memory"": {""total_gb"": 24.0}, ""os"": {""system"": ""Darwin"", ""machine"": ""arm64"", ""release"": ""23.5.0""}, ""python"": {""implementation"": ""CPython"", ""version"": ""3.12.2"", ""version_info"": ""3.12.2""}, ""git"": {""commit_hash"": ""443b599dca6666ab5976e2cf184c9398d48cda2b""}, ""timezone"": {""timezone_name"": ""UTC"", ""utc_offset_hours"": 0.0}, ""timestamp"": 1752416768.0}",443b599dca6666ab5976e2cf184c9398d48cda2b,2025-07-16T11:04:12,,UNSUPPORTED,,,,,,,"{""reason"": ""Solver does not support SDP problems"", ""problem_type"": ""SDP"", ""problem_class"": ""SDP""}"
784,cvxpy_scip,cvxpy-1.6.5-SCIP-5.5.0,SDPLIB,control7,SDP,"{""cpu"": {""cpu_count"": 8, ""cpu_count_physical"": 8, ""processor"": ""arm"", ""architecture"": ""64bit""}, ""memory"": {""total_gb"": 24.0}, ""os"": {""system"": ""Darwin"", ""machine"": ""arm64"", ""release"": ""23.5.0""}, ""python"": {""implementation"": ""CPython"", ""version"": ""3.12.2"", ""version_info"": ""3.12.2""}, ""git"": {""commit_hash"": ""443b599dca6666ab5976e2cf184c9398d48cda2b""}, ""timezone"": {""timezone_name"": ""UTC"", ""utc_offset_hours"": 0.0}, ""timestamp"": 1752416768.0}",443b599dca6666ab5976e2cf184c9398d48cda2b,2025-07-16T11:04:12,,UNSUPPORTED,,,,,,,"{""reason"": ""Solver does not support SDP problems"", ""problem_type"": ""SDP"", ""problem_class"": ""SDP""}"
779,cvxpy_sdpa,cvxpy-1.6.5-SDPA-0.2.2,SDPLIB,control7,SDP,"{""cpu"": {""cpu_count"": 8, ""cpu_count_physical"": 8, ""processor"": ""arm"", ""architecture"": ""64bit""}, ""memory"": {""total_gb"": 24.0}, ""os"": {""system"": ""Darwin"", ""machine"": ""arm64"", ""release"": ""23.5.0""}, ""python"": {""implementation"": ""CPython"", ""version"": ""3.12.2"", ""version_info"": ""3.12.2""}, ""git"": {""commit_hash"": ""443b599dca6666ab5976e2cf184c9398d48cda2b""}, ""timezone"": {""timezone_name"": ""UTC"", ""utc_offset_hours"": 0.0}, ""timestamp"": 1752416768.0}",443b599dca6666ab5976e2cf184c9398d48cda2b,2025-07-16T11:01:53,2.557873249053955,OPTIMAL (INACCURATE),-20.625054215291936,-20.625079174008114,2.4958716178247187e-05,7.626469959925607e-07,0.0,,"{""iteration_info_limitation"": ""SDPA does not provide iteration count through CVXPY"", ""solver_solve_time"": null, ""problem_class"": ""SDP""}"
1635,matlab_sdpt3,SDPT3-4.0-20240410 (MATLAB 24.1.0.2537033 (R2024a)),SDPLIB,control7,SDP,"{""cpu"": {""cpu_count"": 8, ""cpu_count_physical"": 8, ""processor"": ""arm"", ""architecture"": ""64bit""}, ""memory"": {""total_gb"": 24.0}, ""os"": {""system"": ""Darwin"", ""machine"": ""arm64"", ""release"": ""23.5.0""}, ""python"": {""implementation"": ""CPython"", ""version"": ""3.12.2"", ""version_info"": ""3.12.2""}, ""git"": {""commit_hash"": ""96ca043787ef8c38515cfa8d108d16b61b823e04""}, ""timezone"": {""timezone_name"": ""UTC"", ""utc_offset_hours"": 0.0}, ""timestamp"": 1752926592.0}",96ca043787ef8c38515cfa8d108d16b61b823e04,2025-07-19T14:04:37,2.1745322916666665,UNKNOWN,-20.62505846427079,-20.62507774002214,1.9275751348857284e-05,5.828261469963749e-08,0.0,22,"{""matlab_output"": {""solver_name"": ""SDPT3"", ""status"": ""unknown"", ""solve_time"": 2.1745322916666665, ""setup_time"": [], ""iterations"": 22, ""primal_objective_value"": -20.62505846427079, ""dual_objective_value"": -20.62507774002214, ""duality_gap"": 1.9275751348857284e-05, ""primal_infeasibility"": 5.828261469963749e-08, ""dual_infeasibility"": 0, ""solver_version"": ""SDPT3-4.0-20240410"", ""solver_options"": {}, ""termination_reason"": """", ""error_message"": """", ""timestamp"": ""2025-07-19 23:04:33"", ""matlab_version"": ""24.1.0.2537033 (R2024a)""}, ""matlab_version"": ""24.1.0.2537033 (R2024a)"", ""solver_backend"": ""sdpt3"", ""execution_environment"": ""matlab"", ""problem_class"": ""SDP""}"
1505,matlab_sedumi,SeDuMi-1.3.7 (MATLAB 24.1.0.2537033 (R2024a)),SDPLIB,control7,SDP,"{""cpu"": {""cpu_count"": 8, ""cpu_count_physical"": 8, ""processor"": ""arm"", ""architecture"": ""64bit""}, ""memory"": {""total_gb"": 24.0}, ""os"": {""system"": ""Darwin"", ""machine"": ""arm64"", ""release"": ""23.5.0""}, ""python"": {""implementation"": ""CPython"", ""version"": ""3.12.2"", ""version_info"": ""3.12.2""}, ""git"": {""commit_hash"": ""96ca043787ef8c38515cfa8d108d16b61b823e04""}, ""timezone"": {""timezone_name"": ""UTC"", ""utc_offset_hours"": 0.0}, ""timestamp"": 1752926592.0}",96ca043787ef8c38515cfa8d108d16b61b823e04,2025-07-19T12:44:34,3.7043799583333334,NUM_ERROR,-20.625087691567924,-20.625088042230974,3.506630505967223e-07,4.0114303820059954e-07,0.0,40,"{""matlab_output"": {""solver_name"": ""SeDuMi"", ""status"": ""num_error"", ""solve_time"": 3.7043799583333334, ""setup_time"": [], ""iterations"": 40, ""primal_objective_value"": -20.625087691567924, ""dual_objective_value"": -20.625088042230974, ""duality_gap"": 3.506630505967223e-07, ""primal_infeasibility"": 4.0114303820059954e-07, ""dual_infeasibility"": 0, ""solver_version"": ""SeDuMi-1.3.7"", ""solver_options"": {}, ""termination_reason"": """", ""error_message"": """", ""timestamp"": ""2025-07-19 21:44:31"", ""matlab_version"": ""24.1.0.2537033 (R2024a)""}, ""matlab_version"": ""24.1.0.2537033 (R2024a)"", ""solver_backend"": ""sedumi"", ""execution_environment"": ""matlab"", ""problem_class"": ""SDP""}"
785,scipy_linprog,scipy-1.15.3,SDPLIB,control7,SDP,"{""cpu"": {""cpu_count"": 8, ""cpu_count_physical"": 8, ""processor"": ""arm"", ""architecture"": ""64bit""}, ""memory"": {""total_gb"": 24.0}, ""os"": {""system"": ""Darwin"", ""machine"": ""arm64"", ""release"": ""23.5.0""}, ""python"": {""implementation"": ""CPython"", ""version"": ""3.12.2"", ""version_info"": ""3.12.2""}, ""git"": {""commit_hash"": ""443b599dca6666ab5976e2cf184c9398d48cda2b""}, ""timezone"": {""timezone_name"": ""UTC"", ""utc_offset_hours"": 0.0}, ""timestamp"": 1752416768.0}",443b599dca6666ab5976e2cf184c9398d48cda2b,2025-07-16T11:04:12,,UNSUPPORTED,,,,,,,"{""reason"": ""Solver does not support SDP problems"", ""problem_type"": ""SDP"", ""problem_class"": ""SDP""}"
788,cvxpy_clarabel,cvxpy-1.6.5-CLARABEL-0.11.0,SDPLIB,control8,SDP,"{""cpu"": {""cpu_count"": 8, ""cpu_count_physical"": 8, ""processor"": ""arm"", ""architecture"": ""64bit""}, ""memory"": {""total_gb"": 24.0}, ""os"": {""system"": ""Darwin"", ""machine"": ""arm64"", ""release"": ""23.5.0""}, ""python"": {""implementation"": ""CPython"", ""version"": ""3.12.2"", ""version_info"": ""3.12.2""}, ""git"": {""commit_hash"": ""443b599dca6666ab5976e2cf184c9398d48cda2b""}, ""timezone"": {""timezone_name"": ""UTC"", ""utc_offset_hours"": 0.0}, ""timestamp"": 1752416768.0}",443b599dca6666ab5976e2cf184c9398d48cda2b,2025-07-16T11:05:50,19.99690079689026,OPTIMAL,-20.2863714283772,-20.286371308207375,-1.201698260899775e-07,5.539607872665644e-07,1.4511474711248118e-07,40,"{""solver_solve_time"": 19.832786835, ""problem_class"": ""SDP""}"
795,cvxpy_cvxopt,unknown,SDPLIB,control8,SDP,"{""cpu"": {""cpu_count"": 8, ""cpu_count_physical"": 8, ""processor"": ""arm"", ""architecture"": ""64bit""}, ""memory"": {""total_gb"": 24.0}, ""os"": {""system"": ""Darwin"", ""machine"": ""arm64"", ""release"": ""23.5.0""}, ""python"": {""implementation"": ""CPython"", ""version"": ""3.12.2"", ""version_info"": ""3.12.2""}, ""git"": {""commit_hash"": ""443b599dca6666ab5976e2cf184c9398d48cda2b""}, ""timezone"": {""timezone_name"": ""UTC"", ""utc_offset_hours"": 0.0}, ""timestamp"": 1752416768.0}",443b599dca6666ab5976e2cf184c9398d48cda2b,2025-07-16T11:06:26,12.640835762023926,ERROR,,,,,,,"{""error_message"": ""Solver 'CVXOPT' failed. Try another solver, or solve with verbose=True for more information."", ""problem_class"": ""SDP""}"
790,cvxpy_ecos,cvxpy-1.6.5-ECOS-2.0.14,SDPLIB,control8,SDP,"{""cpu"": {""cpu_count"": 8, ""cpu_count_physical"": 8, ""processor"": ""arm"", ""architecture"": ""64bit""}, ""memory"": {""total_gb"": 24.0}, ""os"": {""system"": ""Darwin"", ""machine"": ""arm64"", ""release"": ""23.5.0""}, ""python"": {""implementation"": ""CPython"", ""version"": ""3.12.2"", ""version_info"": ""3.12.2""}, ""git"": {""commit_hash"": ""443b599dca6666ab5976e2cf184c9398d48cda2b""}, ""timezone"": {""timezone_name"": ""UTC"", ""utc_offset_hours"": 0.0}, ""timestamp"": 1752416768.0}",443b599dca6666ab5976e2cf184c9398d48cda2b,2025-07-16T11:06:02,,UNSUPPORTED,,,,,,,"{""reason"": ""Solver does not support SDP problems"", ""problem_type"": ""SDP"", ""problem_class"": ""SDP""}"
791,cvxpy_highs,cvxpy-1.6.5-HIGHS-1.11.0,SDPLIB,control8,SDP,"{""cpu"": {""cpu_count"": 8, ""cpu_count_physical"": 8, ""processor"": ""arm"", ""architecture"": ""64bit""}, ""memory"": {""total_gb"": 24.0}, ""os"": {""system"": ""Darwin"", ""machine"": ""arm64"", ""release"": ""23.5.0""}, ""python"": {""implementation"": ""CPython"", ""version"": ""3.12.2"", ""version_info"": ""3.12.2""}, ""git"": {""commit_hash"": ""443b599dca6666ab5976e2cf184c9398d48cda2b""}, ""timezone"": {""timezone_name"": ""UTC"", ""utc_offset_hours"": 0.0}, ""timestamp"": 1752416768.0}",443b599dca6666ab5976e2cf184c9398d48cda2b,2025-07-16T11:06:03,,UNSUPPORTED,,,,,,,"{""reason"": ""Solver does not support SDP problems"", ""problem_type"": ""SDP"", ""problem_class"": ""SDP""}"
792,cvxpy_osqp,cvxpy-1.6.5-OSQP-1.0.4,SDPLIB,control8,SDP,"{""cpu"": {""cpu_count"": 8, ""cpu_count_physical"": 8, ""processor"": ""arm"", ""architecture"": ""64bit""}, ""memory"": {""total_gb"": 24.0}, ""os"": {""system"": ""Darwin"", ""machine"": ""arm64"", ""release"": ""23.5.0""}, ""python"": {""implementation"": ""CPython"", ""version"": ""3.12.2"", ""version_info"": ""3.12.2""}, ""git"": {""commit_hash"": ""443b599dca6666ab5976e2cf184c9398d48cda2b""}, ""timezone"": {""timezone_name"": ""UTC"", ""utc_offset_hours"": 0.0}, ""timestamp"": 1752416768.0}",443b599dca6666ab5976e2cf184c9398d48cda2b,2025-07-16T11:06:03,,UNSUPPORTED,,,,,,,"{""reason"": ""Solver does not support SDP problems"", ""problem_type"": ""SDP"", ""problem_class"": ""SDP""}"
793,cvxpy_scip,cvxpy-1.6.5-SCIP-5.5.0,SDPLIB,control8,SDP,"{""cpu"": {""cpu_count"": 8, ""cpu_count_physical"": 8, ""processor"": ""arm"", ""architecture"": ""64bit""}, ""memory"": {""total_gb"": 24.0}, ""os"": {""system"": ""Darwin"", ""machine"": ""arm64"", ""release"": ""23.5.0""}, ""python"": {""implementation"": ""CPython"", ""version"": ""3.12.2"", ""version_info"": ""3.12.2""}, ""git"": {""commit_hash"": ""443b599dca6666ab5976e2cf184c9398d48cda2b""}, ""timezone"": {""timezone_name"": ""UTC"", ""utc_offset_hours"": 0.0}, ""timestamp"": 1752416768.0}",443b599dca6666ab5976e2cf184c9398d48cda2b,2025-07-16T11:06:03,,UNSUPPORTED,,,,,,,"{""reason"": ""Solver does not support SDP problems"", ""problem_type"": ""SDP"", ""problem_class"": ""SDP""}"
789,cvxpy_sdpa,cvxpy-1.6.5-SDPA-0.2.2,SDPLIB,control8,SDP,"{""cpu"": {""cpu_count"": 8, ""cpu_count_physical"": 8, ""processor"": ""arm"", ""architecture"": ""64bit""}, ""memory"": {""total_gb"": 24.0}, ""os"": {""system"": ""Darwin"", ""machine"": ""arm64"", ""release"": ""23.5.0""}, ""python"": {""implementation"": ""CPython"", ""version"": ""3.12.2"", ""version_info"": ""3.12.2""}, ""git"": {""commit_hash"": ""443b599dca6666ab5976e2cf184c9398d48cda2b""}, ""timezone"": {""timezone_name"": ""UTC"", ""utc_offset_hours"": 0.0}, ""timestamp"": 1752416768.0}",443b599dca6666ab5976e2cf184c9398d48cda2b,2025-07-16T11:05:55,4.0786097049713135,OPTIMAL (INACCURATE),-20.286315458750884,-20.286372440169522,5.698141863774708e-05,2.99146677629299e-07,0.0,,"{""iteration_info_limitation"": ""SDPA does not provide iteration count through CVXPY"", ""solver_solve_time"": null, ""problem_class"": ""SDP""}"
1636,matlab_sdpt3,SDPT3-4.0-20240410 (MATLAB 24.1.0.2537033 (R2024a)),SDPLIB,control8,SDP,"{""cpu"": {""cpu_count"": 8, ""cpu_count_physical"": 8, ""processor"": ""arm"", ""architecture"": ""64bit""}, ""memory"": {""total_gb"": 24.0}, ""os"": {""system"": ""Darwin"", ""machine"": ""arm64"", ""release"": ""23.5.0""}, ""python"": {""implementation"": ""CPython"", ""version"": ""3.12.2"", ""version_info"": ""3.12.2""}, ""git"": {""commit_hash"": ""96ca043787ef8c38515cfa8d108d16b61b823e04""}, ""timezone"": {""timezone_name"": ""UTC"", ""utc_offset_hours"": 0.0}, ""timestamp"": 1752926592.0}",96ca043787ef8c38515cfa8d108d16b61b823e04,2025-07-19T14:04:47,3.2315104166666666,UNKNOWN,-20.286339185828837,-20.286370196182016,3.101035317953915e-05,6.98131306134552e-07,0.0,22,"{""matlab_output"": {""solver_name"": ""SDPT3"", ""status"": ""unknown"", ""solve_time"": 3.2315104166666666, ""setup_time"": [], ""iterations"": 22, ""primal_objective_value"": -20.286339185828837, ""dual_objective_value"": -20.286370196182016, ""duality_gap"": 3.101035317953915e-05, ""primal_infeasibility"": 6.98131306134552e-07, ""dual_infeasibility"": 0, ""solver_version"": ""SDPT3-4.0-20240410"", ""solver_options"": {}, ""termination_reason"": """", ""error_message"": """", ""timestamp"": ""2025-07-19 23:04:44"", ""matlab_version"": ""24.1.0.2537033 (R2024a)""}, ""matlab_version"": ""24.1.0.2537033 (R2024a)"", ""solver_backend"": ""sdpt3"", ""execution_environment"": ""matlab"", ""problem_class"": ""SDP""}"
1506,matlab_sedumi,SeDuMi-1.3.7 (MATLAB 24.1.0.2537033 (R2024a)),SDPLIB,control8,SDP,"{""cpu"": {""cpu_count"": 8, ""cpu_count_physical"": 8, ""processor"": ""arm"", ""architecture"": ""64bit""}, ""memory"": {""total_gb"": 24.0}, ""os"": {""system"": ""Darwin"", ""machine"": ""arm64"", ""release"": ""23.5.0""}, ""python"": {""implementation"": ""CPython"", ""version"": ""3.12.2"", ""version_info"": ""3.12.2""}, ""git"": {""commit_hash"": ""96ca043787ef8c38515cfa8d108d16b61b823e04""}, ""timezone"": {""timezone_name"": ""UTC"", ""utc_offset_hours"": 0.0}, ""timestamp"": 1752926592.0}",96ca043787ef8c38515cfa8d108d16b61b823e04,2025-07-19T12:44:48,6.0665873333333336,NUM_ERROR,-20.286375865662162,-20.286374249545677,1.6161164850814203e-06,4.233911977499572e-07,0.0,40,"{""matlab_output"": {""solver_name"": ""SeDuMi"", ""status"": ""num_error"", ""solve_time"": 6.0665873333333336, ""setup_time"": [], ""iterations"": 40, ""primal_objective_value"": -20.286375865662162, ""dual_objective_value"": -20.286374249545677, ""duality_gap"": 1.6161164850814203e-06, ""primal_infeasibility"": 4.233911977499572e-07, ""dual_infeasibility"": 0, ""solver_version"": ""SeDuMi-1.3.7"", ""solver_options"": {}, ""termination_reason"": """", ""error_message"": """", ""timestamp"": ""2025-07-19 21:44:45"", ""matlab_version"": ""24.1.0.2537033 (R2024a)""}, ""matlab_version"": ""24.1.0.2537033 (R2024a)"", ""solver_backend"": ""sedumi"", ""execution_environment"": ""matlab"", ""problem_class"": ""SDP""}"
794,scipy_linprog,scipy-1.15.3,SDPLIB,control8,SDP,"{""cpu"": {""cpu_count"": 8, ""cpu_count_physical"": 8, ""processor"": ""arm"", ""architecture"": ""64bit""}, ""memory"": {""total_gb"": 24.0}, ""os"": {""system"": ""Darwin"", ""machine"": ""arm64"", ""release"": ""23.5.0""}, ""python"": {""implementation"": ""CPython"", ""version"": ""3.12.2"", ""version_info"": ""3.12.2""}, ""git"": {""commit_hash"": ""443b599dca6666ab5976e2cf184c9398d48cda2b""}, ""timezone"": {""timezone_name"": ""UTC"", ""utc_offset_hours"": 0.0}, ""timestamp"": 1752416768.0}",443b599dca6666ab5976e2cf184c9398d48cda2b,2025-07-16T11:06:04,,UNSUPPORTED,,,,,,,"{""reason"": ""Solver does not support SDP problems"", ""problem_type"": ""SDP"", ""problem_class"": ""SDP""}"
798,cvxpy_clarabel,cvxpy-1.6.5-CLARABEL-0.11.0,SDPLIB,control9,SDP,"{""cpu"": {""cpu_count"": 8, ""cpu_count_physical"": 8, ""processor"": ""arm"", ""architecture"": ""64bit""}, ""memory"": {""total_gb"": 24.0}, ""os"": {""system"": ""Darwin"", ""machine"": ""arm64"", ""release"": ""23.5.0""}, ""python"": {""implementation"": ""CPython"", ""version"": ""3.12.2"", ""version_info"": ""3.12.2""}, ""git"": {""commit_hash"": ""443b599dca6666ab5976e2cf184c9398d48cda2b""}, ""timezone"": {""timezone_name"": ""UTC"", ""utc_offset_hours"": 0.0}, ""timestamp"": 1752416768.0}",443b599dca6666ab5976e2cf184c9398d48cda2b,2025-07-16T11:10:34,29.05992603302002,OPTIMAL,-14.675430563285023,-14.675430500128785,-6.315623757302546e-08,1.0734959395341116e-06,0.0,35,"{""solver_solve_time"": 28.788269375, ""problem_class"": ""SDP""}"
805,cvxpy_cvxopt,unknown,SDPLIB,control9,SDP,"{""cpu"": {""cpu_count"": 8, ""cpu_count_physical"": 8, ""processor"": ""arm"", ""architecture"": ""64bit""}, ""memory"": {""total_gb"": 24.0}, ""os"": {""system"": ""Darwin"", ""machine"": ""arm64"", ""release"": ""23.5.0""}, ""python"": {""implementation"": ""CPython"", ""version"": ""3.12.2"", ""version_info"": ""3.12.2""}, ""git"": {""commit_hash"": ""443b599dca6666ab5976e2cf184c9398d48cda2b""}, ""timezone"": {""timezone_name"": ""UTC"", ""utc_offset_hours"": 0.0}, ""timestamp"": 1752416768.0}",443b599dca6666ab5976e2cf184c9398d48cda2b,2025-07-16T11:11:20,17.646233081817627,ERROR,,,,,,,"{""error_message"": ""Solver 'CVXOPT' failed. Try another solver, or solve with verbose=True for more information."", ""problem_class"": ""SDP""}"
800,cvxpy_ecos,cvxpy-1.6.5-ECOS-2.0.14,SDPLIB,control9,SDP,"{""cpu"": {""cpu_count"": 8, ""cpu_count_physical"": 8, ""processor"": ""arm"", ""architecture"": ""64bit""}, ""memory"": {""total_gb"": 24.0}, ""os"": {""system"": ""Darwin"", ""machine"": ""arm64"", ""release"": ""23.5.0""}, ""python"": {""implementation"": ""CPython"", ""version"": ""3.12.2"", ""version_info"": ""3.12.2""}, ""git"": {""commit_hash"": ""443b599dca6666ab5976e2cf184c9398d48cda2b""}, ""timezone"": {""timezone_name"": ""UTC"", ""utc_offset_hours"": 0.0}, ""timestamp"": 1752416768.0}",443b599dca6666ab5976e2cf184c9398d48cda2b,2025-07-16T11:10:50,,UNSUPPORTED,,,,,,,"{""reason"": ""Solver does not support SDP problems"", ""problem_type"": ""SDP"", ""problem_class"": ""SDP""}"
801,cvxpy_highs,cvxpy-1.6.5-HIGHS-1.11.0,SDPLIB,control9,SDP,"{""cpu"": {""cpu_count"": 8, ""cpu_count_physical"": 8, ""processor"": ""arm"", ""architecture"": ""64bit""}, ""memory"": {""total_gb"": 24.0}, ""os"": {""system"": ""Darwin"", ""machine"": ""arm64"", ""release"": ""23.5.0""}, ""python"": {""implementation"": ""CPython"", ""version"": ""3.12.2"", ""version_info"": ""3.12.2""}, ""git"": {""commit_hash"": ""443b599dca6666ab5976e2cf184c9398d48cda2b""}, ""timezone"": {""timezone_name"": ""UTC"", ""utc_offset_hours"": 0.0}, ""timestamp"": 1752416768.0}",443b599dca6666ab5976e2cf184c9398d48cda2b,2025-07-16T11:10:51,,UNSUPPORTED,,,,,,,"{""reason"": ""Solver does not support SDP problems"", ""problem_type"": ""SDP"", ""problem_class"": ""SDP""}"
802,cvxpy_osqp,cvxpy-1.6.5-OSQP-1.0.4,SDPLIB,control9,SDP,"{""cpu"": {""cpu_count"": 8, ""cpu_count_physical"": 8, ""processor"": ""arm"", ""architecture"": ""64bit""}, ""memory"": {""total_gb"": 24.0}, ""os"": {""system"": ""Darwin"", ""machine"": ""arm64"", ""release"": ""23.5.0""}, ""python"": {""implementation"": ""CPython"", ""version"": ""3.12.2"", ""version_info"": ""3.12.2""}, ""git"": {""commit_hash"": ""443b599dca6666ab5976e2cf184c9398d48cda2b""}, ""timezone"": {""timezone_name"": ""UTC"", ""utc_offset_hours"": 0.0}, ""timestamp"": 1752416768.0}",443b599dca6666ab5976e2cf184c9398d48cda2b,2025-07-16T11:10:51,,UNSUPPORTED,,,,,,,"{""reason"": ""Solver does not support SDP problems"", ""problem_type"": ""SDP"", ""problem_class"": ""SDP""}"
803,cvxpy_scip,cvxpy-1.6.5-SCIP-5.5.0,SDPLIB,control9,SDP,"{""cpu"": {""cpu_count"": 8, ""cpu_count_physical"": 8, ""processor"": ""arm"", ""architecture"": ""64bit""}, ""memory"": {""total_gb"": 24.0}, ""os"": {""system"": ""Darwin"", ""machine"": ""arm64"", ""release"": ""23.5.0""}, ""python"": {""implementation"": ""CPython"", ""version"": ""3.12.2"", ""version_info"": ""3.12.2""}, ""git"": {""commit_hash"": ""443b599dca6666ab5976e2cf184c9398d48cda2b""}, ""timezone"": {""timezone_name"": ""UTC"", ""utc_offset_hours"": 0.0}, ""timestamp"": 1752416768.0}",443b599dca6666ab5976e2cf184c9398d48cda2b,2025-07-16T11:10:52,,UNSUPPORTED,,,,,,,"{""reason"": ""Solver does not support SDP problems"", ""problem_type"": ""SDP"", ""problem_class"": ""SDP""}"
799,cvxpy_sdpa,cvxpy-1.6.5-SDPA-0.2.2,SDPLIB,control9,SDP,"{""cpu"": {""cpu_count"": 8, ""cpu_count_physical"": 8, ""processor"": ""arm"", ""architecture"": ""64bit""}, ""memory"": {""total_gb"": 24.0}, ""os"": {""system"": ""Darwin"", ""machine"": ""arm64"", ""release"": ""23.5.0""}, ""python"": {""implementation"": ""CPython"", ""version"": ""3.12.2"", ""version_info"": ""3.12.2""}, ""git"": {""commit_hash"": ""443b599dca6666ab5976e2cf184c9398d48cda2b""}, ""timezone"": {""timezone_name"": ""UTC"", ""utc_offset_hours"": 0.0}, ""timestamp"": 1752416768.0}",443b599dca6666ab5976e2cf184c9398d48cda2b,2025-07-16T11:10:41,6.4581170082092285,OPTIMAL (INACCURATE),-14.67540228481323,-14.675431392929916,2.910811668499491e-05,1.4589427065347405e-08,0.0,,"{""iteration_info_limitation"": ""SDPA does not provide iteration count through CVXPY"", ""solver_solve_time"": null, ""problem_class"": ""SDP""}"
1637,matlab_sdpt3,SDPT3-4.0-20240410 (MATLAB 24.1.0.2537033 (R2024a)),SDPLIB,control9,SDP,"{""cpu"": {""cpu_count"": 8, ""cpu_count_physical"": 8, ""processor"": ""arm"", ""architecture"": ""64bit""}, ""memory"": {""total_gb"": 24.0}, ""os"": {""system"": ""Darwin"", ""machine"": ""arm64"", ""release"": ""23.5.0""}, ""python"": {""implementation"": ""CPython"", ""version"": ""3.12.2"", ""version_info"": ""3.12.2""}, ""git"": {""commit_hash"": ""96ca043787ef8c38515cfa8d108d16b61b823e04""}, ""timezone"": {""timezone_name"": ""UTC"", ""utc_offset_hours"": 0.0}, ""timestamp"": 1752926592.0}",96ca043787ef8c38515cfa8d108d16b61b823e04,2025-07-19T14:04:59,5.164574291666667,UNKNOWN,-14.675411161814361,-14.675428193598599,1.7031784237175884e-05,3.695427597785709e-07,0.0,24,"{""matlab_output"": {""solver_name"": ""SDPT3"", ""status"": ""unknown"", ""solve_time"": 5.164574291666667, ""setup_time"": [], ""iterations"": 24, ""primal_objective_value"": -14.675411161814361, ""dual_objective_value"": -14.675428193598599, ""duality_gap"": 1.7031784237175884e-05, ""primal_infeasibility"": 3.695427597785709e-07, ""dual_infeasibility"": 0, ""solver_version"": ""SDPT3-4.0-20240410"", ""solver_options"": {}, ""termination_reason"": """", ""error_message"": """", ""timestamp"": ""2025-07-19 23:04:57"", ""matlab_version"": ""24.1.0.2537033 (R2024a)""}, ""matlab_version"": ""24.1.0.2537033 (R2024a)"", ""solver_backend"": ""sdpt3"", ""execution_environment"": ""matlab"", ""problem_class"": ""SDP""}"
1507,matlab_sedumi,SeDuMi-1.3.7 (MATLAB 24.1.0.2537033 (R2024a)),SDPLIB,control9,SDP,"{""cpu"": {""cpu_count"": 8, ""cpu_count_physical"": 8, ""processor"": ""arm"", ""architecture"": ""64bit""}, ""memory"": {""total_gb"": 24.0}, ""os"": {""system"": ""Darwin"", ""machine"": ""arm64"", ""release"": ""23.5.0""}, ""python"": {""implementation"": ""CPython"", ""version"": ""3.12.2"", ""version_info"": ""3.12.2""}, ""git"": {""commit_hash"": ""96ca043787ef8c38515cfa8d108d16b61b823e04""}, ""timezone"": {""timezone_name"": ""UTC"", ""utc_offset_hours"": 0.0}, ""timestamp"": 1752926592.0}",96ca043787ef8c38515cfa8d108d16b61b823e04,2025-07-19T12:45:05,10.212919458333333,NUM_ERROR,-14.6754285362703,-14.675428798508477,2.622381778394356e-07,1.582313837708998e-07,0.0,40,"{""matlab_output"": {""solver_name"": ""SeDuMi"", ""status"": ""num_error"", ""solve_time"": 10.212919458333333, ""setup_time"": [], ""iterations"": 40, ""primal_objective_value"": -14.6754285362703, ""dual_objective_value"": -14.675428798508477, ""duality_gap"": 2.622381778394356e-07, ""primal_infeasibility"": 1.582313837708998e-07, ""dual_infeasibility"": 0, ""solver_version"": ""SeDuMi-1.3.7"", ""solver_options"": {}, ""termination_reason"": """", ""error_message"": """", ""timestamp"": ""2025-07-19 21:45:03"", ""matlab_version"": ""24.1.0.2537033 (R2024a)""}, ""matlab_version"": ""24.1.0.2537033 (R2024a)"", ""solver_backend"": ""sedumi"", ""execution_environment"": ""matlab"", ""problem_class"": ""SDP""}"
804,scipy_linprog,scipy-1.15.3,SDPLIB,control9,SDP,"{""cpu"": {""cpu_count"": 8, ""cpu_count_physical"": 8, ""processor"": ""arm"", ""architecture"": ""64bit""}, ""memory"": {""total_gb"": 24.0}, ""os"": {""system"": ""Darwin"", ""machine"": ""arm64"", ""release"": ""23.5.0""}, ""python"": {""implementation"": ""CPython"", ""version"": ""3.12.2"", ""version_info"": ""3.12.2""}, ""git"": {""commit_hash"": ""443b599dca6666ab5976e2cf184c9398d48cda2b""}, ""timezone"": {""timezone_name"": ""UTC"", ""utc_offset_hours"": 0.0}, ""timestamp"": 1752416768.0}",443b599dca6666ab5976e2cf184c9398d48cda2b,2025-07-16T11:10:52,,UNSUPPORTED,,,,,,,"{""reason"": ""Solver does not support SDP problems"", ""problem_type"": ""SDP"", ""problem_class"": ""SDP""}"
1388,cvxpy_ecos,cvxpy-1.6.5-ECOS-2.0.14,SDPLIB,equalG11,SDP,"{""cpu"": {""cpu_count"": 8, ""cpu_count_physical"": 8, ""processor"": ""arm"", ""architecture"": ""64bit""}, ""memory"": {""total_gb"": 24.0}, ""os"": {""system"": ""Darwin"", ""machine"": ""arm64"", ""release"": ""23.5.0""}, ""python"": {""implementation"": ""CPython"", ""version"": ""3.12.2"", ""version_info"": ""3.12.2""}, ""git"": {""commit_hash"": ""443b599dca6666ab5976e2cf184c9398d48cda2b""}, ""timezone"": {""timezone_name"": ""UTC"", ""utc_offset_hours"": 0.0}, ""timestamp"": 1752416768.0}",443b599dca6666ab5976e2cf184c9398d48cda2b,2025-07-18T16:17:51,,UNSUPPORTED,,,,,,,"{""reason"": ""Solver does not support SDP problems"", ""problem_type"": ""SDP"", ""problem_class"": ""SDP""}"
1389,cvxpy_highs,cvxpy-1.6.5-HIGHS-1.11.0,SDPLIB,equalG11,SDP,"{""cpu"": {""cpu_count"": 8, ""cpu_count_physical"": 8, ""processor"": ""arm"", ""architecture"": ""64bit""}, ""memory"": {""total_gb"": 24.0}, ""os"": {""system"": ""Darwin"", ""machine"": ""arm64"", ""release"": ""23.5.0""}, ""python"": {""implementation"": ""CPython"", ""version"": ""3.12.2"", ""version_info"": ""3.12.2""}, ""git"": {""commit_hash"": ""443b599dca6666ab5976e2cf184c9398d48cda2b""}, ""timezone"": {""timezone_name"": ""UTC"", ""utc_offset_hours"": 0.0}, ""timestamp"": 1752416768.0}",443b599dca6666ab5976e2cf184c9398d48cda2b,2025-07-18T16:17:52,,UNSUPPORTED,,,,,,,"{""reason"": ""Solver does not support SDP problems"", ""problem_type"": ""SDP"", ""problem_class"": ""SDP""}"
1390,cvxpy_osqp,cvxpy-1.6.5-OSQP-1.0.4,SDPLIB,equalG11,SDP,"{""cpu"": {""cpu_count"": 8, ""cpu_count_physical"": 8, ""processor"": ""arm"", ""architecture"": ""64bit""}, ""memory"": {""total_gb"": 24.0}, ""os"": {""system"": ""Darwin"", ""machine"": ""arm64"", ""release"": ""23.5.0""}, ""python"": {""implementation"": ""CPython"", ""version"": ""3.12.2"", ""version_info"": ""3.12.2""}, ""git"": {""commit_hash"": ""443b599dca6666ab5976e2cf184c9398d48cda2b""}, ""timezone"": {""timezone_name"": ""UTC"", ""utc_offset_hours"": 0.0}, ""timestamp"": 1752416768.0}",443b599dca6666ab5976e2cf184c9398d48cda2b,2025-07-18T16:17:53,,UNSUPPORTED,,,,,,,"{""reason"": ""Solver does not support SDP problems"", ""problem_type"": ""SDP"", ""problem_class"": ""SDP""}"
1391,cvxpy_scip,cvxpy-1.6.5-SCIP-5.5.0,SDPLIB,equalG11,SDP,"{""cpu"": {""cpu_count"": 8, ""cpu_count_physical"": 8, ""processor"": ""arm"", ""architecture"": ""64bit""}, ""memory"": {""total_gb"": 24.0}, ""os"": {""system"": ""Darwin"", ""machine"": ""arm64"", ""release"": ""23.5.0""}, ""python"": {""implementation"": ""CPython"", ""version"": ""3.12.2"", ""version_info"": ""3.12.2""}, ""git"": {""commit_hash"": ""443b599dca6666ab5976e2cf184c9398d48cda2b""}, ""timezone"": {""timezone_name"": ""UTC"", ""utc_offset_hours"": 0.0}, ""timestamp"": 1752416768.0}",443b599dca6666ab5976e2cf184c9398d48cda2b,2025-07-18T16:17:53,,UNSUPPORTED,,,,,,,"{""reason"": ""Solver does not support SDP problems"", ""problem_type"": ""SDP"", ""problem_class"": ""SDP""}"
827,cvxpy_sdpa,cvxpy-1.6.5-SDPA-0.2.2,SDPLIB,equalG11,SDP,"{""cpu"": {""cpu_count"": 8, ""cpu_count_physical"": 8, ""processor"": ""arm"", ""architecture"": ""64bit""}, ""memory"": {""total_gb"": 24.0}, ""os"": {""system"": ""Darwin"", ""machine"": ""arm64"", ""release"": ""23.5.0""}, ""python"": {""implementation"": ""CPython"", ""version"": ""3.12.2"", ""version_info"": ""3.12.2""}, ""git"": {""commit_hash"": ""443b599dca6666ab5976e2cf184c9398d48cda2b""}, ""timezone"": {""timezone_name"": ""UTC"", ""utc_offset_hours"": 0.0}, ""timestamp"": 1752416768.0}",443b599dca6666ab5976e2cf184c9398d48cda2b,2025-07-16T11:26:15,51.45907402038574,OPTIMAL,-629.1552658005733,-629.1552929633996,2.716282631354261e-05,2.369371882908525e-12,0.0,,"{""iteration_info_limitation"": ""SDPA does not provide iteration count through CVXPY"", ""solver_solve_time"": null, ""problem_class"": ""SDP""}"
1612,matlab_sdpt3,SDPT3-4.0-20240410 (MATLAB 24.1.0.2537033 (R2024a)),SDPLIB,equalG11,SDP,"{""cpu"": {""cpu_count"": 8, ""cpu_count_physical"": 8, ""processor"": ""arm"", ""architecture"": ""64bit""}, ""memory"": {""total_gb"": 24.0}, ""os"": {""system"": ""Darwin"", ""machine"": ""arm64"", ""release"": ""23.5.0""}, ""python"": {""implementation"": ""CPython"", ""version"": ""3.12.2"", ""version_info"": ""3.12.2""}, ""git"": {""commit_hash"": ""96ca043787ef8c38515cfa8d108d16b61b823e04""}, ""timezone"": {""timezone_name"": ""UTC"", ""utc_offset_hours"": 0.0}, ""timestamp"": 1752926592.0}",96ca043787ef8c38515cfa8d108d16b61b823e04,2025-07-19T14:01:56,5.390393125,OPTIMAL,-629.1552924715518,-629.155292824143,3.52591200680763e-07,1.783924970601402e-12,6.427897648455087e-18,17,"{""matlab_output"": {""solver_name"": ""SDPT3"", ""status"": ""optimal"", ""solve_time"": 5.390393125, ""setup_time"": [], ""iterations"": 17, ""primal_objective_value"": -629.1552924715518, ""dual_objective_value"": -629.155292824143, ""duality_gap"": 3.52591200680763e-07, ""primal_infeasibility"": 1.783924970601402e-12, ""dual_infeasibility"": 6.427897648455087e-18, ""solver_version"": ""SDPT3-4.0-20240410"", ""solver_options"": {}, ""termination_reason"": """", ""error_message"": """", ""timestamp"": ""2025-07-19 23:01:52"", ""matlab_version"": ""24.1.0.2537033 (R2024a)""}, ""matlab_version"": ""24.1.0.2537033 (R2024a)"", ""solver_backend"": ""sdpt3"", ""execution_environment"": ""matlab"", ""problem_class"": ""SDP""}"
1497,matlab_sedumi,SeDuMi-1.3.7 (MATLAB 24.1.0.2537033 (R2024a)),SDPLIB,equalG11,SDP,"{""cpu"": {""cpu_count"": 8, ""cpu_count_physical"": 8, ""processor"": ""arm"", ""architecture"": ""64bit""}, ""memory"": {""total_gb"": 24.0}, ""os"": {""system"": ""Darwin"", ""machine"": ""arm64"", ""release"": ""23.5.0""}, ""python"": {""implementation"": ""CPython"", ""version"": ""3.12.2"", ""version_info"": ""3.12.2""}, ""git"": {""commit_hash"": ""96ca043787ef8c38515cfa8d108d16b61b823e04""}, ""timezone"": {""timezone_name"": ""UTC"", ""utc_offset_hours"": 0.0}, ""timestamp"": 1752926592.0}",96ca043787ef8c38515cfa8d108d16b61b823e04,2025-07-19T12:41:57,40.736246875,NUM_ERROR,-629.1548520668078,-629.147034816694,0.007817250113816954,2.5361087944180886e-08,4.2544376286179536e-11,24,"{""matlab_output"": {""solver_name"": ""SeDuMi"", ""status"": ""num_error"", ""solve_time"": 40.736246875, ""setup_time"": [], ""iterations"": 24, ""primal_objective_value"": -629.1548520668078, ""dual_objective_value"": -629.147034816694, ""duality_gap"": 0.007817250113816954, ""primal_infeasibility"": 2.5361087944180886e-08, ""dual_infeasibility"": 4.2544376286179536e-11, ""solver_version"": ""SeDuMi-1.3.7"", ""solver_options"": {}, ""termination_reason"": """", ""error_message"": """", ""timestamp"": ""2025-07-19 21:41:54"", ""matlab_version"": ""24.1.0.2537033 (R2024a)""}, ""matlab_version"": ""24.1.0.2537033 (R2024a)"", ""solver_backend"": ""sedumi"", ""execution_environment"": ""matlab"", ""problem_class"": ""SDP""}"
1392,scipy_linprog,scipy-1.15.3,SDPLIB,equalG11,SDP,"{""cpu"": {""cpu_count"": 8, ""cpu_count_physical"": 8, ""processor"": ""arm"", ""architecture"": ""64bit""}, ""memory"": {""total_gb"": 24.0}, ""os"": {""system"": ""Darwin"", ""machine"": ""arm64"", ""release"": ""23.5.0""}, ""python"": {""implementation"": ""CPython"", ""version"": ""3.12.2"", ""version_info"": ""3.12.2""}, ""git"": {""commit_hash"": ""443b599dca6666ab5976e2cf184c9398d48cda2b""}, ""timezone"": {""timezone_name"": ""UTC"", ""utc_offset_hours"": 0.0}, ""timestamp"": 1752416768.0}",443b599dca6666ab5976e2cf184c9398d48cda2b,2025-07-18T16:17:54,,UNSUPPORTED,,,,,,,"{""reason"": ""Solver does not support SDP problems"", ""problem_type"": ""SDP"", ""problem_class"": ""SDP""}"
835,cvxpy_ecos,cvxpy-1.6.5-ECOS-2.0.14,SDPLIB,equalG51,SDP,"{""cpu"": {""cpu_count"": 8, ""cpu_count_physical"": 8, ""processor"": ""arm"", ""architecture"": ""64bit""}, ""memory"": {""total_gb"": 24.0}, ""os"": {""system"": ""Darwin"", ""machine"": ""arm64"", ""release"": ""23.5.0""}, ""python"": {""implementation"": ""CPython"", ""version"": ""3.12.2"", ""version_info"": ""3.12.2""}, ""git"": {""commit_hash"": ""443b599dca6666ab5976e2cf184c9398d48cda2b""}, ""timezone"": {""timezone_name"": ""UTC"", ""utc_offset_hours"": 0.0}, ""timestamp"": 1752416768.0}",443b599dca6666ab5976e2cf184c9398d48cda2b,2025-07-16T11:33:09,,UNSUPPORTED,,,,,,,"{""reason"": ""Solver does not support SDP problems"", ""problem_type"": ""SDP"", ""problem_class"": ""SDP""}"
836,cvxpy_highs,cvxpy-1.6.5-HIGHS-1.11.0,SDPLIB,equalG51,SDP,"{""cpu"": {""cpu_count"": 8, ""cpu_count_physical"": 8, ""processor"": ""arm"", ""architecture"": ""64bit""}, ""memory"": {""total_gb"": 24.0}, ""os"": {""system"": ""Darwin"", ""machine"": ""arm64"", ""release"": ""23.5.0""}, ""python"": {""implementation"": ""CPython"", ""version"": ""3.12.2"", ""version_info"": ""3.12.2""}, ""git"": {""commit_hash"": ""443b599dca6666ab5976e2cf184c9398d48cda2b""}, ""timezone"": {""timezone_name"": ""UTC"", ""utc_offset_hours"": 0.0}, ""timestamp"": 1752416768.0}",443b599dca6666ab5976e2cf184c9398d48cda2b,2025-07-16T11:33:10,,UNSUPPORTED,,,,,,,"{""reason"": ""Solver does not support SDP problems"", ""problem_type"": ""SDP"", ""problem_class"": ""SDP""}"
837,cvxpy_osqp,cvxpy-1.6.5-OSQP-1.0.4,SDPLIB,equalG51,SDP,"{""cpu"": {""cpu_count"": 8, ""cpu_count_physical"": 8, ""processor"": ""arm"", ""architecture"": ""64bit""}, ""memory"": {""total_gb"": 24.0}, ""os"": {""system"": ""Darwin"", ""machine"": ""arm64"", ""release"": ""23.5.0""}, ""python"": {""implementation"": ""CPython"", ""version"": ""3.12.2"", ""version_info"": ""3.12.2""}, ""git"": {""commit_hash"": ""443b599dca6666ab5976e2cf184c9398d48cda2b""}, ""timezone"": {""timezone_name"": ""UTC"", ""utc_offset_hours"": 0.0}, ""timestamp"": 1752416768.0}",443b599dca6666ab5976e2cf184c9398d48cda2b,2025-07-16T11:33:10,,UNSUPPORTED,,,,,,,"{""reason"": ""Solver does not support SDP problems"", ""problem_type"": ""SDP"", ""problem_class"": ""SDP""}"
838,cvxpy_scip,cvxpy-1.6.5-SCIP-5.5.0,SDPLIB,equalG51,SDP,"{""cpu"": {""cpu_count"": 8, ""cpu_count_physical"": 8, ""processor"": ""arm"", ""architecture"": ""64bit""}, ""memory"": {""total_gb"": 24.0}, ""os"": {""system"": ""Darwin"", ""machine"": ""arm64"", ""release"": ""23.5.0""}, ""python"": {""implementation"": ""CPython"", ""version"": ""3.12.2"", ""version_info"": ""3.12.2""}, ""git"": {""commit_hash"": ""443b599dca6666ab5976e2cf184c9398d48cda2b""}, ""timezone"": {""timezone_name"": ""UTC"", ""utc_offset_hours"": 0.0}, ""timestamp"": 1752416768.0}",443b599dca6666ab5976e2cf184c9398d48cda2b,2025-07-16T11:33:11,,UNSUPPORTED,,,,,,,"{""reason"": ""Solver does not support SDP problems"", ""problem_type"": ""SDP"", ""problem_class"": ""SDP""}"
834,cvxpy_sdpa,cvxpy-1.6.5-SDPA-0.2.2,SDPLIB,equalG51,SDP,"{""cpu"": {""cpu_count"": 8, ""cpu_count_physical"": 8, ""processor"": ""arm"", ""architecture"": ""64bit""}, ""memory"": {""total_gb"": 24.0}, ""os"": {""system"": ""Darwin"", ""machine"": ""arm64"", ""release"": ""23.5.0""}, ""python"": {""implementation"": ""CPython"", ""version"": ""3.12.2"", ""version_info"": ""3.12.2""}, ""git"": {""commit_hash"": ""443b599dca6666ab5976e2cf184c9398d48cda2b""}, ""timezone"": {""timezone_name"": ""UTC"", ""utc_offset_hours"": 0.0}, ""timestamp"": 1752416768.0}",443b599dca6666ab5976e2cf184c9398d48cda2b,2025-07-16T11:32:58,97.77459287643433,OPTIMAL,-4005.6011905473815,-4005.6013169406397,0.00012639325814234326,7.832639830764701e-11,0.0,,"{""iteration_info_limitation"": ""SDPA does not provide iteration count through CVXPY"", ""solver_solve_time"": null, ""problem_class"": ""SDP""}"
1613,matlab_sdpt3,SDPT3-4.0-20240410 (MATLAB 24.1.0.2537033 (R2024a)),SDPLIB,equalG51,SDP,"{""cpu"": {""cpu_count"": 8, ""cpu_count_physical"": 8, ""processor"": ""arm"", ""architecture"": ""64bit""}, ""memory"": {""total_gb"": 24.0}, ""os"": {""system"": ""Darwin"", ""machine"": ""arm64"", ""release"": ""23.5.0""}, ""python"": {""implementation"": ""CPython"", ""version"": ""3.12.2"", ""version_info"": ""3.12.2""}, ""git"": {""commit_hash"": ""96ca043787ef8c38515cfa8d108d16b61b823e04""}, ""timezone"": {""timezone_name"": ""UTC"", ""utc_offset_hours"": 0.0}, ""timestamp"": 1752926592.0}",96ca043787ef8c38515cfa8d108d16b61b823e04,2025-07-19T14:02:29,8.547652125,OPTIMAL,-4005.601288017268,-4005.601316366677,2.834940914908657e-05,5.789644333861485e-11,0.0,18,"{""matlab_output"": {""solver_name"": ""SDPT3"", ""status"": ""optimal"", ""solve_time"": 8.547652125, ""setup_time"": [], ""iterations"": 18, ""primal_objective_value"": -4005.601288017268, ""dual_objective_value"": -4005.601316366677, ""duality_gap"": 2.834940914908657e-05, ""primal_infeasibility"": 5.789644333861485e-11, ""dual_infeasibility"": 0, ""solver_version"": ""SDPT3-4.0-20240410"", ""solver_options"": {}, ""termination_reason"": """", ""error_message"": """", ""timestamp"": ""2025-07-19 23:02:24"", ""matlab_version"": ""24.1.0.2537033 (R2024a)""}, ""matlab_version"": ""24.1.0.2537033 (R2024a)"", ""solver_backend"": ""sdpt3"", ""execution_environment"": ""matlab"", ""problem_class"": ""SDP""}"
1498,matlab_sedumi,SeDuMi-1.3.7 (MATLAB 24.1.0.2537033 (R2024a)),SDPLIB,equalG51,SDP,"{""cpu"": {""cpu_count"": 8, ""cpu_count_physical"": 8, ""processor"": ""arm"", ""architecture"": ""64bit""}, ""memory"": {""total_gb"": 24.0}, ""os"": {""system"": ""Darwin"", ""machine"": ""arm64"", ""release"": ""23.5.0""}, ""python"": {""implementation"": ""CPython"", ""version"": ""3.12.2"", ""version_info"": ""3.12.2""}, ""git"": {""commit_hash"": ""96ca043787ef8c38515cfa8d108d16b61b823e04""}, ""timezone"": {""timezone_name"": ""UTC"", ""utc_offset_hours"": 0.0}, ""timestamp"": 1752926592.0}",96ca043787ef8c38515cfa8d108d16b61b823e04,2025-07-19T12:43:46,84.32632358333333,NUM_ERROR,-4005.599767044349,-4005.599767799965,7.556159289379138e-07,8.95433741624491e-09,5.676034290944519e-12,30,"{""matlab_output"": {""solver_name"": ""SeDuMi"", ""status"": ""num_error"", ""solve_time"": 84.32632358333333, ""setup_time"": [], ""iterations"": 30, ""primal_objective_value"": -4005.599767044349, ""dual_objective_value"": -4005.599767799965, ""duality_gap"": 7.556159289379138e-07, ""primal_infeasibility"": 8.95433741624491e-09, ""dual_infeasibility"": 5.676034290944519e-12, ""solver_version"": ""SeDuMi-1.3.7"", ""solver_options"": {}, ""termination_reason"": """", ""error_message"": """", ""timestamp"": ""2025-07-19 21:43:42"", ""matlab_version"": ""24.1.0.2537033 (R2024a)""}, ""matlab_version"": ""24.1.0.2537033 (R2024a)"", ""solver_backend"": ""sedumi"", ""execution_environment"": ""matlab"", ""problem_class"": ""SDP""}"
839,scipy_linprog,scipy-1.15.3,SDPLIB,equalG51,SDP,"{""cpu"": {""cpu_count"": 8, ""cpu_count_physical"": 8, ""processor"": ""arm"", ""architecture"": ""64bit""}, ""memory"": {""total_gb"": 24.0}, ""os"": {""system"": ""Darwin"", ""machine"": ""arm64"", ""release"": ""23.5.0""}, ""python"": {""implementation"": ""CPython"", ""version"": ""3.12.2"", ""version_info"": ""3.12.2""}, ""git"": {""commit_hash"": ""443b599dca6666ab5976e2cf184c9398d48cda2b""}, ""timezone"": {""timezone_name"": ""UTC"", ""utc_offset_hours"": 0.0}, ""timestamp"": 1752416768.0}",443b599dca6666ab5976e2cf184c9398d48cda2b,2025-07-16T11:33:12,,UNSUPPORTED,,,,,,,"{""reason"": ""Solver does not support SDP problems"", ""problem_type"": ""SDP"", ""problem_class"": ""SDP""}"
1878,matlab_sdpt3,SDPT3-4.0-20240410 (MATLAB 24.1.0.2537033 (R2024a)),SDPLIB,gpp100,SDP,"{""cpu"": {""cpu_count"": 8, ""cpu_count_physical"": 8, ""processor"": ""arm"", ""architecture"": ""64bit""}, ""memory"": {""total_gb"": 24.0}, ""os"": {""system"": ""Darwin"", ""machine"": ""arm64"", ""release"": ""23.5.0""}, ""python"": {""implementation"": ""CPython"", ""version"": ""3.12.2"", ""version_info"": ""3.12.2""}, ""git"": {""commit_hash"": ""2ef15f0b24da1069f2b57592da99da5a647810c6""}, ""timezone"": {""timezone_name"": ""UTC"", ""utc_offset_hours"": 0.0}, ""timestamp"": 1752926592.0}",2ef15f0b24da1069f2b57592da99da5a647810c6,2025-07-22T15:51:34,0.44436095833333333,OPTIMAL,44.94354787139288,44.943548863521535,9.921286547864838e-07,2.734211981964889e-10,0.0,14,"{""matlab_output"": {""solver_name"": ""SDPT3"", ""status"": ""optimal"", ""solve_time"": 0.44436095833333333, ""setup_time"": [], ""iterations"": 14, ""primal_objective_value"": 44.94354787139288, ""dual_objective_value"": 44.943548863521535, ""duality_gap"": 9.921286547864838e-07, ""primal_infeasibility"": 2.734211981964889e-10, ""dual_infeasibility"": 0, ""solver_version"": ""SDPT3-4.0-20240410"", ""solver_options"": {}, ""termination_reason"": """", ""error_message"": """", ""timestamp"": ""2025-07-23 00:51:32"", ""matlab_version"": ""24.1.0.2537033 (R2024a)""}, ""matlab_version"": ""24.1.0.2537033 (R2024a)"", ""solver_backend"": ""sdpt3"", ""execution_environment"": ""matlab"", ""problem_class"": ""SDP""}"
1865,matlab_sedumi,SeDuMi-1.3.7 (MATLAB 24.1.0.2537033 (R2024a)),SDPLIB,gpp100,SDP,"{""cpu"": {""cpu_count"": 8, ""cpu_count_physical"": 8, ""processor"": ""arm"", ""architecture"": ""64bit""}, ""memory"": {""total_gb"": 24.0}, ""os"": {""system"": ""Darwin"", ""machine"": ""arm64"", ""release"": ""23.5.0""}, ""python"": {""implementation"": ""CPython"", ""version"": ""3.12.2"", ""version_info"": ""3.12.2""}, ""git"": {""commit_hash"": ""2ef15f0b24da1069f2b57592da99da5a647810c6""}, ""timezone"": {""timezone_name"": ""UTC"", ""utc_offset_hours"": 0.0}, ""timestamp"": 1752926592.0}",2ef15f0b24da1069f2b57592da99da5a647810c6,2025-07-22T15:44:53,0.7721935,NUM_ERROR,44.94351945079613,44.943668273606576,0.0001488228104449263,3.6371368159315026e-07,1.8043086007717958e-08,21,"{""matlab_output"": {""solver_name"": ""SeDuMi"", ""status"": ""num_error"", ""solve_time"": 0.7721935, ""setup_time"": [], ""iterations"": 21, ""primal_objective_value"": 44.94351945079613, ""dual_objective_value"": 44.943668273606576, ""duality_gap"": 0.0001488228104449263, ""primal_infeasibility"": 3.6371368159315026e-07, ""dual_infeasibility"": 1.8043086007717958e-08, ""solver_version"": ""SeDuMi-1.3.7"", ""solver_options"": {}, ""termination_reason"": """", ""error_message"": """", ""timestamp"": ""2025-07-23 00:44:50"", ""matlab_version"": ""24.1.0.2537033 (R2024a)""}, ""matlab_version"": ""24.1.0.2537033 (R2024a)"", ""solver_backend"": ""sedumi"", ""execution_environment"": ""matlab"", ""problem_class"": ""SDP""}"
1840,matlab_sdpt3,SDPT3-4.0-20240410 (MATLAB 24.1.0.2537033 (R2024a)),SDPLIB,gpp124-1,SDP,"{""cpu"": {""cpu_count"": 8, ""cpu_count_physical"": 8, ""processor"": ""arm"", ""architecture"": ""64bit""}, ""memory"": {""total_gb"": 24.0}, ""os"": {""system"": ""Darwin"", ""machine"": ""arm64"", ""release"": ""23.5.0""}, ""python"": {""implementation"": ""CPython"", ""version"": ""3.12.2"", ""version_info"": ""3.12.2""}, ""git"": {""commit_hash"": ""d31cb7532a216fdc91b3add7143ef51aa6679c9d""}, ""timezone"": {""timezone_name"": ""UTC"", ""utc_offset_hours"": 0.0}, ""timestamp"": 1752926592.0}",d31cb7532a216fdc91b3add7143ef51aa6679c9d,2025-07-22T15:41:10,0.5800415,OPTIMAL,7.343075216995572,7.343075708069313,4.910737407826105e-07,3.445685296414346e-11,0.0,17,"{""matlab_output"": {""solver_name"": ""SDPT3"", ""status"": ""optimal"", ""solve_time"": 0.5800415, ""setup_time"": [], ""iterations"": 17, ""primal_objective_value"": 7.343075216995572, ""dual_objective_value"": 7.343075708069313, ""duality_gap"": 4.910737407826105e-07, ""primal_infeasibility"": 3.445685296414346e-11, ""dual_infeasibility"": 0, ""solver_version"": ""SDPT3-4.0-20240410"", ""solver_options"": {}, ""termination_reason"": """", ""error_message"": """", ""timestamp"": ""2025-07-23 00:41:07"", ""matlab_version"": ""24.1.0.2537033 (R2024a)""}, ""matlab_version"": ""24.1.0.2537033 (R2024a)"", ""solver_backend"": ""sdpt3"", ""execution_environment"": ""matlab"", ""problem_class"": ""SDP""}"
1866,matlab_sedumi,SeDuMi-1.3.7 (MATLAB 24.1.0.2537033 (R2024a)),SDPLIB,gpp124-1,SDP,"{""cpu"": {""cpu_count"": 8, ""cpu_count_physical"": 8, ""processor"": ""arm"", ""architecture"": ""64bit""}, ""memory"": {""total_gb"": 24.0}, ""os"": {""system"": ""Darwin"", ""machine"": ""arm64"", ""release"": ""23.5.0""}, ""python"": {""implementation"": ""CPython"", ""version"": ""3.12.2"", ""version_info"": ""3.12.2""}, ""git"": {""commit_hash"": ""2ef15f0b24da1069f2b57592da99da5a647810c6""}, ""timezone"": {""timezone_name"": ""UTC"", ""utc_offset_hours"": 0.0}, ""timestamp"": 1752926592.0}",2ef15f0b24da1069f2b57592da99da5a647810c6,2025-07-22T15:44:59,1.011289,NUM_ERROR,7.343040041853136,7.343323197544134,0.00028315569099746085,4.6273048261564336e-07,6.076241571456934e-08,23,"{""matlab_output"": {""solver_name"": ""SeDuMi"", ""status"": ""num_error"", ""solve_time"": 1.011289, ""setup_time"": [], ""iterations"": 23, ""primal_objective_value"": 7.343040041853136, ""dual_objective_value"": 7.343323197544134, ""duality_gap"": 0.00028315569099746085, ""primal_infeasibility"": 4.6273048261564336e-07, ""dual_infeasibility"": 6.076241571456934e-08, ""solver_version"": ""SeDuMi-1.3.7"", ""solver_options"": {}, ""termination_reason"": """", ""error_message"": """", ""timestamp"": ""2025-07-23 00:44:56"", ""matlab_version"": ""24.1.0.2537033 (R2024a)""}, ""matlab_version"": ""24.1.0.2537033 (R2024a)"", ""solver_backend"": ""sedumi"", ""execution_environment"": ""matlab"", ""problem_class"": ""SDP""}"
1841,matlab_sdpt3,SDPT3-4.0-20240410 (MATLAB 24.1.0.2537033 (R2024a)),SDPLIB,gpp124-2,SDP,"{""cpu"": {""cpu_count"": 8, ""cpu_count_physical"": 8, ""processor"": ""arm"", ""architecture"": ""64bit""}, ""memory"": {""total_gb"": 24.0}, ""os"": {""system"": ""Darwin"", ""machine"": ""arm64"", ""release"": ""23.5.0""}, ""python"": {""implementation"": ""CPython"", ""version"": ""3.12.2"", ""version_info"": ""3.12.2""}, ""git"": {""commit_hash"": ""d31cb7532a216fdc91b3add7143ef51aa6679c9d""}, ""timezone"": {""timezone_name"": ""UTC"", ""utc_offset_hours"": 0.0}, ""timestamp"": 1752926592.0}",d31cb7532a216fdc91b3add7143ef51aa6679c9d,2025-07-22T15:41:15,0.5533539166666667,OPTIMAL,46.86229340823787,46.86229387971365,4.7147577930672924e-07,1.2319438807287507e-10,0.0,15,"{""matlab_output"": {""solver_name"": ""SDPT3"", ""status"": ""optimal"", ""solve_time"": 0.5533539166666667, ""setup_time"": [], ""iterations"": 15, ""primal_objective_value"": 46.86229340823787, ""dual_objective_value"": 46.86229387971365, ""duality_gap"": 4.7147577930672924e-07, ""primal_infeasibility"": 1.2319438807287507e-10, ""dual_infeasibility"": 0, ""solver_version"": ""SDPT3-4.0-20240410"", ""solver_options"": {}, ""termination_reason"": """", ""error_message"": """", ""timestamp"": ""2025-07-23 00:41:13"", ""matlab_version"": ""24.1.0.2537033 (R2024a)""}, ""matlab_version"": ""24.1.0.2537033 (R2024a)"", ""solver_backend"": ""sdpt3"", ""execution_environment"": ""matlab"", ""problem_class"": ""SDP""}"
1867,matlab_sedumi,SeDuMi-1.3.7 (MATLAB 24.1.0.2537033 (R2024a)),SDPLIB,gpp124-2,SDP,"{""cpu"": {""cpu_count"": 8, ""cpu_count_physical"": 8, ""processor"": ""arm"", ""architecture"": ""64bit""}, ""memory"": {""total_gb"": 24.0}, ""os"": {""system"": ""Darwin"", ""machine"": ""arm64"", ""release"": ""23.5.0""}, ""python"": {""implementation"": ""CPython"", ""version"": ""3.12.2"", ""version_info"": ""3.12.2""}, ""git"": {""commit_hash"": ""2ef15f0b24da1069f2b57592da99da5a647810c6""}, ""timezone"": {""timezone_name"": ""UTC"", ""utc_offset_hours"": 0.0}, ""timestamp"": 1752926592.0}",2ef15f0b24da1069f2b57592da99da5a647810c6,2025-07-22T15:45:05,1.067351625,NUM_ERROR,46.8623007758379,46.862310357065084,9.581227182309249e-06,2.602493957176677e-07,4.4461266039776315e-09,23,"{""matlab_output"": {""solver_name"": ""SeDuMi"", ""status"": ""num_error"", ""solve_time"": 1.067351625, ""setup_time"": [], ""iterations"": 23, ""primal_objective_value"": 46.8623007758379, ""dual_objective_value"": 46.862310357065084, ""duality_gap"": 9.581227182309249e-06, ""primal_infeasibility"": 2.602493957176677e-07, ""dual_infeasibility"": 4.4461266039776315e-09, ""solver_version"": ""SeDuMi-1.3.7"", ""solver_options"": {}, ""termination_reason"": """", ""error_message"": """", ""timestamp"": ""2025-07-23 00:45:02"", ""matlab_version"": ""24.1.0.2537033 (R2024a)""}, ""matlab_version"": ""24.1.0.2537033 (R2024a)"", ""solver_backend"": ""sedumi"", ""execution_environment"": ""matlab"", ""problem_class"": ""SDP""}"
1842,matlab_sdpt3,SDPT3-4.0-20240410 (MATLAB 24.1.0.2537033 (R2024a)),SDPLIB,gpp124-3,SDP,"{""cpu"": {""cpu_count"": 8, ""cpu_count_physical"": 8, ""processor"": ""arm"", ""architecture"": ""64bit""}, ""memory"": {""total_gb"": 24.0}, ""os"": {""system"": ""Darwin"", ""machine"": ""arm64"", ""release"": ""23.5.0""}, ""python"": {""implementation"": ""CPython"", ""version"": ""3.12.2"", ""version_info"": ""3.12.2""}, ""git"": {""commit_hash"": ""d31cb7532a216fdc91b3add7143ef51aa6679c9d""}, ""timezone"": {""timezone_name"": ""UTC"", ""utc_offset_hours"": 0.0}, ""timestamp"": 1752926592.0}",d31cb7532a216fdc91b3add7143ef51aa6679c9d,2025-07-22T15:41:21,0.522561625,OPTIMAL,153.014122916332,153.01412446660885,1.550276834905162e-06,4.152400563581602e-10,0.0,14,"{""matlab_output"": {""solver_name"": ""SDPT3"", ""status"": ""optimal"", ""solve_time"": 0.522561625, ""setup_time"": [], ""iterations"": 14, ""primal_objective_value"": 153.014122916332, ""dual_objective_value"": 153.01412446660885, ""duality_gap"": 1.550276834905162e-06, ""primal_infeasibility"": 4.152400563581602e-10, ""dual_infeasibility"": 0, ""solver_version"": ""SDPT3-4.0-20240410"", ""solver_options"": {}, ""termination_reason"": """", ""error_message"": """", ""timestamp"": ""2025-07-23 00:41:18"", ""matlab_version"": ""24.1.0.2537033 (R2024a)""}, ""matlab_version"": ""24.1.0.2537033 (R2024a)"", ""solver_backend"": ""sdpt3"", ""execution_environment"": ""matlab"", ""problem_class"": ""SDP""}"
1868,matlab_sedumi,SeDuMi-1.3.7 (MATLAB 24.1.0.2537033 (R2024a)),SDPLIB,gpp124-3,SDP,"{""cpu"": {""cpu_count"": 8, ""cpu_count_physical"": 8, ""processor"": ""arm"", ""architecture"": ""64bit""}, ""memory"": {""total_gb"": 24.0}, ""os"": {""system"": ""Darwin"", ""machine"": ""arm64"", ""release"": ""23.5.0""}, ""python"": {""implementation"": ""CPython"", ""version"": ""3.12.2"", ""version_info"": ""3.12.2""}, ""git"": {""commit_hash"": ""2ef15f0b24da1069f2b57592da99da5a647810c6""}, ""timezone"": {""timezone_name"": ""UTC"", ""utc_offset_hours"": 0.0}, ""timestamp"": 1752926592.0}",2ef15f0b24da1069f2b57592da99da5a647810c6,2025-07-22T15:45:12,1.3415220833333332,NUM_ERROR,153.01413111066205,153.0141433591371,1.2248475059095654e-05,3.772924496141658e-07,1.4242436509417165e-09,23,"{""matlab_output"": {""solver_name"": ""SeDuMi"", ""status"": ""num_error"", ""solve_time"": 1.3415220833333332, ""setup_time"": [], ""iterations"": 23, ""primal_objective_value"": 153.01413111066205, ""dual_objective_value"": 153.0141433591371, ""duality_gap"": 1.2248475059095654e-05, ""primal_infeasibility"": 3.772924496141658e-07, ""dual_infeasibility"": 1.4242436509417165e-09, ""solver_version"": ""SeDuMi-1.3.7"", ""solver_options"": {}, ""termination_reason"": """", ""error_message"": """", ""timestamp"": ""2025-07-23 00:45:09"", ""matlab_version"": ""24.1.0.2537033 (R2024a)""}, ""matlab_version"": ""24.1.0.2537033 (R2024a)"", ""solver_backend"": ""sedumi"", ""execution_environment"": ""matlab"", ""problem_class"": ""SDP""}"
1843,matlab_sdpt3,SDPT3-4.0-20240410 (MATLAB 24.1.0.2537033 (R2024a)),SDPLIB,gpp124-4,SDP,"{""cpu"": {""cpu_count"": 8, ""cpu_count_physical"": 8, ""processor"": ""arm"", ""architecture"": ""64bit""}, ""memory"": {""total_gb"": 24.0}, ""os"": {""system"": ""Darwin"", ""machine"": ""arm64"", ""release"": ""23.5.0""}, ""python"": {""implementation"": ""CPython"", ""version"": ""3.12.2"", ""version_info"": ""3.12.2""}, ""git"": {""commit_hash"": ""d31cb7532a216fdc91b3add7143ef51aa6679c9d""}, ""timezone"": {""timezone_name"": ""UTC"", ""utc_offset_hours"": 0.0}, ""timestamp"": 1752926592.0}",d31cb7532a216fdc91b3add7143ef51aa6679c9d,2025-07-22T15:41:27,0.7190450416666667,OPTIMAL,418.98759463635133,418.98760998623175,1.534988041385077e-05,5.62265250487158e-10,0.0,15,"{""matlab_output"": {""solver_name"": ""SDPT3"", ""status"": ""optimal"", ""solve_time"": 0.7190450416666667, ""setup_time"": [], ""iterations"": 15, ""primal_objective_value"": 418.98759463635133, ""dual_objective_value"": 418.98760998623175, ""duality_gap"": 1.534988041385077e-05, ""primal_infeasibility"": 5.62265250487158e-10, ""dual_infeasibility"": 0, ""solver_version"": ""SDPT3-4.0-20240410"", ""solver_options"": {}, ""termination_reason"": """", ""error_message"": """", ""timestamp"": ""2025-07-23 00:41:24"", ""matlab_version"": ""24.1.0.2537033 (R2024a)""}, ""matlab_version"": ""24.1.0.2537033 (R2024a)"", ""solver_backend"": ""sdpt3"", ""execution_environment"": ""matlab"", ""problem_class"": ""SDP""}"
1869,matlab_sedumi,SeDuMi-1.3.7 (MATLAB 24.1.0.2537033 (R2024a)),SDPLIB,gpp124-4,SDP,"{""cpu"": {""cpu_count"": 8, ""cpu_count_physical"": 8, ""processor"": ""arm"", ""architecture"": ""64bit""}, ""memory"": {""total_gb"": 24.0}, ""os"": {""system"": ""Darwin"", ""machine"": ""arm64"", ""release"": ""23.5.0""}, ""python"": {""implementation"": ""CPython"", ""version"": ""3.12.2"", ""version_info"": ""3.12.2""}, ""git"": {""commit_hash"": ""2ef15f0b24da1069f2b57592da99da5a647810c6""}, ""timezone"": {""timezone_name"": ""UTC"", ""utc_offset_hours"": 0.0}, ""timestamp"": 1752926592.0}",2ef15f0b24da1069f2b57592da99da5a647810c6,2025-07-22T15:45:19,1.2991055833333334,NUM_ERROR,418.9877644444689,418.9878255927038,6.114823491998322e-05,4.115301077190911e-07,3.607218879110399e-09,25,"{""matlab_output"": {""solver_name"": ""SeDuMi"", ""status"": ""num_error"", ""solve_time"": 1.2991055833333334, ""setup_time"": [], ""iterations"": 25, ""primal_objective_value"": 418.9877644444689, ""dual_objective_value"": 418.9878255927038, ""duality_gap"": 6.114823491998322e-05, ""primal_infeasibility"": 4.115301077190911e-07, ""dual_infeasibility"": 3.607218879110399e-09, ""solver_version"": ""SeDuMi-1.3.7"", ""solver_options"": {}, ""termination_reason"": """", ""error_message"": """", ""timestamp"": ""2025-07-23 00:45:16"", ""matlab_version"": ""24.1.0.2537033 (R2024a)""}, ""matlab_version"": ""24.1.0.2537033 (R2024a)"", ""solver_backend"": ""sedumi"", ""execution_environment"": ""matlab"", ""problem_class"": ""SDP""}"
1844,matlab_sdpt3,SDPT3-4.0-20240410 (MATLAB 24.1.0.2537033 (R2024a)),SDPLIB,gpp250-1,SDP,"{""cpu"": {""cpu_count"": 8, ""cpu_count_physical"": 8, ""processor"": ""arm"", ""architecture"": ""64bit""}, ""memory"": {""total_gb"": 24.0}, ""os"": {""system"": ""Darwin"", ""machine"": ""arm64"", ""release"": ""23.5.0""}, ""python"": {""implementation"": ""CPython"", ""version"": ""3.12.2"", ""version_info"": ""3.12.2""}, ""git"": {""commit_hash"": ""d31cb7532a216fdc91b3add7143ef51aa6679c9d""}, ""timezone"": {""timezone_name"": ""UTC"", ""utc_offset_hours"": 0.0}, ""timestamp"": 1752926592.0}",d31cb7532a216fdc91b3add7143ef51aa6679c9d,2025-07-22T15:41:33,1.305260125,UNKNOWN,15.444916745668474,15.444916791369133,4.5700659256908693e-08,8.619595094369608e-12,1.5998195761311495e-13,18,"{""matlab_output"": {""solver_name"": ""SDPT3"", ""status"": ""unknown"", ""solve_time"": 1.305260125, ""setup_time"": [], ""iterations"": 18, ""primal_objective_value"": 15.444916745668474, ""dual_objective_value"": 15.444916791369133, ""duality_gap"": 4.5700659256908693e-08, ""primal_infeasibility"": 8.619595094369608e-12, ""dual_infeasibility"": 1.5998195761311495e-13, ""solver_version"": ""SDPT3-4.0-20240410"", ""solver_options"": {}, ""termination_reason"": """", ""error_message"": """", ""timestamp"": ""2025-07-23 00:41:31"", ""matlab_version"": ""24.1.0.2537033 (R2024a)""}, ""matlab_version"": ""24.1.0.2537033 (R2024a)"", ""solver_backend"": ""sdpt3"", ""execution_environment"": ""matlab"", ""problem_class"": ""SDP""}"
1870,matlab_sedumi,SeDuMi-1.3.7 (MATLAB 24.1.0.2537033 (R2024a)),SDPLIB,gpp250-1,SDP,"{""cpu"": {""cpu_count"": 8, ""cpu_count_physical"": 8, ""processor"": ""arm"", ""architecture"": ""64bit""}, ""memory"": {""total_gb"": 24.0}, ""os"": {""system"": ""Darwin"", ""machine"": ""arm64"", ""release"": ""23.5.0""}, ""python"": {""implementation"": ""CPython"", ""version"": ""3.12.2"", ""version_info"": ""3.12.2""}, ""git"": {""commit_hash"": ""2ef15f0b24da1069f2b57592da99da5a647810c6""}, ""timezone"": {""timezone_name"": ""UTC"", ""utc_offset_hours"": 0.0}, ""timestamp"": 1752926592.0}",2ef15f0b24da1069f2b57592da99da5a647810c6,2025-07-22T15:45:27,3.5781583333333336,NUM_ERROR,15.444884449808155,15.4450291912657,0.00014474145754483914,7.773040500979703e-07,9.678959317803167e-09,25,"{""matlab_output"": {""solver_name"": ""SeDuMi"", ""status"": ""num_error"", ""solve_time"": 3.5781583333333336, ""setup_time"": [], ""iterations"": 25, ""primal_objective_value"": 15.444884449808155, ""dual_objective_value"": 15.4450291912657, ""duality_gap"": 0.00014474145754483914, ""primal_infeasibility"": 7.773040500979703e-07, ""dual_infeasibility"": 9.678959317803167e-09, ""solver_version"": ""SeDuMi-1.3.7"", ""solver_options"": {}, ""termination_reason"": """", ""error_message"": """", ""timestamp"": ""2025-07-23 00:45:25"", ""matlab_version"": ""24.1.0.2537033 (R2024a)""}, ""matlab_version"": ""24.1.0.2537033 (R2024a)"", ""solver_backend"": ""sedumi"", ""execution_environment"": ""matlab"", ""problem_class"": ""SDP""}"
1845,matlab_sdpt3,SDPT3-4.0-20240410 (MATLAB 24.1.0.2537033 (R2024a)),SDPLIB,gpp250-2,SDP,"{""cpu"": {""cpu_count"": 8, ""cpu_count_physical"": 8, ""processor"": ""arm"", ""architecture"": ""64bit""}, ""memory"": {""total_gb"": 24.0}, ""os"": {""system"": ""Darwin"", ""machine"": ""arm64"", ""release"": ""23.5.0""}, ""python"": {""implementation"": ""CPython"", ""version"": ""3.12.2"", ""version_info"": ""3.12.2""}, ""git"": {""commit_hash"": ""d31cb7532a216fdc91b3add7143ef51aa6679c9d""}, ""timezone"": {""timezone_name"": ""UTC"", ""utc_offset_hours"": 0.0}, ""timestamp"": 1752926592.0}",d31cb7532a216fdc91b3add7143ef51aa6679c9d,2025-07-22T15:41:41,1.0700413333333334,OPTIMAL,81.86895604876402,81.86895743427542,1.385511396279071e-06,1.2930217037292772e-10,1.5507764493660058e-14,16,"{""matlab_output"": {""solver_name"": ""SDPT3"", ""status"": ""optimal"", ""solve_time"": 1.0700413333333334, ""setup_time"": [], ""iterations"": 16, ""primal_objective_value"": 81.86895604876402, ""dual_objective_value"": 81.86895743427542, ""duality_gap"": 1.385511396279071e-06, ""primal_infeasibility"": 1.2930217037292772e-10, ""dual_infeasibility"": 1.5507764493660058e-14, ""solver_version"": ""SDPT3-4.0-20240410"", ""solver_options"": {}, ""termination_reason"": """", ""error_message"": """", ""timestamp"": ""2025-07-23 00:41:37"", ""matlab_version"": ""24.1.0.2537033 (R2024a)""}, ""matlab_version"": ""24.1.0.2537033 (R2024a)"", ""solver_backend"": ""sdpt3"", ""execution_environment"": ""matlab"", ""problem_class"": ""SDP""}"
1871,matlab_sedumi,SeDuMi-1.3.7 (MATLAB 24.1.0.2537033 (R2024a)),SDPLIB,gpp250-2,SDP,"{""cpu"": {""cpu_count"": 8, ""cpu_count_physical"": 8, ""processor"": ""arm"", ""architecture"": ""64bit""}, ""memory"": {""total_gb"": 24.0}, ""os"": {""system"": ""Darwin"", ""machine"": ""arm64"", ""release"": ""23.5.0""}, ""python"": {""implementation"": ""CPython"", ""version"": ""3.12.2"", ""version_info"": ""3.12.2""}, ""git"": {""commit_hash"": ""2ef15f0b24da1069f2b57592da99da5a647810c6""}, ""timezone"": {""timezone_name"": ""UTC"", ""utc_offset_hours"": 0.0}, ""timestamp"": 1752926592.0}",2ef15f0b24da1069f2b57592da99da5a647810c6,2025-07-22T15:45:36,3.7947375416666667,NUM_ERROR,81.86902025037489,81.86944910336783,0.00042885299293971,4.94138352678929e-07,1.1701289111328567e-08,25,"{""matlab_output"": {""solver_name"": ""SeDuMi"", ""status"": ""num_error"", ""solve_time"": 3.7947375416666667, ""setup_time"": [], ""iterations"": 25, ""primal_objective_value"": 81.86902025037489, ""dual_objective_value"": 81.86944910336783, ""duality_gap"": 0.00042885299293971, ""primal_infeasibility"": 4.94138352678929e-07, ""dual_infeasibility"": 1.1701289111328567e-08, ""solver_version"": ""SeDuMi-1.3.7"", ""solver_options"": {}, ""termination_reason"": """", ""error_message"": """", ""timestamp"": ""2025-07-23 00:45:34"", ""matlab_version"": ""24.1.0.2537033 (R2024a)""}, ""matlab_version"": ""24.1.0.2537033 (R2024a)"", ""solver_backend"": ""sedumi"", ""execution_environment"": ""matlab"", ""problem_class"": ""SDP""}"
1846,matlab_sdpt3,SDPT3-4.0-20240410 (MATLAB 24.1.0.2537033 (R2024a)),SDPLIB,gpp250-3,SDP,"{""cpu"": {""cpu_count"": 8, ""cpu_count_physical"": 8, ""processor"": ""arm"", ""architecture"": ""64bit""}, ""memory"": {""total_gb"": 24.0}, ""os"": {""system"": ""Darwin"", ""machine"": ""arm64"", ""release"": ""23.5.0""}, ""python"": {""implementation"": ""CPython"", ""version"": ""3.12.2"", ""version_info"": ""3.12.2""}, ""git"": {""commit_hash"": ""d31cb7532a216fdc91b3add7143ef51aa6679c9d""}, ""timezone"": {""timezone_name"": ""UTC"", ""utc_offset_hours"": 0.0}, ""timestamp"": 1752926592.0}",d31cb7532a216fdc91b3add7143ef51aa6679c9d,2025-07-22T15:41:48,1.0686595833333334,OPTIMAL,303.5393167017354,303.5393198675198,3.1657843919674633e-06,3.327821459253514e-10,0.0,15,"{""matlab_output"": {""solver_name"": ""SDPT3"", ""status"": ""optimal"", ""solve_time"": 1.0686595833333334, ""setup_time"": [], ""iterations"": 15, ""primal_objective_value"": 303.5393167017354, ""dual_objective_value"": 303.5393198675198, ""duality_gap"": 3.1657843919674633e-06, ""primal_infeasibility"": 3.327821459253514e-10, ""dual_infeasibility"": 0, ""solver_version"": ""SDPT3-4.0-20240410"", ""solver_options"": {}, ""termination_reason"": """", ""error_message"": """", ""timestamp"": ""2025-07-23 00:41:45"", ""matlab_version"": ""24.1.0.2537033 (R2024a)""}, ""matlab_version"": ""24.1.0.2537033 (R2024a)"", ""solver_backend"": ""sdpt3"", ""execution_environment"": ""matlab"", ""problem_class"": ""SDP""}"
1872,matlab_sedumi,SeDuMi-1.3.7 (MATLAB 24.1.0.2537033 (R2024a)),SDPLIB,gpp250-3,SDP,"{""cpu"": {""cpu_count"": 8, ""cpu_count_physical"": 8, ""processor"": ""arm"", ""architecture"": ""64bit""}, ""memory"": {""total_gb"": 24.0}, ""os"": {""system"": ""Darwin"", ""machine"": ""arm64"", ""release"": ""23.5.0""}, ""python"": {""implementation"": ""CPython"", ""version"": ""3.12.2"", ""version_info"": ""3.12.2""}, ""git"": {""commit_hash"": ""2ef15f0b24da1069f2b57592da99da5a647810c6""}, ""timezone"": {""timezone_name"": ""UTC"", ""utc_offset_hours"": 0.0}, ""timestamp"": 1752926592.0}",2ef15f0b24da1069f2b57592da99da5a647810c6,2025-07-22T15:45:46,4.021484041666667,NUM_ERROR,303.53929877505766,303.540211904581,0.0009131295233260062,5.409184861944874e-07,5.977453961703577e-09,26,"{""matlab_output"": {""solver_name"": ""SeDuMi"", ""status"": ""num_error"", ""solve_time"": 4.021484041666667, ""setup_time"": [], ""iterations"": 26, ""primal_objective_value"": 303.53929877505766, ""dual_objective_value"": 303.540211904581, ""duality_gap"": 0.0009131295233260062, ""primal_infeasibility"": 5.409184861944874e-07, ""dual_infeasibility"": 5.977453961703577e-09, ""solver_version"": ""SeDuMi-1.3.7"", ""solver_options"": {}, ""termination_reason"": """", ""error_message"": """", ""timestamp"": ""2025-07-23 00:45:43"", ""matlab_version"": ""24.1.0.2537033 (R2024a)""}, ""matlab_version"": ""24.1.0.2537033 (R2024a)"", ""solver_backend"": ""sedumi"", ""execution_environment"": ""matlab"", ""problem_class"": ""SDP""}"
1847,matlab_sdpt3,SDPT3-4.0-20240410 (MATLAB 24.1.0.2537033 (R2024a)),SDPLIB,gpp250-4,SDP,"{""cpu"": {""cpu_count"": 8, ""cpu_count_physical"": 8, ""processor"": ""arm"", ""architecture"": ""64bit""}, ""memory"": {""total_gb"": 24.0}, ""os"": {""system"": ""Darwin"", ""machine"": ""arm64"", ""release"": ""23.5.0""}, ""python"": {""implementation"": ""CPython"", ""version"": ""3.12.2"", ""version_info"": ""3.12.2""}, ""git"": {""commit_hash"": ""d31cb7532a216fdc91b3add7143ef51aa6679c9d""}, ""timezone"": {""timezone_name"": ""UTC"", ""utc_offset_hours"": 0.0}, ""timestamp"": 1752926592.0}",d31cb7532a216fdc91b3add7143ef51aa6679c9d,2025-07-22T15:41:54,0.9967734583333333,OPTIMAL,747.3283058391797,747.3283049708084,8.683713303980767e-07,2.2452130375841572e-10,0.0,14,"{""matlab_output"": {""solver_name"": ""SDPT3"", ""status"": ""optimal"", ""solve_time"": 0.9967734583333333, ""setup_time"": [], ""iterations"": 14, ""primal_objective_value"": 747.3283058391797, ""dual_objective_value"": 747.3283049708084, ""duality_gap"": 8.683713303980767e-07, ""primal_infeasibility"": 2.2452130375841572e-10, ""dual_infeasibility"": 0, ""solver_version"": ""SDPT3-4.0-20240410"", ""solver_options"": {}, ""termination_reason"": """", ""error_message"": """", ""timestamp"": ""2025-07-23 00:41:52"", ""matlab_version"": ""24.1.0.2537033 (R2024a)""}, ""matlab_version"": ""24.1.0.2537033 (R2024a)"", ""solver_backend"": ""sdpt3"", ""execution_environment"": ""matlab"", ""problem_class"": ""SDP""}"
1873,matlab_sedumi,SeDuMi-1.3.7 (MATLAB 24.1.0.2537033 (R2024a)),SDPLIB,gpp250-4,SDP,"{""cpu"": {""cpu_count"": 8, ""cpu_count_physical"": 8, ""processor"": ""arm"", ""architecture"": ""64bit""}, ""memory"": {""total_gb"": 24.0}, ""os"": {""system"": ""Darwin"", ""machine"": ""arm64"", ""release"": ""23.5.0""}, ""python"": {""implementation"": ""CPython"", ""version"": ""3.12.2"", ""version_info"": ""3.12.2""}, ""git"": {""commit_hash"": ""2ef15f0b24da1069f2b57592da99da5a647810c6""}, ""timezone"": {""timezone_name"": ""UTC"", ""utc_offset_hours"": 0.0}, ""timestamp"": 1752926592.0}",2ef15f0b24da1069f2b57592da99da5a647810c6,2025-07-22T15:45:55,3.3964448333333332,NUM_ERROR,747.328611326081,747.3286056221518,5.703929218725534e-06,1.5891172434487362e-06,1.0336478520663563e-09,24,"{""matlab_output"": {""solver_name"": ""SeDuMi"", ""status"": ""num_error"", ""solve_time"": 3.3964448333333332, ""setup_time"": [], ""iterations"": 24, ""primal_objective_value"": 747.328611326081, ""dual_objective_value"": 747.3286056221518, ""duality_gap"": 5.703929218725534e-06, ""primal_infeasibility"": 1.5891172434487362e-06, ""dual_infeasibility"": 1.0336478520663563e-09, ""solver_version"": ""SeDuMi-1.3.7"", ""solver_options"": {}, ""termination_reason"": """", ""error_message"": """", ""timestamp"": ""2025-07-23 00:45:52"", ""matlab_version"": ""24.1.0.2537033 (R2024a)""}, ""matlab_version"": ""24.1.0.2537033 (R2024a)"", ""solver_backend"": ""sedumi"", ""execution_environment"": ""matlab"", ""problem_class"": ""SDP""}"
1848,matlab_sdpt3,SDPT3-4.0-20240410 (MATLAB 24.1.0.2537033 (R2024a)),SDPLIB,gpp500-1,SDP,"{""cpu"": {""cpu_count"": 8, ""cpu_count_physical"": 8, ""processor"": ""arm"", ""architecture"": ""64bit""}, ""memory"": {""total_gb"": 24.0}, ""os"": {""system"": ""Darwin"", ""machine"": ""arm64"", ""release"": ""23.5.0""}, ""python"": {""implementation"": ""CPython"", ""version"": ""3.12.2"", ""version_info"": ""3.12.2""}, ""git"": {""commit_hash"": ""d31cb7532a216fdc91b3add7143ef51aa6679c9d""}, ""timezone"": {""timezone_name"": ""UTC"", ""utc_offset_hours"": 0.0}, ""timestamp"": 1752926592.0}",d31cb7532a216fdc91b3add7143ef51aa6679c9d,2025-07-22T15:42:04,2.947858166666667,NUM_ERROR,25.320546265113887,25.320543834359203,2.430754683757641e-06,3.084055027579803e-14,1.140507524262097e-12,22,"{""matlab_output"": {""solver_name"": ""SDPT3"", ""status"": ""num_error"", ""solve_time"": 2.947858166666667, ""setup_time"": [], ""iterations"": 22, ""primal_objective_value"": 25.320546265113887, ""dual_objective_value"": 25.320543834359203, ""duality_gap"": 2.430754683757641e-06, ""primal_infeasibility"": 3.084055027579803e-14, ""dual_infeasibility"": 1.140507524262097e-12, ""solver_version"": ""SDPT3-4.0-20240410"", ""solver_options"": {}, ""termination_reason"": """", ""error_message"": """", ""timestamp"": ""2025-07-23 00:42:01"", ""matlab_version"": ""24.1.0.2537033 (R2024a)""}, ""matlab_version"": ""24.1.0.2537033 (R2024a)"", ""solver_backend"": ""sdpt3"", ""execution_environment"": ""matlab"", ""problem_class"": ""SDP""}"
1874,matlab_sedumi,SeDuMi-1.3.7 (MATLAB 24.1.0.2537033 (R2024a)),SDPLIB,gpp500-1,SDP,"{""cpu"": {""cpu_count"": 8, ""cpu_count_physical"": 8, ""processor"": ""arm"", ""architecture"": ""64bit""}, ""memory"": {""total_gb"": 24.0}, ""os"": {""system"": ""Darwin"", ""machine"": ""arm64"", ""release"": ""23.5.0""}, ""python"": {""implementation"": ""CPython"", ""version"": ""3.12.2"", ""version_info"": ""3.12.2""}, ""git"": {""commit_hash"": ""2ef15f0b24da1069f2b57592da99da5a647810c6""}, ""timezone"": {""timezone_name"": ""UTC"", ""utc_offset_hours"": 0.0}, ""timestamp"": 1752926592.0}",2ef15f0b24da1069f2b57592da99da5a647810c6,2025-07-22T15:46:18,15.377118958333334,NUM_ERROR,25.320632841703226,25.322930361468835,0.0022975197656087687,1.1452090235982779e-06,3.397050009105795e-08,28,"{""matlab_output"": {""solver_name"": ""SeDuMi"", ""status"": ""num_error"", ""solve_time"": 15.377118958333334, ""setup_time"": [], ""iterations"": 28, ""primal_objective_value"": 25.320632841703226, ""dual_objective_value"": 25.322930361468835, ""duality_gap"": 0.0022975197656087687, ""primal_infeasibility"": 1.1452090235982779e-06, ""dual_infeasibility"": 3.397050009105795e-08, ""solver_version"": ""SeDuMi-1.3.7"", ""solver_options"": {}, ""termination_reason"": """", ""error_message"": """", ""timestamp"": ""2025-07-23 00:46:15"", ""matlab_version"": ""24.1.0.2537033 (R2024a)""}, ""matlab_version"": ""24.1.0.2537033 (R2024a)"", ""solver_backend"": ""sedumi"", ""execution_environment"": ""matlab"", ""problem_class"": ""SDP""}"
1849,matlab_sdpt3,SDPT3-4.0-20240410 (MATLAB 24.1.0.2537033 (R2024a)),SDPLIB,gpp500-2,SDP,"{""cpu"": {""cpu_count"": 8, ""cpu_count_physical"": 8, ""processor"": ""arm"", ""architecture"": ""64bit""}, ""memory"": {""total_gb"": 24.0}, ""os"": {""system"": ""Darwin"", ""machine"": ""arm64"", ""release"": ""23.5.0""}, ""python"": {""implementation"": ""CPython"", ""version"": ""3.12.2"", ""version_info"": ""3.12.2""}, ""git"": {""commit_hash"": ""d31cb7532a216fdc91b3add7143ef51aa6679c9d""}, ""timezone"": {""timezone_name"": ""UTC"", ""utc_offset_hours"": 0.0}, ""timestamp"": 1752926592.0}",d31cb7532a216fdc91b3add7143ef51aa6679c9d,2025-07-22T15:42:15,2.782814,OPTIMAL,156.06039007012993,156.06038734464326,2.725486666577126e-06,1.5107253167137408e-11,0.0,18,"{""matlab_output"": {""solver_name"": ""SDPT3"", ""status"": ""optimal"", ""solve_time"": 2.782814, ""setup_time"": [], ""iterations"": 18, ""primal_objective_value"": 156.06039007012993, ""dual_objective_value"": 156.06038734464326, ""duality_gap"": 2.725486666577126e-06, ""primal_infeasibility"": 1.5107253167137408e-11, ""dual_infeasibility"": 0, ""solver_version"": ""SDPT3-4.0-20240410"", ""solver_options"": {}, ""termination_reason"": """", ""error_message"": """", ""timestamp"": ""2025-07-23 00:42:11"", ""matlab_version"": ""24.1.0.2537033 (R2024a)""}, ""matlab_version"": ""24.1.0.2537033 (R2024a)"", ""solver_backend"": ""sdpt3"", ""execution_environment"": ""matlab"", ""problem_class"": ""SDP""}"
1875,matlab_sedumi,SeDuMi-1.3.7 (MATLAB 24.1.0.2537033 (R2024a)),SDPLIB,gpp500-2,SDP,"{""cpu"": {""cpu_count"": 8, ""cpu_count_physical"": 8, ""processor"": ""arm"", ""architecture"": ""64bit""}, ""memory"": {""total_gb"": 24.0}, ""os"": {""system"": ""Darwin"", ""machine"": ""arm64"", ""release"": ""23.5.0""}, ""python"": {""implementation"": ""CPython"", ""version"": ""3.12.2"", ""version_info"": ""3.12.2""}, ""git"": {""commit_hash"": ""2ef15f0b24da1069f2b57592da99da5a647810c6""}, ""timezone"": {""timezone_name"": ""UTC"", ""utc_offset_hours"": 0.0}, ""timestamp"": 1752926592.0}",2ef15f0b24da1069f2b57592da99da5a647810c6,2025-07-22T15:46:41,15.842044375,NUM_ERROR,156.06069685644727,156.0654106456209,0.004713789173621308,5.653736676264694e-07,2.731499527461661e-08,27,"{""matlab_output"": {""solver_name"": ""SeDuMi"", ""status"": ""num_error"", ""solve_time"": 15.842044375, ""setup_time"": [], ""iterations"": 27, ""primal_objective_value"": 156.06069685644727, ""dual_objective_value"": 156.0654106456209, ""duality_gap"": 0.004713789173621308, ""primal_infeasibility"": 5.653736676264694e-07, ""dual_infeasibility"": 2.731499527461661e-08, ""solver_version"": ""SeDuMi-1.3.7"", ""solver_options"": {}, ""termination_reason"": """", ""error_message"": """", ""timestamp"": ""2025-07-23 00:46:38"", ""matlab_version"": ""24.1.0.2537033 (R2024a)""}, ""matlab_version"": ""24.1.0.2537033 (R2024a)"", ""solver_backend"": ""sedumi"", ""execution_environment"": ""matlab"", ""problem_class"": ""SDP""}"
1850,matlab_sdpt3,SDPT3-4.0-20240410 (MATLAB 24.1.0.2537033 (R2024a)),SDPLIB,gpp500-3,SDP,"{""cpu"": {""cpu_count"": 8, ""cpu_count_physical"": 8, ""processor"": ""arm"", ""architecture"": ""64bit""}, ""memory"": {""total_gb"": 24.0}, ""os"": {""system"": ""Darwin"", ""machine"": ""arm64"", ""release"": ""23.5.0""}, ""python"": {""implementation"": ""CPython"", ""version"": ""3.12.2"", ""version_info"": ""3.12.2""}, ""git"": {""commit_hash"": ""d31cb7532a216fdc91b3add7143ef51aa6679c9d""}, ""timezone"": {""timezone_name"": ""UTC"", ""utc_offset_hours"": 0.0}, ""timestamp"": 1752926592.0}",d31cb7532a216fdc91b3add7143ef51aa6679c9d,2025-07-22T15:42:26,2.2795346666666667,OPTIMAL,513.0176090027193,513.0176019918591,7.010860144873732e-06,4.510660770051609e-12,0.0,16,"{""matlab_output"": {""solver_name"": ""SDPT3"", ""status"": ""optimal"", ""solve_time"": 2.2795346666666667, ""setup_time"": [], ""iterations"": 16, ""primal_objective_value"": 513.0176090027193, ""dual_objective_value"": 513.0176019918591, ""duality_gap"": 7.010860144873732e-06, ""primal_infeasibility"": 4.510660770051609e-12, ""dual_infeasibility"": 0, ""solver_version"": ""SDPT3-4.0-20240410"", ""solver_options"": {}, ""termination_reason"": """", ""error_message"": """", ""timestamp"": ""2025-07-23 00:42:22"", ""matlab_version"": ""24.1.0.2537033 (R2024a)""}, ""matlab_version"": ""24.1.0.2537033 (R2024a)"", ""solver_backend"": ""sdpt3"", ""execution_environment"": ""matlab"", ""problem_class"": ""SDP""}"
1876,matlab_sedumi,SeDuMi-1.3.7 (MATLAB 24.1.0.2537033 (R2024a)),SDPLIB,gpp500-3,SDP,"{""cpu"": {""cpu_count"": 8, ""cpu_count_physical"": 8, ""processor"": ""arm"", ""architecture"": ""64bit""}, ""memory"": {""total_gb"": 24.0}, ""os"": {""system"": ""Darwin"", ""machine"": ""arm64"", ""release"": ""23.5.0""}, ""python"": {""implementation"": ""CPython"", ""version"": ""3.12.2"", ""version_info"": ""3.12.2""}, ""git"": {""commit_hash"": ""2ef15f0b24da1069f2b57592da99da5a647810c6""}, ""timezone"": {""timezone_name"": ""UTC"", ""utc_offset_hours"": 0.0}, ""timestamp"": 1752926592.0}",2ef15f0b24da1069f2b57592da99da5a647810c6,2025-07-22T15:47:06,18.165691125,NUM_ERROR,513.0180735864465,513.0180749365385,1.3500920204023714e-06,4.4434696313909057e-07,1.0333092976055663e-09,27,"{""matlab_output"": {""solver_name"": ""SeDuMi"", ""status"": ""num_error"", ""solve_time"": 18.165691125, ""setup_time"": [], ""iterations"": 27, ""primal_objective_value"": 513.0180735864465, ""dual_objective_value"": 513.0180749365385, ""duality_gap"": 1.3500920204023714e-06, ""primal_infeasibility"": 4.4434696313909057e-07, ""dual_infeasibility"": 1.0333092976055663e-09, ""solver_version"": ""SeDuMi-1.3.7"", ""solver_options"": {}, ""termination_reason"": """", ""error_message"": """", ""timestamp"": ""2025-07-23 00:47:04"", ""matlab_version"": ""24.1.0.2537033 (R2024a)""}, ""matlab_version"": ""24.1.0.2537033 (R2024a)"", ""solver_backend"": ""sedumi"", ""execution_environment"": ""matlab"", ""problem_class"": ""SDP""}"
1851,matlab_sdpt3,SDPT3-4.0-20240410 (MATLAB 24.1.0.2537033 (R2024a)),SDPLIB,gpp500-4,SDP,"{""cpu"": {""cpu_count"": 8, ""cpu_count_physical"": 8, ""processor"": ""arm"", ""architecture"": ""64bit""}, ""memory"": {""total_gb"": 24.0}, ""os"": {""system"": ""Darwin"", ""machine"": ""arm64"", ""release"": ""23.5.0""}, ""python"": {""implementation"": ""CPython"", ""version"": ""3.12.2"", ""version_info"": ""3.12.2""}, ""git"": {""commit_hash"": ""d31cb7532a216fdc91b3add7143ef51aa6679c9d""}, ""timezone"": {""timezone_name"": ""UTC"", ""utc_offset_hours"": 0.0}, ""timestamp"": 1752926592.0}",d31cb7532a216fdc91b3add7143ef51aa6679c9d,2025-07-22T15:42:37,2.642140875,OPTIMAL,1567.0187951883258,1567.0187917942853,3.3940405046450906e-06,8.670520994656674e-12,0.0,17,"{""matlab_output"": {""solver_name"": ""SDPT3"", ""status"": ""optimal"", ""solve_time"": 2.642140875, ""setup_time"": [], ""iterations"": 17, ""primal_objective_value"": 1567.0187951883258, ""dual_objective_value"": 1567.0187917942853, ""duality_gap"": 3.3940405046450906e-06, ""primal_infeasibility"": 8.670520994656674e-12, ""dual_infeasibility"": 0, ""solver_version"": ""SDPT3-4.0-20240410"", ""solver_options"": {}, ""termination_reason"": """", ""error_message"": """", ""timestamp"": ""2025-07-23 00:42:34"", ""matlab_version"": ""24.1.0.2537033 (R2024a)""}, ""matlab_version"": ""24.1.0.2537033 (R2024a)"", ""solver_backend"": ""sdpt3"", ""execution_environment"": ""matlab"", ""problem_class"": ""SDP""}"
1877,matlab_sedumi,SeDuMi-1.3.7 (MATLAB 24.1.0.2537033 (R2024a)),SDPLIB,gpp500-4,SDP,"{""cpu"": {""cpu_count"": 8, ""cpu_count_physical"": 8, ""processor"": ""arm"", ""architecture"": ""64bit""}, ""memory"": {""total_gb"": 24.0}, ""os"": {""system"": ""Darwin"", ""machine"": ""arm64"", ""release"": ""23.5.0""}, ""python"": {""implementation"": ""CPython"", ""version"": ""3.12.2"", ""version_info"": ""3.12.2""}, ""git"": {""commit_hash"": ""2ef15f0b24da1069f2b57592da99da5a647810c6""}, ""timezone"": {""timezone_name"": ""UTC"", ""utc_offset_hours"": 0.0}, ""timestamp"": 1752926592.0}",2ef15f0b24da1069f2b57592da99da5a647810c6,2025-07-22T15:47:28,15.819546916666667,NUM_ERROR,1567.0194253372717,1567.026642378539,0.007217041267267632,3.401601219505255e-07,3.479858546976129e-09,26,"{""matlab_output"": {""solver_name"": ""SeDuMi"", ""status"": ""num_error"", ""solve_time"": 15.819546916666667, ""setup_time"": [], ""iterations"": 26, ""primal_objective_value"": 1567.0194253372717, ""dual_objective_value"": 1567.026642378539, ""duality_gap"": 0.007217041267267632, ""primal_infeasibility"": 3.401601219505255e-07, ""dual_infeasibility"": 3.479858546976129e-09, ""solver_version"": ""SeDuMi-1.3.7"", ""solver_options"": {}, ""termination_reason"": """", ""error_message"": """", ""timestamp"": ""2025-07-23 00:47:26"", ""matlab_version"": ""24.1.0.2537033 (R2024a)""}, ""matlab_version"": ""24.1.0.2537033 (R2024a)"", ""solver_backend"": ""sedumi"", ""execution_environment"": ""matlab"", ""problem_class"": ""SDP""}"
1000,cvxpy_clarabel,cvxpy-1.6.5-CLARABEL-0.11.0,SDPLIB,hinf1,SDP,"{""cpu"": {""cpu_count"": 8, ""cpu_count_physical"": 8, ""processor"": ""arm"", ""architecture"": ""64bit""}, ""memory"": {""total_gb"": 24.0}, ""os"": {""system"": ""Darwin"", ""machine"": ""arm64"", ""release"": ""23.5.0""}, ""python"": {""implementation"": ""CPython"", ""version"": ""3.12.2"", ""version_info"": ""3.12.2""}, ""git"": {""commit_hash"": ""443b599dca6666ab5976e2cf184c9398d48cda2b""}, ""timezone"": {""timezone_name"": ""UTC"", ""utc_offset_hours"": 0.0}, ""timestamp"": 1752416768.0}",443b599dca6666ab5976e2cf184c9398d48cda2b,2025-07-18T11:55:01,0.005572795867919922,OPTIMAL,-2.0326681219679923,-2.0326681159848516,-5.983140649590268e-09,1.5142732808798136e-09,5.8528406408805414e-08,27,"{""solver_solve_time"": 0.002366377, ""problem_class"": ""SDP""}"
1001,cvxpy_cvxopt,unknown,SDPLIB,hinf1,SDP,"{""cpu"": {""cpu_count"": 8, ""cpu_count_physical"": 8, ""processor"": ""arm"", ""architecture"": ""64bit""}, ""memory"": {""total_gb"": 24.0}, ""os"": {""system"": ""Darwin"", ""machine"": ""arm64"", ""release"": ""23.5.0""}, ""python"": {""implementation"": ""CPython"", ""version"": ""3.12.2"", ""version_info"": ""3.12.2""}, ""git"": {""commit_hash"": ""443b599dca6666ab5976e2cf184c9398d48cda2b""}, ""timezone"": {""timezone_name"": ""UTC"", ""utc_offset_hours"": 0.0}, ""timestamp"": 1752416768.0}",443b599dca6666ab5976e2cf184c9398d48cda2b,2025-07-18T11:55:01,0.05380678176879883,ERROR,,,,,,,"{""error_message"": ""Solver 'CVXOPT' failed. Try another solver, or solve with verbose=True for more information."", ""problem_class"": ""SDP""}"
1004,cvxpy_ecos,cvxpy-1.6.5-ECOS-2.0.14,SDPLIB,hinf1,SDP,"{""cpu"": {""cpu_count"": 8, ""cpu_count_physical"": 8, ""processor"": ""arm"", ""architecture"": ""64bit""}, ""memory"": {""total_gb"": 24.0}, ""os"": {""system"": ""Darwin"", ""machine"": ""arm64"", ""release"": ""23.5.0""}, ""python"": {""implementation"": ""CPython"", ""version"": ""3.12.2"", ""version_info"": ""3.12.2""}, ""git"": {""commit_hash"": ""443b599dca6666ab5976e2cf184c9398d48cda2b""}, ""timezone"": {""timezone_name"": ""UTC"", ""utc_offset_hours"": 0.0}, ""timestamp"": 1752416768.0}",443b599dca6666ab5976e2cf184c9398d48cda2b,2025-07-18T11:55:13,,UNSUPPORTED,,,,,,,"{""reason"": ""Solver does not support SDP problems"", ""problem_type"": ""SDP"", ""problem_class"": ""SDP""}"
1005,cvxpy_highs,cvxpy-1.6.5-HIGHS-1.11.0,SDPLIB,hinf1,SDP,"{""cpu"": {""cpu_count"": 8, ""cpu_count_physical"": 8, ""processor"": ""arm"", ""architecture"": ""64bit""}, ""memory"": {""total_gb"": 24.0}, ""os"": {""system"": ""Darwin"", ""machine"": ""arm64"", ""release"": ""23.5.0""}, ""python"": {""implementation"": ""CPython"", ""version"": ""3.12.2"", ""version_info"": ""3.12.2""}, ""git"": {""commit_hash"": ""443b599dca6666ab5976e2cf184c9398d48cda2b""}, ""timezone"": {""timezone_name"": ""UTC"", ""utc_offset_hours"": 0.0}, ""timestamp"": 1752416768.0}",443b599dca6666ab5976e2cf184c9398d48cda2b,2025-07-18T11:55:13,,UNSUPPORTED,,,,,,,"{""reason"": ""Solver does not support SDP problems"", ""problem_type"": ""SDP"", ""problem_class"": ""SDP""}"
1006,cvxpy_osqp,cvxpy-1.6.5-OSQP-1.0.4,SDPLIB,hinf1,SDP,"{""cpu"": {""cpu_count"": 8, ""cpu_count_physical"": 8, ""processor"": ""arm"", ""architecture"": ""64bit""}, ""memory"": {""total_gb"": 24.0}, ""os"": {""system"": ""Darwin"", ""machine"": ""arm64"", ""release"": ""23.5.0""}, ""python"": {""implementation"": ""CPython"", ""version"": ""3.12.2"", ""version_info"": ""3.12.2""}, ""git"": {""commit_hash"": ""443b599dca6666ab5976e2cf184c9398d48cda2b""}, ""timezone"": {""timezone_name"": ""UTC"", ""utc_offset_hours"": 0.0}, ""timestamp"": 1752416768.0}",443b599dca6666ab5976e2cf184c9398d48cda2b,2025-07-18T11:55:13,,UNSUPPORTED,,,,,,,"{""reason"": ""Solver does not support SDP problems"", ""problem_type"": ""SDP"", ""problem_class"": ""SDP""}"
1007,cvxpy_scip,cvxpy-1.6.5-SCIP-5.5.0,SDPLIB,hinf1,SDP,"{""cpu"": {""cpu_count"": 8, ""cpu_count_physical"": 8, ""processor"": ""arm"", ""architecture"": ""64bit""}, ""memory"": {""total_gb"": 24.0}, ""os"": {""system"": ""Darwin"", ""machine"": ""arm64"", ""release"": ""23.5.0""}, ""python"": {""implementation"": ""CPython"", ""version"": ""3.12.2"", ""version_info"": ""3.12.2""}, ""git"": {""commit_hash"": ""443b599dca6666ab5976e2cf184c9398d48cda2b""}, ""timezone"": {""timezone_name"": ""UTC"", ""utc_offset_hours"": 0.0}, ""timestamp"": 1752416768.0}",443b599dca6666ab5976e2cf184c9398d48cda2b,2025-07-18T11:55:13,,UNSUPPORTED,,,,,,,"{""reason"": ""Solver does not support SDP problems"", ""problem_type"": ""SDP"", ""problem_class"": ""SDP""}"
1002,cvxpy_scs,cvxpy-1.6.5-SCS-3.2.7.post2,SDPLIB,hinf1,SDP,"{""cpu"": {""cpu_count"": 8, ""cpu_count_physical"": 8, ""processor"": ""arm"", ""architecture"": ""64bit""}, ""memory"": {""total_gb"": 24.0}, ""os"": {""system"": ""Darwin"", ""machine"": ""arm64"", ""release"": ""23.5.0""}, ""python"": {""implementation"": ""CPython"", ""version"": ""3.12.2"", ""version_info"": ""3.12.2""}, ""git"": {""commit_hash"": ""443b599dca6666ab5976e2cf184c9398d48cda2b""}, ""timezone"": {""timezone_name"": ""UTC"", ""utc_offset_hours"": 0.0}, ""timestamp"": 1752416768.0}",443b599dca6666ab5976e2cf184c9398d48cda2b,2025-07-18T11:55:02,0.5455272197723389,OPTIMAL (INACCURATE),-2.034025995512536,-2.033865317055243,-0.00016067845729317298,2.999590308495669e-06,0.0,100000,"{""solver_solve_time"": 0.541413458, ""problem_class"": ""SDP""}"
1003,cvxpy_sdpa,cvxpy-1.6.5-SDPA-0.2.2,SDPLIB,hinf1,SDP,"{""cpu"": {""cpu_count"": 8, ""cpu_count_physical"": 8, ""processor"": ""arm"", ""architecture"": ""64bit""}, ""memory"": {""total_gb"": 24.0}, ""os"": {""system"": ""Darwin"", ""machine"": ""arm64"", ""release"": ""23.5.0""}, ""python"": {""implementation"": ""CPython"", ""version"": ""3.12.2"", ""version_info"": ""3.12.2""}, ""git"": {""commit_hash"": ""443b599dca6666ab5976e2cf184c9398d48cda2b""}, ""timezone"": {""timezone_name"": ""UTC"", ""utc_offset_hours"": 0.0}, ""timestamp"": 1752416768.0}",443b599dca6666ab5976e2cf184c9398d48cda2b,2025-07-18T11:55:02,0.008548974990844727,OPTIMAL,-2.0326162960518173,-2.0326162960518173,0.0,3.967316966357652e-09,0.0,,"{""iteration_info_limitation"": ""SDPA does not provide iteration count through CVXPY"", ""solver_solve_time"": null, ""problem_class"": ""SDP""}"
1614,matlab_sdpt3,SDPT3-4.0-20240410 (MATLAB 24.1.0.2537033 (R2024a)),SDPLIB,hinf1,SDP,"{""cpu"": {""cpu_count"": 8, ""cpu_count_physical"": 8, ""processor"": ""arm"", ""architecture"": ""64bit""}, ""memory"": {""total_gb"": 24.0}, ""os"": {""system"": ""Darwin"", ""machine"": ""arm64"", ""release"": ""23.5.0""}, ""python"": {""implementation"": ""CPython"", ""version"": ""3.12.2"", ""version_info"": ""3.12.2""}, ""git"": {""commit_hash"": ""96ca043787ef8c38515cfa8d108d16b61b823e04""}, ""timezone"": {""timezone_name"": ""UTC"", ""utc_offset_hours"": 0.0}, ""timestamp"": 1752926592.0}",96ca043787ef8c38515cfa8d108d16b61b823e04,2025-07-19T14:02:34,0.37224925,UNKNOWN,-2.0327304439087186,-2.032679460642064,5.098326665464725e-05,2.666994274501407e-08,0.0,22,"{""matlab_output"": {""solver_name"": ""SDPT3"", ""status"": ""unknown"", ""solve_time"": 0.37224925, ""setup_time"": [], ""iterations"": 22, ""primal_objective_value"": -2.0327304439087186, ""dual_objective_value"": -2.032679460642064, ""duality_gap"": 5.098326665464725e-05, ""primal_infeasibility"": 2.666994274501407e-08, ""dual_infeasibility"": 0, ""solver_version"": ""SDPT3-4.0-20240410"", ""solver_options"": {}, ""termination_reason"": """", ""error_message"": """", ""timestamp"": ""2025-07-19 23:02:32"", ""matlab_version"": ""24.1.0.2537033 (R2024a)""}, ""matlab_version"": ""24.1.0.2537033 (R2024a)"", ""solver_backend"": ""sdpt3"", ""execution_environment"": ""matlab"", ""problem_class"": ""SDP""}"
1471,matlab_sedumi,SeDuMi-1.3.7 (MATLAB 24.1.0.2537033 (R2024a)),SDPLIB,hinf1,SDP,"{""cpu"": {""cpu_count"": 8, ""cpu_count_physical"": 8, ""processor"": ""arm"", ""architecture"": ""64bit""}, ""memory"": {""total_gb"": 24.0}, ""os"": {""system"": ""Darwin"", ""machine"": ""arm64"", ""release"": ""23.5.0""}, ""python"": {""implementation"": ""CPython"", ""version"": ""3.12.2"", ""version_info"": ""3.12.2""}, ""git"": {""commit_hash"": ""96ca043787ef8c38515cfa8d108d16b61b823e04""}, ""timezone"": {""timezone_name"": ""UTC"", ""utc_offset_hours"": 0.0}, ""timestamp"": 1752926592.0}",96ca043787ef8c38515cfa8d108d16b61b823e04,2025-07-19T12:38:35,0.38086575,NUM_ERROR,-2.032702691217913,-2.0326573971090376,4.5294108875548744e-05,1.1139356829973714e-08,0.0,24,"{""matlab_output"": {""solver_name"": ""SeDuMi"", ""status"": ""num_error"", ""solve_time"": 0.38086575, ""setup_time"": [], ""iterations"": 24, ""primal_objective_value"": -2.032702691217913, ""dual_objective_value"": -2.0326573971090376, ""duality_gap"": 4.5294108875548744e-05, ""primal_infeasibility"": 1.1139356829973714e-08, ""dual_infeasibility"": 0, ""solver_version"": ""SeDuMi-1.3.7"", ""solver_options"": {}, ""termination_reason"": """", ""error_message"": """", ""timestamp"": ""2025-07-19 21:38:32"", ""matlab_version"": ""24.1.0.2537033 (R2024a)""}, ""matlab_version"": ""24.1.0.2537033 (R2024a)"", ""solver_backend"": ""sedumi"", ""execution_environment"": ""matlab"", ""problem_class"": ""SDP""}"
1008,scipy_linprog,scipy-1.15.3,SDPLIB,hinf1,SDP,"{""cpu"": {""cpu_count"": 8, ""cpu_count_physical"": 8, ""processor"": ""arm"", ""architecture"": ""64bit""}, ""memory"": {""total_gb"": 24.0}, ""os"": {""system"": ""Darwin"", ""machine"": ""arm64"", ""release"": ""23.5.0""}, ""python"": {""implementation"": ""CPython"", ""version"": ""3.12.2"", ""version_info"": ""3.12.2""}, ""git"": {""commit_hash"": ""443b599dca6666ab5976e2cf184c9398d48cda2b""}, ""timezone"": {""timezone_name"": ""UTC"", ""utc_offset_hours"": 0.0}, ""timestamp"": 1752416768.0}",443b599dca6666ab5976e2cf184c9398d48cda2b,2025-07-18T11:55:13,,UNSUPPORTED,,,,,,,"{""reason"": ""Solver does not support SDP problems"", ""problem_type"": ""SDP"", ""problem_class"": ""SDP""}"
923,cvxpy_clarabel,cvxpy-1.6.5-CLARABEL-0.11.0,SDPLIB,hinf10,SDP,"{""cpu"": {""cpu_count"": 8, ""cpu_count_physical"": 8, ""processor"": ""arm"", ""architecture"": ""64bit""}, ""memory"": {""total_gb"": 24.0}, ""os"": {""system"": ""Darwin"", ""machine"": ""arm64"", ""release"": ""23.5.0""}, ""python"": {""implementation"": ""CPython"", ""version"": ""3.12.2"", ""version_info"": ""3.12.2""}, ""git"": {""commit_hash"": ""443b599dca6666ab5976e2cf184c9398d48cda2b""}, ""timezone"": {""timezone_name"": ""UTC"", ""utc_offset_hours"": 0.0}, ""timestamp"": 1752416768.0}",443b599dca6666ab5976e2cf184c9398d48cda2b,2025-07-16T15:22:57,0.006523847579956055,OPTIMAL (INACCURATE),-108.78737562810723,-108.78736989216672,-5.73594050479187e-06,7.50016586494756e-08,8.372072031670971e-08,24,"{""solver_solve_time"": 0.003101377, ""problem_class"": ""SDP""}"
924,cvxpy_cvxopt,unknown,SDPLIB,hinf10,SDP,"{""cpu"": {""cpu_count"": 8, ""cpu_count_physical"": 8, ""processor"": ""arm"", ""architecture"": ""64bit""}, ""memory"": {""total_gb"": 24.0}, ""os"": {""system"": ""Darwin"", ""machine"": ""arm64"", ""release"": ""23.5.0""}, ""python"": {""implementation"": ""CPython"", ""version"": ""3.12.2"", ""version_info"": ""3.12.2""}, ""git"": {""commit_hash"": ""443b599dca6666ab5976e2cf184c9398d48cda2b""}, ""timezone"": {""timezone_name"": ""UTC"", ""utc_offset_hours"": 0.0}, ""timestamp"": 1752416768.0}",443b599dca6666ab5976e2cf184c9398d48cda2b,2025-07-16T15:22:57,0.0596768856048584,ERROR,,,,,,,"{""error_message"": ""Solver 'CVXOPT' failed. Try another solver, or solve with verbose=True for more information."", ""problem_class"": ""SDP""}"
927,cvxpy_ecos,cvxpy-1.6.5-ECOS-2.0.14,SDPLIB,hinf10,SDP,"{""cpu"": {""cpu_count"": 8, ""cpu_count_physical"": 8, ""processor"": ""arm"", ""architecture"": ""64bit""}, ""memory"": {""total_gb"": 24.0}, ""os"": {""system"": ""Darwin"", ""machine"": ""arm64"", ""release"": ""23.5.0""}, ""python"": {""implementation"": ""CPython"", ""version"": ""3.12.2"", ""version_info"": ""3.12.2""}, ""git"": {""commit_hash"": ""443b599dca6666ab5976e2cf184c9398d48cda2b""}, ""timezone"": {""timezone_name"": ""UTC"", ""utc_offset_hours"": 0.0}, ""timestamp"": 1752416768.0}",443b599dca6666ab5976e2cf184c9398d48cda2b,2025-07-16T15:23:11,,UNSUPPORTED,,,,,,,"{""reason"": ""Solver does not support SDP problems"", ""problem_type"": ""SDP"", ""problem_class"": ""SDP""}"
928,cvxpy_highs,cvxpy-1.6.5-HIGHS-1.11.0,SDPLIB,hinf10,SDP,"{""cpu"": {""cpu_count"": 8, ""cpu_count_physical"": 8, ""processor"": ""arm"", ""architecture"": ""64bit""}, ""memory"": {""total_gb"": 24.0}, ""os"": {""system"": ""Darwin"", ""machine"": ""arm64"", ""release"": ""23.5.0""}, ""python"": {""implementation"": ""CPython"", ""version"": ""3.12.2"", ""version_info"": ""3.12.2""}, ""git"": {""commit_hash"": ""443b599dca6666ab5976e2cf184c9398d48cda2b""}, ""timezone"": {""timezone_name"": ""UTC"", ""utc_offset_hours"": 0.0}, ""timestamp"": 1752416768.0}",443b599dca6666ab5976e2cf184c9398d48cda2b,2025-07-16T15:23:11,,UNSUPPORTED,,,,,,,"{""reason"": ""Solver does not support SDP problems"", ""problem_type"": ""SDP"", ""problem_class"": ""SDP""}"
929,cvxpy_osqp,cvxpy-1.6.5-OSQP-1.0.4,SDPLIB,hinf10,SDP,"{""cpu"": {""cpu_count"": 8, ""cpu_count_physical"": 8, ""processor"": ""arm"", ""architecture"": ""64bit""}, ""memory"": {""total_gb"": 24.0}, ""os"": {""system"": ""Darwin"", ""machine"": ""arm64"", ""release"": ""23.5.0""}, ""python"": {""implementation"": ""CPython"", ""version"": ""3.12.2"", ""version_info"": ""3.12.2""}, ""git"": {""commit_hash"": ""443b599dca6666ab5976e2cf184c9398d48cda2b""}, ""timezone"": {""timezone_name"": ""UTC"", ""utc_offset_hours"": 0.0}, ""timestamp"": 1752416768.0}",443b599dca6666ab5976e2cf184c9398d48cda2b,2025-07-16T15:23:11,,UNSUPPORTED,,,,,,,"{""reason"": ""Solver does not support SDP problems"", ""problem_type"": ""SDP"", ""problem_class"": ""SDP""}"
930,cvxpy_scip,cvxpy-1.6.5-SCIP-5.5.0,SDPLIB,hinf10,SDP,"{""cpu"": {""cpu_count"": 8, ""cpu_count_physical"": 8, ""processor"": ""arm"", ""architecture"": ""64bit""}, ""memory"": {""total_gb"": 24.0}, ""os"": {""system"": ""Darwin"", ""machine"": ""arm64"", ""release"": ""23.5.0""}, ""python"": {""implementation"": ""CPython"", ""version"": ""3.12.2"", ""version_info"": ""3.12.2""}, ""git"": {""commit_hash"": ""443b599dca6666ab5976e2cf184c9398d48cda2b""}, ""timezone"": {""timezone_name"": ""UTC"", ""utc_offset_hours"": 0.0}, ""timestamp"": 1752416768.0}",443b599dca6666ab5976e2cf184c9398d48cda2b,2025-07-16T15:23:11,,UNSUPPORTED,,,,,,,"{""reason"": ""Solver does not support SDP problems"", ""problem_type"": ""SDP"", ""problem_class"": ""SDP""}"
925,cvxpy_scs,cvxpy-1.6.5-SCS-3.2.7.post2,SDPLIB,hinf10,SDP,"{""cpu"": {""cpu_count"": 8, ""cpu_count_physical"": 8, ""processor"": ""arm"", ""architecture"": ""64bit""}, ""memory"": {""total_gb"": 24.0}, ""os"": {""system"": ""Darwin"", ""machine"": ""arm64"", ""release"": ""23.5.0""}, ""python"": {""implementation"": ""CPython"", ""version"": ""3.12.2"", ""version_info"": ""3.12.2""}, ""git"": {""commit_hash"": ""443b599dca6666ab5976e2cf184c9398d48cda2b""}, ""timezone"": {""timezone_name"": ""UTC"", ""utc_offset_hours"": 0.0}, ""timestamp"": 1752416768.0}",443b599dca6666ab5976e2cf184c9398d48cda2b,2025-07-16T15:22:57,0.7690088748931885,OPTIMAL,-109.67066975246388,-109.6700504066821,-0.0006193457817857961,2.294628633625865e-06,3.7480545771311504e-06,97050,"{""solver_solve_time"": 0.765419125, ""problem_class"": ""SDP""}"
926,cvxpy_sdpa,cvxpy-1.6.5-SDPA-0.2.2,SDPLIB,hinf10,SDP,"{""cpu"": {""cpu_count"": 8, ""cpu_count_physical"": 8, ""processor"": ""arm"", ""architecture"": ""64bit""}, ""memory"": {""total_gb"": 24.0}, ""os"": {""system"": ""Darwin"", ""machine"": ""arm64"", ""release"": ""23.5.0""}, ""python"": {""implementation"": ""CPython"", ""version"": ""3.12.2"", ""version_info"": ""3.12.2""}, ""git"": {""commit_hash"": ""443b599dca6666ab5976e2cf184c9398d48cda2b""}, ""timezone"": {""timezone_name"": ""UTC"", ""utc_offset_hours"": 0.0}, ""timestamp"": 1752416768.0}",443b599dca6666ab5976e2cf184c9398d48cda2b,2025-07-16T15:22:57,0.012375831604003906,OPTIMAL (INACCURATE),-108.86347113724204,-108.78673318394273,-0.07673795329931465,8.231747852466604e-07,0.0,,"{""iteration_info_limitation"": ""SDPA does not provide iteration count through CVXPY"", ""solver_solve_time"": null, ""problem_class"": ""SDP""}"
1623,matlab_sdpt3,SDPT3-4.0-20240410 (MATLAB 24.1.0.2537033 (R2024a)),SDPLIB,hinf10,SDP,"{""cpu"": {""cpu_count"": 8, ""cpu_count_physical"": 8, ""processor"": ""arm"", ""architecture"": ""64bit""}, ""memory"": {""total_gb"": 24.0}, ""os"": {""system"": ""Darwin"", ""machine"": ""arm64"", ""release"": ""23.5.0""}, ""python"": {""implementation"": ""CPython"", ""version"": ""3.12.2"", ""version_info"": ""3.12.2""}, ""git"": {""commit_hash"": ""96ca043787ef8c38515cfa8d108d16b61b823e04""}, ""timezone"": {""timezone_name"": ""UTC"", ""utc_offset_hours"": 0.0}, ""timestamp"": 1752926592.0}",96ca043787ef8c38515cfa8d108d16b61b823e04,2025-07-19T14:03:23,0.365393375,UNKNOWN,-108.7683048840259,-108.77818212309559,0.009877239069695065,2.3595268341152298e-05,0.0,23,"{""matlab_output"": {""solver_name"": ""SDPT3"", ""status"": ""unknown"", ""solve_time"": 0.365393375, ""setup_time"": [], ""iterations"": 23, ""primal_objective_value"": -108.7683048840259, ""dual_objective_value"": -108.77818212309559, ""duality_gap"": 0.009877239069695065, ""primal_infeasibility"": 2.3595268341152298e-05, ""dual_infeasibility"": 0, ""solver_version"": ""SDPT3-4.0-20240410"", ""solver_options"": {}, ""termination_reason"": """", ""error_message"": """", ""timestamp"": ""2025-07-19 23:03:21"", ""matlab_version"": ""24.1.0.2537033 (R2024a)""}, ""matlab_version"": ""24.1.0.2537033 (R2024a)"", ""solver_backend"": ""sdpt3"", ""execution_environment"": ""matlab"", ""problem_class"": ""SDP""}"
1480,matlab_sedumi,SeDuMi-1.3.7 (MATLAB 24.1.0.2537033 (R2024a)),SDPLIB,hinf10,SDP,"{""cpu"": {""cpu_count"": 8, ""cpu_count_physical"": 8, ""processor"": ""arm"", ""architecture"": ""64bit""}, ""memory"": {""total_gb"": 24.0}, ""os"": {""system"": ""Darwin"", ""machine"": ""arm64"", ""release"": ""23.5.0""}, ""python"": {""implementation"": ""CPython"", ""version"": ""3.12.2"", ""version_info"": ""3.12.2""}, ""git"": {""commit_hash"": ""96ca043787ef8c38515cfa8d108d16b61b823e04""}, ""timezone"": {""timezone_name"": ""UTC"", ""utc_offset_hours"": 0.0}, ""timestamp"": 1752926592.0}",96ca043787ef8c38515cfa8d108d16b61b823e04,2025-07-19T12:39:24,0.3626290833333333,NUM_ERROR,-108.75993162203638,-108.75125626509862,0.008675356937757783,5.284061049311702e-07,0.0,24,"{""matlab_output"": {""solver_name"": ""SeDuMi"", ""status"": ""num_error"", ""solve_time"": 0.3626290833333333, ""setup_time"": [], ""iterations"": 24, ""primal_objective_value"": -108.75993162203638, ""dual_objective_value"": -108.75125626509862, ""duality_gap"": 0.008675356937757783, ""primal_infeasibility"": 5.284061049311702e-07, ""dual_infeasibility"": 0, ""solver_version"": ""SeDuMi-1.3.7"", ""solver_options"": {}, ""termination_reason"": """", ""error_message"": """", ""timestamp"": ""2025-07-19 21:39:21"", ""matlab_version"": ""24.1.0.2537033 (R2024a)""}, ""matlab_version"": ""24.1.0.2537033 (R2024a)"", ""solver_backend"": ""sedumi"", ""execution_environment"": ""matlab"", ""problem_class"": ""SDP""}"
931,scipy_linprog,scipy-1.15.3,SDPLIB,hinf10,SDP,"{""cpu"": {""cpu_count"": 8, ""cpu_count_physical"": 8, ""processor"": ""arm"", ""architecture"": ""64bit""}, ""memory"": {""total_gb"": 24.0}, ""os"": {""system"": ""Darwin"", ""machine"": ""arm64"", ""release"": ""23.5.0""}, ""python"": {""implementation"": ""CPython"", ""version"": ""3.12.2"", ""version_info"": ""3.12.2""}, ""git"": {""commit_hash"": ""443b599dca6666ab5976e2cf184c9398d48cda2b""}, ""timezone"": {""timezone_name"": ""UTC"", ""utc_offset_hours"": 0.0}, ""timestamp"": 1752416768.0}",443b599dca6666ab5976e2cf184c9398d48cda2b,2025-07-16T15:23:11,,UNSUPPORTED,,,,,,,"{""reason"": ""Solver does not support SDP problems"", ""problem_type"": ""SDP"", ""problem_class"": ""SDP""}"
934,cvxpy_clarabel,cvxpy-1.6.5-CLARABEL-0.11.0,SDPLIB,hinf11,SDP,"{""cpu"": {""cpu_count"": 8, ""cpu_count_physical"": 8, ""processor"": ""arm"", ""architecture"": ""64bit""}, ""memory"": {""total_gb"": 24.0}, ""os"": {""system"": ""Darwin"", ""machine"": ""arm64"", ""release"": ""23.5.0""}, ""python"": {""implementation"": ""CPython"", ""version"": ""3.12.2"", ""version_info"": ""3.12.2""}, ""git"": {""commit_hash"": ""443b599dca6666ab5976e2cf184c9398d48cda2b""}, ""timezone"": {""timezone_name"": ""UTC"", ""utc_offset_hours"": 0.0}, ""timestamp"": 1752416768.0}",443b599dca6666ab5976e2cf184c9398d48cda2b,2025-07-16T15:24:14,0.00967717170715332,OPTIMAL (INACCURATE),-65.90991351702351,-65.90990389505751,-9.62196600085008e-06,3.264652971267897e-08,7.961207252939813e-10,25,"{""solver_solve_time"": 0.006049124, ""problem_class"": ""SDP""}"
935,cvxpy_cvxopt,unknown,SDPLIB,hinf11,SDP,"{""cpu"": {""cpu_count"": 8, ""cpu_count_physical"": 8, ""processor"": ""arm"", ""architecture"": ""64bit""}, ""memory"": {""total_gb"": 24.0}, ""os"": {""system"": ""Darwin"", ""machine"": ""arm64"", ""release"": ""23.5.0""}, ""python"": {""implementation"": ""CPython"", ""version"": ""3.12.2"", ""version_info"": ""3.12.2""}, ""git"": {""commit_hash"": ""443b599dca6666ab5976e2cf184c9398d48cda2b""}, ""timezone"": {""timezone_name"": ""UTC"", ""utc_offset_hours"": 0.0}, ""timestamp"": 1752416768.0}",443b599dca6666ab5976e2cf184c9398d48cda2b,2025-07-16T15:24:14,0.06746697425842285,ERROR,,,,,,,"{""error_message"": ""Solver 'CVXOPT' failed. Try another solver, or solve with verbose=True for more information."", ""problem_class"": ""SDP""}"
938,cvxpy_ecos,cvxpy-1.6.5-ECOS-2.0.14,SDPLIB,hinf11,SDP,"{""cpu"": {""cpu_count"": 8, ""cpu_count_physical"": 8, ""processor"": ""arm"", ""architecture"": ""64bit""}, ""memory"": {""total_gb"": 24.0}, ""os"": {""system"": ""Darwin"", ""machine"": ""arm64"", ""release"": ""23.5.0""}, ""python"": {""implementation"": ""CPython"", ""version"": ""3.12.2"", ""version_info"": ""3.12.2""}, ""git"": {""commit_hash"": ""443b599dca6666ab5976e2cf184c9398d48cda2b""}, ""timezone"": {""timezone_name"": ""UTC"", ""utc_offset_hours"": 0.0}, ""timestamp"": 1752416768.0}",443b599dca6666ab5976e2cf184c9398d48cda2b,2025-07-16T15:24:48,,UNSUPPORTED,,,,,,,"{""reason"": ""Solver does not support SDP problems"", ""problem_type"": ""SDP"", ""problem_class"": ""SDP""}"
939,cvxpy_highs,cvxpy-1.6.5-HIGHS-1.11.0,SDPLIB,hinf11,SDP,"{""cpu"": {""cpu_count"": 8, ""cpu_count_physical"": 8, ""processor"": ""arm"", ""architecture"": ""64bit""}, ""memory"": {""total_gb"": 24.0}, ""os"": {""system"": ""Darwin"", ""machine"": ""arm64"", ""release"": ""23.5.0""}, ""python"": {""implementation"": ""CPython"", ""version"": ""3.12.2"", ""version_info"": ""3.12.2""}, ""git"": {""commit_hash"": ""443b599dca6666ab5976e2cf184c9398d48cda2b""}, ""timezone"": {""timezone_name"": ""UTC"", ""utc_offset_hours"": 0.0}, ""timestamp"": 1752416768.0}",443b599dca6666ab5976e2cf184c9398d48cda2b,2025-07-16T15:24:48,,UNSUPPORTED,,,,,,,"{""reason"": ""Solver does not support SDP problems"", ""problem_type"": ""SDP"", ""problem_class"": ""SDP""}"
940,cvxpy_osqp,cvxpy-1.6.5-OSQP-1.0.4,SDPLIB,hinf11,SDP,"{""cpu"": {""cpu_count"": 8, ""cpu_count_physical"": 8, ""processor"": ""arm"", ""architecture"": ""64bit""}, ""memory"": {""total_gb"": 24.0}, ""os"": {""system"": ""Darwin"", ""machine"": ""arm64"", ""release"": ""23.5.0""}, ""python"": {""implementation"": ""CPython"", ""version"": ""3.12.2"", ""version_info"": ""3.12.2""}, ""git"": {""commit_hash"": ""443b599dca6666ab5976e2cf184c9398d48cda2b""}, ""timezone"": {""timezone_name"": ""UTC"", ""utc_offset_hours"": 0.0}, ""timestamp"": 1752416768.0}",443b599dca6666ab5976e2cf184c9398d48cda2b,2025-07-16T15:24:48,,UNSUPPORTED,,,,,,,"{""reason"": ""Solver does not support SDP problems"", ""problem_type"": ""SDP"", ""problem_class"": ""SDP""}"
941,cvxpy_scip,cvxpy-1.6.5-SCIP-5.5.0,SDPLIB,hinf11,SDP,"{""cpu"": {""cpu_count"": 8, ""cpu_count_physical"": 8, ""processor"": ""arm"", ""architecture"": ""64bit""}, ""memory"": {""total_gb"": 24.0}, ""os"": {""system"": ""Darwin"", ""machine"": ""arm64"", ""release"": ""23.5.0""}, ""python"": {""implementation"": ""CPython"", ""version"": ""3.12.2"", ""version_info"": ""3.12.2""}, ""git"": {""commit_hash"": ""443b599dca6666ab5976e2cf184c9398d48cda2b""}, ""timezone"": {""timezone_name"": ""UTC"", ""utc_offset_hours"": 0.0}, ""timestamp"": 1752416768.0}",443b599dca6666ab5976e2cf184c9398d48cda2b,2025-07-16T15:24:48,,UNSUPPORTED,,,,,,,"{""reason"": ""Solver does not support SDP problems"", ""problem_type"": ""SDP"", ""problem_class"": ""SDP""}"
936,cvxpy_scs,cvxpy-1.6.5-SCS-3.2.7.post2,SDPLIB,hinf11,SDP,"{""cpu"": {""cpu_count"": 8, ""cpu_count_physical"": 8, ""processor"": ""arm"", ""architecture"": ""64bit""}, ""memory"": {""total_gb"": 24.0}, ""os"": {""system"": ""Darwin"", ""machine"": ""arm64"", ""release"": ""23.5.0""}, ""python"": {""implementation"": ""CPython"", ""version"": ""3.12.2"", ""version_info"": ""3.12.2""}, ""git"": {""commit_hash"": ""443b599dca6666ab5976e2cf184c9398d48cda2b""}, ""timezone"": {""timezone_name"": ""UTC"", ""utc_offset_hours"": 0.0}, ""timestamp"": 1752416768.0}",443b599dca6666ab5976e2cf184c9398d48cda2b,2025-07-16T15:24:15,1.2248289585113525,OPTIMAL (INACCURATE),-67.03265487888538,-66.9425045006043,-0.09015037828108063,7.271735945414379e-06,2.372132910723892e-12,100000,"{""solver_solve_time"": 1.2213040000000002, ""problem_class"": ""SDP""}"
937,cvxpy_sdpa,cvxpy-1.6.5-SDPA-0.2.2,SDPLIB,hinf11,SDP,"{""cpu"": {""cpu_count"": 8, ""cpu_count_physical"": 8, ""processor"": ""arm"", ""architecture"": ""64bit""}, ""memory"": {""total_gb"": 24.0}, ""os"": {""system"": ""Darwin"", ""machine"": ""arm64"", ""release"": ""23.5.0""}, ""python"": {""implementation"": ""CPython"", ""version"": ""3.12.2"", ""version_info"": ""3.12.2""}, ""git"": {""commit_hash"": ""443b599dca6666ab5976e2cf184c9398d48cda2b""}, ""timezone"": {""timezone_name"": ""UTC"", ""utc_offset_hours"": 0.0}, ""timestamp"": 1752416768.0}",443b599dca6666ab5976e2cf184c9398d48cda2b,2025-07-16T15:24:15,0.012714862823486328,OPTIMAL (INACCURATE),-65.96092354028318,-65.91206628197119,-0.04885725831198329,4.861398484093877e-07,0.0,,"{""iteration_info_limitation"": ""SDPA does not provide iteration count through CVXPY"", ""solver_solve_time"": null, ""problem_class"": ""SDP""}"
1624,matlab_sdpt3,SDPT3-4.0-20240410 (MATLAB 24.1.0.2537033 (R2024a)),SDPLIB,hinf11,SDP,"{""cpu"": {""cpu_count"": 8, ""cpu_count_physical"": 8, ""processor"": ""arm"", ""architecture"": ""64bit""}, ""memory"": {""total_gb"": 24.0}, ""os"": {""system"": ""Darwin"", ""machine"": ""arm64"", ""release"": ""23.5.0""}, ""python"": {""implementation"": ""CPython"", ""version"": ""3.12.2"", ""version_info"": ""3.12.2""}, ""git"": {""commit_hash"": ""96ca043787ef8c38515cfa8d108d16b61b823e04""}, ""timezone"": {""timezone_name"": ""UTC"", ""utc_offset_hours"": 0.0}, ""timestamp"": 1752926592.0}",96ca043787ef8c38515cfa8d108d16b61b823e04,2025-07-19T14:03:29,0.4292201666666667,UNKNOWN,-65.91623172173267,-65.89340793308176,0.022823788650910615,1.465391663685626e-07,0.0,25,"{""matlab_output"": {""solver_name"": ""SDPT3"", ""status"": ""unknown"", ""solve_time"": 0.4292201666666667, ""setup_time"": [], ""iterations"": 25, ""primal_objective_value"": -65.91623172173267, ""dual_objective_value"": -65.89340793308176, ""duality_gap"": 0.022823788650910615, ""primal_infeasibility"": 1.465391663685626e-07, ""dual_infeasibility"": 0, ""solver_version"": ""SDPT3-4.0-20240410"", ""solver_options"": {}, ""termination_reason"": """", ""error_message"": """", ""timestamp"": ""2025-07-19 23:03:26"", ""matlab_version"": ""24.1.0.2537033 (R2024a)""}, ""matlab_version"": ""24.1.0.2537033 (R2024a)"", ""solver_backend"": ""sdpt3"", ""execution_environment"": ""matlab"", ""problem_class"": ""SDP""}"
1481,matlab_sedumi,SeDuMi-1.3.7 (MATLAB 24.1.0.2537033 (R2024a)),SDPLIB,hinf11,SDP,"{""cpu"": {""cpu_count"": 8, ""cpu_count_physical"": 8, ""processor"": ""arm"", ""architecture"": ""64bit""}, ""memory"": {""total_gb"": 24.0}, ""os"": {""system"": ""Darwin"", ""machine"": ""arm64"", ""release"": ""23.5.0""}, ""python"": {""implementation"": ""CPython"", ""version"": ""3.12.2"", ""version_info"": ""3.12.2""}, ""git"": {""commit_hash"": ""96ca043787ef8c38515cfa8d108d16b61b823e04""}, ""timezone"": {""timezone_name"": ""UTC"", ""utc_offset_hours"": 0.0}, ""timestamp"": 1752926592.0}",96ca043787ef8c38515cfa8d108d16b61b823e04,2025-07-19T12:39:30,0.3754861666666667,NUM_ERROR,-65.88284488105815,-65.88010110073674,0.002743780321409872,1.2872974305043217e-07,0.0,26,"{""matlab_output"": {""solver_name"": ""SeDuMi"", ""status"": ""num_error"", ""solve_time"": 0.3754861666666667, ""setup_time"": [], ""iterations"": 26, ""primal_objective_value"": -65.88284488105815, ""dual_objective_value"": -65.88010110073674, ""duality_gap"": 0.002743780321409872, ""primal_infeasibility"": 1.2872974305043217e-07, ""dual_infeasibility"": 0, ""solver_version"": ""SeDuMi-1.3.7"", ""solver_options"": {}, ""termination_reason"": """", ""error_message"": """", ""timestamp"": ""2025-07-19 21:39:27"", ""matlab_version"": ""24.1.0.2537033 (R2024a)""}, ""matlab_version"": ""24.1.0.2537033 (R2024a)"", ""solver_backend"": ""sedumi"", ""execution_environment"": ""matlab"", ""problem_class"": ""SDP""}"
942,scipy_linprog,scipy-1.15.3,SDPLIB,hinf11,SDP,"{""cpu"": {""cpu_count"": 8, ""cpu_count_physical"": 8, ""processor"": ""arm"", ""architecture"": ""64bit""}, ""memory"": {""total_gb"": 24.0}, ""os"": {""system"": ""Darwin"", ""machine"": ""arm64"", ""release"": ""23.5.0""}, ""python"": {""implementation"": ""CPython"", ""version"": ""3.12.2"", ""version_info"": ""3.12.2""}, ""git"": {""commit_hash"": ""443b599dca6666ab5976e2cf184c9398d48cda2b""}, ""timezone"": {""timezone_name"": ""UTC"", ""utc_offset_hours"": 0.0}, ""timestamp"": 1752416768.0}",443b599dca6666ab5976e2cf184c9398d48cda2b,2025-07-16T15:24:48,,UNSUPPORTED,,,,,,,"{""reason"": ""Solver does not support SDP problems"", ""problem_type"": ""SDP"", ""problem_class"": ""SDP""}"
956,cvxpy_clarabel,cvxpy-1.6.5-CLARABEL-0.11.0,SDPLIB,hinf12_sdp,SDP,"{""cpu"": {""cpu_count"": 8, ""cpu_count_physical"": 8, ""processor"": ""arm"", ""architecture"": ""64bit""}, ""memory"": {""total_gb"": 24.0}, ""os"": {""system"": ""Darwin"", ""machine"": ""arm64"", ""release"": ""23.5.0""}, ""python"": {""implementation"": ""CPython"", ""version"": ""3.12.2"", ""version_info"": ""3.12.2""}, ""git"": {""commit_hash"": ""443b599dca6666ab5976e2cf184c9398d48cda2b""}, ""timezone"": {""timezone_name"": ""UTC"", ""utc_offset_hours"": 0.0}, ""timestamp"": 1752416768.0}",443b599dca6666ab5976e2cf184c9398d48cda2b,2025-07-18T11:48:25,0.01746988296508789,OPTIMAL,-3.2433629986793885e-05,-3.2432575308661486e-05,-1.0546781323988747e-09,8.300260965155049e-06,0.0,44,"{""solver_solve_time"": 0.013888374, ""problem_class"": ""SDP""}"
957,cvxpy_cvxopt,unknown,SDPLIB,hinf12_sdp,SDP,"{""cpu"": {""cpu_count"": 8, ""cpu_count_physical"": 8, ""processor"": ""arm"", ""architecture"": ""64bit""}, ""memory"": {""total_gb"": 24.0}, ""os"": {""system"": ""Darwin"", ""machine"": ""arm64"", ""release"": ""23.5.0""}, ""python"": {""implementation"": ""CPython"", ""version"": ""3.12.2"", ""version_info"": ""3.12.2""}, ""git"": {""commit_hash"": ""443b599dca6666ab5976e2cf184c9398d48cda2b""}, ""timezone"": {""timezone_name"": ""UTC"", ""utc_offset_hours"": 0.0}, ""timestamp"": 1752416768.0}",443b599dca6666ab5976e2cf184c9398d48cda2b,2025-07-18T11:48:26,0.3970298767089844,ERROR,,,,,,,"{""error_message"": ""Solver 'CVXOPT' failed. Try another solver, or solve with verbose=True for more information."", ""problem_class"": ""SDP""}"
960,cvxpy_ecos,cvxpy-1.6.5-ECOS-2.0.14,SDPLIB,hinf12_sdp,SDP,"{""cpu"": {""cpu_count"": 8, ""cpu_count_physical"": 8, ""processor"": ""arm"", ""architecture"": ""64bit""}, ""memory"": {""total_gb"": 24.0}, ""os"": {""system"": ""Darwin"", ""machine"": ""arm64"", ""release"": ""23.5.0""}, ""python"": {""implementation"": ""CPython"", ""version"": ""3.12.2"", ""version_info"": ""3.12.2""}, ""git"": {""commit_hash"": ""443b599dca6666ab5976e2cf184c9398d48cda2b""}, ""timezone"": {""timezone_name"": ""UTC"", ""utc_offset_hours"": 0.0}, ""timestamp"": 1752416768.0}",443b599dca6666ab5976e2cf184c9398d48cda2b,2025-07-18T11:48:36,,UNSUPPORTED,,,,,,,"{""reason"": ""Solver does not support SDP problems"", ""problem_type"": ""SDP"", ""problem_class"": ""SDP""}"
961,cvxpy_highs,cvxpy-1.6.5-HIGHS-1.11.0,SDPLIB,hinf12_sdp,SDP,"{""cpu"": {""cpu_count"": 8, ""cpu_count_physical"": 8, ""processor"": ""arm"", ""architecture"": ""64bit""}, ""memory"": {""total_gb"": 24.0}, ""os"": {""system"": ""Darwin"", ""machine"": ""arm64"", ""release"": ""23.5.0""}, ""python"": {""implementation"": ""CPython"", ""version"": ""3.12.2"", ""version_info"": ""3.12.2""}, ""git"": {""commit_hash"": ""443b599dca6666ab5976e2cf184c9398d48cda2b""}, ""timezone"": {""timezone_name"": ""UTC"", ""utc_offset_hours"": 0.0}, ""timestamp"": 1752416768.0}",443b599dca6666ab5976e2cf184c9398d48cda2b,2025-07-18T11:48:36,,UNSUPPORTED,,,,,,,"{""reason"": ""Solver does not support SDP problems"", ""problem_type"": ""SDP"", ""problem_class"": ""SDP""}"
962,cvxpy_osqp,cvxpy-1.6.5-OSQP-1.0.4,SDPLIB,hinf12_sdp,SDP,"{""cpu"": {""cpu_count"": 8, ""cpu_count_physical"": 8, ""processor"": ""arm"", ""architecture"": ""64bit""}, ""memory"": {""total_gb"": 24.0}, ""os"": {""system"": ""Darwin"", ""machine"": ""arm64"", ""release"": ""23.5.0""}, ""python"": {""implementation"": ""CPython"", ""version"": ""3.12.2"", ""version_info"": ""3.12.2""}, ""git"": {""commit_hash"": ""443b599dca6666ab5976e2cf184c9398d48cda2b""}, ""timezone"": {""timezone_name"": ""UTC"", ""utc_offset_hours"": 0.0}, ""timestamp"": 1752416768.0}",443b599dca6666ab5976e2cf184c9398d48cda2b,2025-07-18T11:48:36,,UNSUPPORTED,,,,,,,"{""reason"": ""Solver does not support SDP problems"", ""problem_type"": ""SDP"", ""problem_class"": ""SDP""}"
963,cvxpy_scip,cvxpy-1.6.5-SCIP-5.5.0,SDPLIB,hinf12_sdp,SDP,"{""cpu"": {""cpu_count"": 8, ""cpu_count_physical"": 8, ""processor"": ""arm"", ""architecture"": ""64bit""}, ""memory"": {""total_gb"": 24.0}, ""os"": {""system"": ""Darwin"", ""machine"": ""arm64"", ""release"": ""23.5.0""}, ""python"": {""implementation"": ""CPython"", ""version"": ""3.12.2"", ""version_info"": ""3.12.2""}, ""git"": {""commit_hash"": ""443b599dca6666ab5976e2cf184c9398d48cda2b""}, ""timezone"": {""timezone_name"": ""UTC"", ""utc_offset_hours"": 0.0}, ""timestamp"": 1752416768.0}",443b599dca6666ab5976e2cf184c9398d48cda2b,2025-07-18T11:48:37,,UNSUPPORTED,,,,,,,"{""reason"": ""Solver does not support SDP problems"", ""problem_type"": ""SDP"", ""problem_class"": ""SDP""}"
958,cvxpy_scs,cvxpy-1.6.5-SCS-3.2.7.post2,SDPLIB,hinf12_sdp,SDP,"{""cpu"": {""cpu_count"": 8, ""cpu_count_physical"": 8, ""processor"": ""arm"", ""architecture"": ""64bit""}, ""memory"": {""total_gb"": 24.0}, ""os"": {""system"": ""Darwin"", ""machine"": ""arm64"", ""release"": ""23.5.0""}, ""python"": {""implementation"": ""CPython"", ""version"": ""3.12.2"", ""version_info"": ""3.12.2""}, ""git"": {""commit_hash"": ""443b599dca6666ab5976e2cf184c9398d48cda2b""}, ""timezone"": {""timezone_name"": ""UTC"", ""utc_offset_hours"": 0.0}, ""timestamp"": 1752416768.0}",443b599dca6666ab5976e2cf184c9398d48cda2b,2025-07-18T11:48:28,1.8517041206359863,OPTIMAL (INACCURATE),-1.5660892533183435,-1.550972805649461,-0.015116447668882538,1.2713713263916197e-07,9.437455397904784e-07,100000,"{""solver_solve_time"": 1.846340583, ""problem_class"": ""SDP""}"
959,cvxpy_sdpa,cvxpy-1.6.5-SDPA-0.2.2,SDPLIB,hinf12_sdp,SDP,"{""cpu"": {""cpu_count"": 8, ""cpu_count_physical"": 8, ""processor"": ""arm"", ""architecture"": ""64bit""}, ""memory"": {""total_gb"": 24.0}, ""os"": {""system"": ""Darwin"", ""machine"": ""arm64"", ""release"": ""23.5.0""}, ""python"": {""implementation"": ""CPython"", ""version"": ""3.12.2"", ""version_info"": ""3.12.2""}, ""git"": {""commit_hash"": ""443b599dca6666ab5976e2cf184c9398d48cda2b""}, ""timezone"": {""timezone_name"": ""UTC"", ""utc_offset_hours"": 0.0}, ""timestamp"": 1752416768.0}",443b599dca6666ab5976e2cf184c9398d48cda2b,2025-07-18T11:48:28,0.01336216926574707,OPTIMAL (INACCURATE),-26.28462100943706,-3.218764582272006,-23.065856427165055,0.00026649547088509193,0.0,,"{""iteration_info_limitation"": ""SDPA does not provide iteration count through CVXPY"", ""solver_solve_time"": null, ""problem_class"": ""SDP""}"
1625,matlab_sdpt3,SDPT3-4.0-20240410 (MATLAB 24.1.0.2537033 (R2024a)),SDPLIB,hinf12_sdp,SDP,"{""cpu"": {""cpu_count"": 8, ""cpu_count_physical"": 8, ""processor"": ""arm"", ""architecture"": ""64bit""}, ""memory"": {""total_gb"": 24.0}, ""os"": {""system"": ""Darwin"", ""machine"": ""arm64"", ""release"": ""23.5.0""}, ""python"": {""implementation"": ""CPython"", ""version"": ""3.12.2"", ""version_info"": ""3.12.2""}, ""git"": {""commit_hash"": ""96ca043787ef8c38515cfa8d108d16b61b823e04""}, ""timezone"": {""timezone_name"": ""UTC"", ""utc_offset_hours"": 0.0}, ""timestamp"": 1752926592.0}",96ca043787ef8c38515cfa8d108d16b61b823e04,2025-07-19T14:03:34,0.5892792083333334,UNKNOWN,-2.2571558268484783e-05,-2.9572121961358873e-05,7.00056369287409e-06,1.538325025557428e-12,0.0,61,"{""matlab_output"": {""solver_name"": ""SDPT3"", ""status"": ""unknown"", ""solve_time"": 0.5892792083333334, ""setup_time"": [], ""iterations"": 61, ""primal_objective_value"": -2.2571558268484783e-05, ""dual_objective_value"": -2.9572121961358873e-05, ""duality_gap"": 7.00056369287409e-06, ""primal_infeasibility"": 1.538325025557428e-12, ""dual_infeasibility"": 0, ""solver_version"": ""SDPT3-4.0-20240410"", ""solver_options"": {}, ""termination_reason"": """", ""error_message"": """", ""timestamp"": ""2025-07-19 23:03:32"", ""matlab_version"": ""24.1.0.2537033 (R2024a)""}, ""matlab_version"": ""24.1.0.2537033 (R2024a)"", ""solver_backend"": ""sdpt3"", ""execution_environment"": ""matlab"", ""problem_class"": ""SDP""}"
1482,matlab_sedumi,SeDuMi-1.3.7 (MATLAB 24.1.0.2537033 (R2024a)),SDPLIB,hinf12_sdp,SDP,"{""cpu"": {""cpu_count"": 8, ""cpu_count_physical"": 8, ""processor"": ""arm"", ""architecture"": ""64bit""}, ""memory"": {""total_gb"": 24.0}, ""os"": {""system"": ""Darwin"", ""machine"": ""arm64"", ""release"": ""23.5.0""}, ""python"": {""implementation"": ""CPython"", ""version"": ""3.12.2"", ""version_info"": ""3.12.2""}, ""git"": {""commit_hash"": ""96ca043787ef8c38515cfa8d108d16b61b823e04""}, ""timezone"": {""timezone_name"": ""UTC"", ""utc_offset_hours"": 0.0}, ""timestamp"": 1752926592.0}",96ca043787ef8c38515cfa8d108d16b61b823e04,2025-07-19T12:39:35,0.3087037083333333,OPTIMAL,-0.11791225666476954,-0.09905856082734718,0.018853695837422357,5.037944322430809e-09,0.0,29,"{""matlab_output"": {""solver_name"": ""SeDuMi"", ""status"": ""optimal"", ""solve_time"": 0.3087037083333333, ""setup_time"": [], ""iterations"": 29, ""primal_objective_value"": -0.11791225666476954, ""dual_objective_value"": -0.09905856082734718, ""duality_gap"": 0.018853695837422357, ""primal_infeasibility"": 5.037944322430809e-09, ""dual_infeasibility"": 0, ""solver_version"": ""SeDuMi-1.3.7"", ""solver_options"": {}, ""termination_reason"": """", ""error_message"": """", ""timestamp"": ""2025-07-19 21:39:32"", ""matlab_version"": ""24.1.0.2537033 (R2024a)""}, ""matlab_version"": ""24.1.0.2537033 (R2024a)"", ""solver_backend"": ""sedumi"", ""execution_environment"": ""matlab"", ""problem_class"": ""SDP""}"
964,scipy_linprog,scipy-1.15.3,SDPLIB,hinf12_sdp,SDP,"{""cpu"": {""cpu_count"": 8, ""cpu_count_physical"": 8, ""processor"": ""arm"", ""architecture"": ""64bit""}, ""memory"": {""total_gb"": 24.0}, ""os"": {""system"": ""Darwin"", ""machine"": ""arm64"", ""release"": ""23.5.0""}, ""python"": {""implementation"": ""CPython"", ""version"": ""3.12.2"", ""version_info"": ""3.12.2""}, ""git"": {""commit_hash"": ""443b599dca6666ab5976e2cf184c9398d48cda2b""}, ""timezone"": {""timezone_name"": ""UTC"", ""utc_offset_hours"": 0.0}, ""timestamp"": 1752416768.0}",443b599dca6666ab5976e2cf184c9398d48cda2b,2025-07-18T11:48:37,,UNSUPPORTED,,,,,,,"{""reason"": ""Solver does not support SDP problems"", ""problem_type"": ""SDP"", ""problem_class"": ""SDP""}"
967,cvxpy_clarabel,unknown,SDPLIB,hinf13_sdp,SDP,"{""cpu"": {""cpu_count"": 8, ""cpu_count_physical"": 8, ""processor"": ""arm"", ""architecture"": ""64bit""}, ""memory"": {""total_gb"": 24.0}, ""os"": {""system"": ""Darwin"", ""machine"": ""arm64"", ""release"": ""23.5.0""}, ""python"": {""implementation"": ""CPython"", ""version"": ""3.12.2"", ""version_info"": ""3.12.2""}, ""git"": {""commit_hash"": ""443b599dca6666ab5976e2cf184c9398d48cda2b""}, ""timezone"": {""timezone_name"": ""UTC"", ""utc_offset_hours"": 0.0}, ""timestamp"": 1752416768.0}",443b599dca6666ab5976e2cf184c9398d48cda2b,2025-07-18T11:50:39,0.014467954635620117,ERROR,,,,,,,"{""error_message"": ""Solver 'CLARABEL' failed. Try another solver, or solve with verbose=True for more information."", ""problem_class"": ""SDP""}"
968,cvxpy_cvxopt,unknown,SDPLIB,hinf13_sdp,SDP,"{""cpu"": {""cpu_count"": 8, ""cpu_count_physical"": 8, ""processor"": ""arm"", ""architecture"": ""64bit""}, ""memory"": {""total_gb"": 24.0}, ""os"": {""system"": ""Darwin"", ""machine"": ""arm64"", ""release"": ""23.5.0""}, ""python"": {""implementation"": ""CPython"", ""version"": ""3.12.2"", ""version_info"": ""3.12.2""}, ""git"": {""commit_hash"": ""443b599dca6666ab5976e2cf184c9398d48cda2b""}, ""timezone"": {""timezone_name"": ""UTC"", ""utc_offset_hours"": 0.0}, ""timestamp"": 1752416768.0}",443b599dca6666ab5976e2cf184c9398d48cda2b,2025-07-18T11:50:39,0.08350205421447754,ERROR,,,,,,,"{""error_message"": ""Solver 'CVXOPT' failed. Try another solver, or solve with verbose=True for more information."", ""problem_class"": ""SDP""}"
971,cvxpy_ecos,cvxpy-1.6.5-ECOS-2.0.14,SDPLIB,hinf13_sdp,SDP,"{""cpu"": {""cpu_count"": 8, ""cpu_count_physical"": 8, ""processor"": ""arm"", ""architecture"": ""64bit""}, ""memory"": {""total_gb"": 24.0}, ""os"": {""system"": ""Darwin"", ""machine"": ""arm64"", ""release"": ""23.5.0""}, ""python"": {""implementation"": ""CPython"", ""version"": ""3.12.2"", ""version_info"": ""3.12.2""}, ""git"": {""commit_hash"": ""443b599dca6666ab5976e2cf184c9398d48cda2b""}, ""timezone"": {""timezone_name"": ""UTC"", ""utc_offset_hours"": 0.0}, ""timestamp"": 1752416768.0}",443b599dca6666ab5976e2cf184c9398d48cda2b,2025-07-18T11:50:49,,UNSUPPORTED,,,,,,,"{""reason"": ""Solver does not support SDP problems"", ""problem_type"": ""SDP"", ""problem_class"": ""SDP""}"
972,cvxpy_highs,cvxpy-1.6.5-HIGHS-1.11.0,SDPLIB,hinf13_sdp,SDP,"{""cpu"": {""cpu_count"": 8, ""cpu_count_physical"": 8, ""processor"": ""arm"", ""architecture"": ""64bit""}, ""memory"": {""total_gb"": 24.0}, ""os"": {""system"": ""Darwin"", ""machine"": ""arm64"", ""release"": ""23.5.0""}, ""python"": {""implementation"": ""CPython"", ""version"": ""3.12.2"", ""version_info"": ""3.12.2""}, ""git"": {""commit_hash"": ""443b599dca6666ab5976e2cf184c9398d48cda2b""}, ""timezone"": {""timezone_name"": ""UTC"", ""utc_offset_hours"": 0.0}, ""timestamp"": 1752416768.0}",443b599dca6666ab5976e2cf184c9398d48cda2b,2025-07-18T11:50:49,,UNSUPPORTED,,,,,,,"{""reason"": ""Solver does not support SDP problems"", ""problem_type"": ""SDP"", ""problem_class"": ""SDP""}"
973,cvxpy_osqp,cvxpy-1.6.5-OSQP-1.0.4,SDPLIB,hinf13_sdp,SDP,"{""cpu"": {""cpu_count"": 8, ""cpu_count_physical"": 8, ""processor"": ""arm"", ""architecture"": ""64bit""}, ""memory"": {""total_gb"": 24.0}, ""os"": {""system"": ""Darwin"", ""machine"": ""arm64"", ""release"": ""23.5.0""}, ""python"": {""implementation"": ""CPython"", ""version"": ""3.12.2"", ""version_info"": ""3.12.2""}, ""git"": {""commit_hash"": ""443b599dca6666ab5976e2cf184c9398d48cda2b""}, ""timezone"": {""timezone_name"": ""UTC"", ""utc_offset_hours"": 0.0}, ""timestamp"": 1752416768.0}",443b599dca6666ab5976e2cf184c9398d48cda2b,2025-07-18T11:50:49,,UNSUPPORTED,,,,,,,"{""reason"": ""Solver does not support SDP problems"", ""problem_type"": ""SDP"", ""problem_class"": ""SDP""}"
974,cvxpy_scip,cvxpy-1.6.5-SCIP-5.5.0,SDPLIB,hinf13_sdp,SDP,"{""cpu"": {""cpu_count"": 8, ""cpu_count_physical"": 8, ""processor"": ""arm"", ""architecture"": ""64bit""}, ""memory"": {""total_gb"": 24.0}, ""os"": {""system"": ""Darwin"", ""machine"": ""arm64"", ""release"": ""23.5.0""}, ""python"": {""implementation"": ""CPython"", ""version"": ""3.12.2"", ""version_info"": ""3.12.2""}, ""git"": {""commit_hash"": ""443b599dca6666ab5976e2cf184c9398d48cda2b""}, ""timezone"": {""timezone_name"": ""UTC"", ""utc_offset_hours"": 0.0}, ""timestamp"": 1752416768.0}",443b599dca6666ab5976e2cf184c9398d48cda2b,2025-07-18T11:50:49,,UNSUPPORTED,,,,,,,"{""reason"": ""Solver does not support SDP problems"", ""problem_type"": ""SDP"", ""problem_class"": ""SDP""}"
969,cvxpy_scs,cvxpy-1.6.5-SCS-3.2.7.post2,SDPLIB,hinf13_sdp,SDP,"{""cpu"": {""cpu_count"": 8, ""cpu_count_physical"": 8, ""processor"": ""arm"", ""architecture"": ""64bit""}, ""memory"": {""total_gb"": 24.0}, ""os"": {""system"": ""Darwin"", ""machine"": ""arm64"", ""release"": ""23.5.0""}, ""python"": {""implementation"": ""CPython"", ""version"": ""3.12.2"", ""version_info"": ""3.12.2""}, ""git"": {""commit_hash"": ""443b599dca6666ab5976e2cf184c9398d48cda2b""}, ""timezone"": {""timezone_name"": ""UTC"", ""utc_offset_hours"": 0.0}, ""timestamp"": 1752416768.0}",443b599dca6666ab5976e2cf184c9398d48cda2b,2025-07-18T11:50:42,2.7371368408203125,OPTIMAL (INACCURATE),-30.338550177295044,-30.33799855091353,-0.0005516263815152911,5.355726666806104e-06,9.237315025625231e-05,100000,"{""solver_solve_time"": 2.731196458, ""problem_class"": ""SDP""}"
970,cvxpy_sdpa,cvxpy-1.6.5-SDPA-0.2.2,SDPLIB,hinf13_sdp,SDP,"{""cpu"": {""cpu_count"": 8, ""cpu_count_physical"": 8, ""processor"": ""arm"", ""architecture"": ""64bit""}, ""memory"": {""total_gb"": 24.0}, ""os"": {""system"": ""Darwin"", ""machine"": ""arm64"", ""release"": ""23.5.0""}, ""python"": {""implementation"": ""CPython"", ""version"": ""3.12.2"", ""version_info"": ""3.12.2""}, ""git"": {""commit_hash"": ""443b599dca6666ab5976e2cf184c9398d48cda2b""}, ""timezone"": {""timezone_name"": ""UTC"", ""utc_offset_hours"": 0.0}, ""timestamp"": 1752416768.0}",443b599dca6666ab5976e2cf184c9398d48cda2b,2025-07-18T11:50:42,0.012221097946166992,INFEASIBLE,,,,,,,"{""iteration_info_limitation"": ""SDPA does not provide iteration count through CVXPY"", ""solver_solve_time"": null, ""problem_class"": ""SDP""}"
1626,matlab_sdpt3,SDPT3-4.0-20240410 (MATLAB 24.1.0.2537033 (R2024a)),SDPLIB,hinf13_sdp,SDP,"{""cpu"": {""cpu_count"": 8, ""cpu_count_physical"": 8, ""processor"": ""arm"", ""architecture"": ""64bit""}, ""memory"": {""total_gb"": 24.0}, ""os"": {""system"": ""Darwin"", ""machine"": ""arm64"", ""release"": ""23.5.0""}, ""python"": {""implementation"": ""CPython"", ""version"": ""3.12.2"", ""version_info"": ""3.12.2""}, ""git"": {""commit_hash"": ""96ca043787ef8c38515cfa8d108d16b61b823e04""}, ""timezone"": {""timezone_name"": ""UTC"", ""utc_offset_hours"": 0.0}, ""timestamp"": 1752926592.0}",96ca043787ef8c38515cfa8d108d16b61b823e04,2025-07-19T14:03:40,0.5201742916666666,UNKNOWN,-44.36054953507353,-44.352737721585974,0.0078118134875566625,2.34826882611184e-05,1.9677815225005485e-09,31,"{""matlab_output"": {""solver_name"": ""SDPT3"", ""status"": ""unknown"", ""solve_time"": 0.5201742916666666, ""setup_time"": [], ""iterations"": 31, ""primal_objective_value"": -44.36054953507353, ""dual_objective_value"": -44.352737721585974, ""duality_gap"": 0.0078118134875566625, ""primal_infeasibility"": 2.34826882611184e-05, ""dual_infeasibility"": 1.9677815225005485e-09, ""solver_version"": ""SDPT3-4.0-20240410"", ""solver_options"": {}, ""termination_reason"": """", ""error_message"": """", ""timestamp"": ""2025-07-19 23:03:37"", ""matlab_version"": ""24.1.0.2537033 (R2024a)""}, ""matlab_version"": ""24.1.0.2537033 (R2024a)"", ""solver_backend"": ""sdpt3"", ""execution_environment"": ""matlab"", ""problem_class"": ""SDP""}"
1483,matlab_sedumi,SeDuMi-1.3.7 (MATLAB 24.1.0.2537033 (R2024a)),SDPLIB,hinf13_sdp,SDP,"{""cpu"": {""cpu_count"": 8, ""cpu_count_physical"": 8, ""processor"": ""arm"", ""architecture"": ""64bit""}, ""memory"": {""total_gb"": 24.0}, ""os"": {""system"": ""Darwin"", ""machine"": ""arm64"", ""release"": ""23.5.0""}, ""python"": {""implementation"": ""CPython"", ""version"": ""3.12.2"", ""version_info"": ""3.12.2""}, ""git"": {""commit_hash"": ""96ca043787ef8c38515cfa8d108d16b61b823e04""}, ""timezone"": {""timezone_name"": ""UTC"", ""utc_offset_hours"": 0.0}, ""timestamp"": 1752926592.0}",96ca043787ef8c38515cfa8d108d16b61b823e04,2025-07-19T12:39:41,0.34354358333333335,NUM_ERROR,-44.98782800411155,-44.73512547033813,0.2527025337734159,5.0403409648842495e-05,5.164198359985477e-07,16,"{""matlab_output"": {""solver_name"": ""SeDuMi"", ""status"": ""num_error"", ""solve_time"": 0.34354358333333335, ""setup_time"": [], ""iterations"": 16, ""primal_objective_value"": -44.98782800411155, ""dual_objective_value"": -44.73512547033813, ""duality_gap"": 0.2527025337734159, ""primal_infeasibility"": 5.0403409648842495e-05, ""dual_infeasibility"": 5.164198359985477e-07, ""solver_version"": ""SeDuMi-1.3.7"", ""solver_options"": {}, ""termination_reason"": """", ""error_message"": """", ""timestamp"": ""2025-07-19 21:39:38"", ""matlab_version"": ""24.1.0.2537033 (R2024a)""}, ""matlab_version"": ""24.1.0.2537033 (R2024a)"", ""solver_backend"": ""sedumi"", ""execution_environment"": ""matlab"", ""problem_class"": ""SDP""}"
975,scipy_linprog,scipy-1.15.3,SDPLIB,hinf13_sdp,SDP,"{""cpu"": {""cpu_count"": 8, ""cpu_count_physical"": 8, ""processor"": ""arm"", ""architecture"": ""64bit""}, ""memory"": {""total_gb"": 24.0}, ""os"": {""system"": ""Darwin"", ""machine"": ""arm64"", ""release"": ""23.5.0""}, ""python"": {""implementation"": ""CPython"", ""version"": ""3.12.2"", ""version_info"": ""3.12.2""}, ""git"": {""commit_hash"": ""443b599dca6666ab5976e2cf184c9398d48cda2b""}, ""timezone"": {""timezone_name"": ""UTC"", ""utc_offset_hours"": 0.0}, ""timestamp"": 1752416768.0}",443b599dca6666ab5976e2cf184c9398d48cda2b,2025-07-18T11:50:49,,UNSUPPORTED,,,,,,,"{""reason"": ""Solver does not support SDP problems"", ""problem_type"": ""SDP"", ""problem_class"": ""SDP""}"
978,cvxpy_clarabel,cvxpy-1.6.5-CLARABEL-0.11.0,SDPLIB,hinf14,SDP,"{""cpu"": {""cpu_count"": 8, ""cpu_count_physical"": 8, ""processor"": ""arm"", ""architecture"": ""64bit""}, ""memory"": {""total_gb"": 24.0}, ""os"": {""system"": ""Darwin"", ""machine"": ""arm64"", ""release"": ""23.5.0""}, ""python"": {""implementation"": ""CPython"", ""version"": ""3.12.2"", ""version_info"": ""3.12.2""}, ""git"": {""commit_hash"": ""443b599dca6666ab5976e2cf184c9398d48cda2b""}, ""timezone"": {""timezone_name"": ""UTC"", ""utc_offset_hours"": 0.0}, ""timestamp"": 1752416768.0}",443b599dca6666ab5976e2cf184c9398d48cda2b,2025-07-18T11:52:12,0.029858112335205078,OPTIMAL (INACCURATE),-12.991620016749662,-12.991619832202199,-1.8454746353313567e-07,7.960100598663184e-08,2.8200844817922423e-07,25,"{""solver_solve_time"": 0.023652419, ""problem_class"": ""SDP""}"
979,cvxpy_cvxopt,unknown,SDPLIB,hinf14,SDP,"{""cpu"": {""cpu_count"": 8, ""cpu_count_physical"": 8, ""processor"": ""arm"", ""architecture"": ""64bit""}, ""memory"": {""total_gb"": 24.0}, ""os"": {""system"": ""Darwin"", ""machine"": ""arm64"", ""release"": ""23.5.0""}, ""python"": {""implementation"": ""CPython"", ""version"": ""3.12.2"", ""version_info"": ""3.12.2""}, ""git"": {""commit_hash"": ""443b599dca6666ab5976e2cf184c9398d48cda2b""}, ""timezone"": {""timezone_name"": ""UTC"", ""utc_offset_hours"": 0.0}, ""timestamp"": 1752416768.0}",443b599dca6666ab5976e2cf184c9398d48cda2b,2025-07-18T11:52:12,0.1548140048980713,ERROR,,,,,,,"{""error_message"": ""Solver 'CVXOPT' failed. Try another solver, or solve with verbose=True for more information."", ""problem_class"": ""SDP""}"
982,cvxpy_ecos,cvxpy-1.6.5-ECOS-2.0.14,SDPLIB,hinf14,SDP,"{""cpu"": {""cpu_count"": 8, ""cpu_count_physical"": 8, ""processor"": ""arm"", ""architecture"": ""64bit""}, ""memory"": {""total_gb"": 24.0}, ""os"": {""system"": ""Darwin"", ""machine"": ""arm64"", ""release"": ""23.5.0""}, ""python"": {""implementation"": ""CPython"", ""version"": ""3.12.2"", ""version_info"": ""3.12.2""}, ""git"": {""commit_hash"": ""443b599dca6666ab5976e2cf184c9398d48cda2b""}, ""timezone"": {""timezone_name"": ""UTC"", ""utc_offset_hours"": 0.0}, ""timestamp"": 1752416768.0}",443b599dca6666ab5976e2cf184c9398d48cda2b,2025-07-18T11:52:26,,UNSUPPORTED,,,,,,,"{""reason"": ""Solver does not support SDP problems"", ""problem_type"": ""SDP"", ""problem_class"": ""SDP""}"
983,cvxpy_highs,cvxpy-1.6.5-HIGHS-1.11.0,SDPLIB,hinf14,SDP,"{""cpu"": {""cpu_count"": 8, ""cpu_count_physical"": 8, ""processor"": ""arm"", ""architecture"": ""64bit""}, ""memory"": {""total_gb"": 24.0}, ""os"": {""system"": ""Darwin"", ""machine"": ""arm64"", ""release"": ""23.5.0""}, ""python"": {""implementation"": ""CPython"", ""version"": ""3.12.2"", ""version_info"": ""3.12.2""}, ""git"": {""commit_hash"": ""443b599dca6666ab5976e2cf184c9398d48cda2b""}, ""timezone"": {""timezone_name"": ""UTC"", ""utc_offset_hours"": 0.0}, ""timestamp"": 1752416768.0}",443b599dca6666ab5976e2cf184c9398d48cda2b,2025-07-18T11:52:26,,UNSUPPORTED,,,,,,,"{""reason"": ""Solver does not support SDP problems"", ""problem_type"": ""SDP"", ""problem_class"": ""SDP""}"
984,cvxpy_osqp,cvxpy-1.6.5-OSQP-1.0.4,SDPLIB,hinf14,SDP,"{""cpu"": {""cpu_count"": 8, ""cpu_count_physical"": 8, ""processor"": ""arm"", ""architecture"": ""64bit""}, ""memory"": {""total_gb"": 24.0}, ""os"": {""system"": ""Darwin"", ""machine"": ""arm64"", ""release"": ""23.5.0""}, ""python"": {""implementation"": ""CPython"", ""version"": ""3.12.2"", ""version_info"": ""3.12.2""}, ""git"": {""commit_hash"": ""443b599dca6666ab5976e2cf184c9398d48cda2b""}, ""timezone"": {""timezone_name"": ""UTC"", ""utc_offset_hours"": 0.0}, ""timestamp"": 1752416768.0}",443b599dca6666ab5976e2cf184c9398d48cda2b,2025-07-18T11:52:26,,UNSUPPORTED,,,,,,,"{""reason"": ""Solver does not support SDP problems"", ""problem_type"": ""SDP"", ""problem_class"": ""SDP""}"
985,cvxpy_scip,cvxpy-1.6.5-SCIP-5.5.0,SDPLIB,hinf14,SDP,"{""cpu"": {""cpu_count"": 8, ""cpu_count_physical"": 8, ""processor"": ""arm"", ""architecture"": ""64bit""}, ""memory"": {""total_gb"": 24.0}, ""os"": {""system"": ""Darwin"", ""machine"": ""arm64"", ""release"": ""23.5.0""}, ""python"": {""implementation"": ""CPython"", ""version"": ""3.12.2"", ""version_info"": ""3.12.2""}, ""git"": {""commit_hash"": ""443b599dca6666ab5976e2cf184c9398d48cda2b""}, ""timezone"": {""timezone_name"": ""UTC"", ""utc_offset_hours"": 0.0}, ""timestamp"": 1752416768.0}",443b599dca6666ab5976e2cf184c9398d48cda2b,2025-07-18T11:52:26,,UNSUPPORTED,,,,,,,"{""reason"": ""Solver does not support SDP problems"", ""problem_type"": ""SDP"", ""problem_class"": ""SDP""}"
980,cvxpy_scs,cvxpy-1.6.5-SCS-3.2.7.post2,SDPLIB,hinf14,SDP,"{""cpu"": {""cpu_count"": 8, ""cpu_count_physical"": 8, ""processor"": ""arm"", ""architecture"": ""64bit""}, ""memory"": {""total_gb"": 24.0}, ""os"": {""system"": ""Darwin"", ""machine"": ""arm64"", ""release"": ""23.5.0""}, ""python"": {""implementation"": ""CPython"", ""version"": ""3.12.2"", ""version_info"": ""3.12.2""}, ""git"": {""commit_hash"": ""443b599dca6666ab5976e2cf184c9398d48cda2b""}, ""timezone"": {""timezone_name"": ""UTC"", ""utc_offset_hours"": 0.0}, ""timestamp"": 1752416768.0}",443b599dca6666ab5976e2cf184c9398d48cda2b,2025-07-18T11:52:12,0.260235071182251,OPTIMAL,-13.016693637637012,-13.016676436910254,-1.7200726757593543e-05,9.713120873550967e-06,3.7424537617375734e-05,7350,"{""solver_solve_time"": 0.25517412500000003, ""problem_class"": ""SDP""}"
981,cvxpy_sdpa,cvxpy-1.6.5-SDPA-0.2.2,SDPLIB,hinf14,SDP,"{""cpu"": {""cpu_count"": 8, ""cpu_count_physical"": 8, ""processor"": ""arm"", ""architecture"": ""64bit""}, ""memory"": {""total_gb"": 24.0}, ""os"": {""system"": ""Darwin"", ""machine"": ""arm64"", ""release"": ""23.5.0""}, ""python"": {""implementation"": ""CPython"", ""version"": ""3.12.2"", ""version_info"": ""3.12.2""}, ""git"": {""commit_hash"": ""443b599dca6666ab5976e2cf184c9398d48cda2b""}, ""timezone"": {""timezone_name"": ""UTC"", ""utc_offset_hours"": 0.0}, ""timestamp"": 1752416768.0}",443b599dca6666ab5976e2cf184c9398d48cda2b,2025-07-18T11:52:13,0.01812005043029785,OPTIMAL (INACCURATE),-12.977127071396835,-13.002235688978644,0.025108617581809156,1.4121816289795736e-05,0.0,,"{""iteration_info_limitation"": ""SDPA does not provide iteration count through CVXPY"", ""solver_solve_time"": null, ""problem_class"": ""SDP""}"
1627,matlab_sdpt3,SDPT3-4.0-20240410 (MATLAB 24.1.0.2537033 (R2024a)),SDPLIB,hinf14,SDP,"{""cpu"": {""cpu_count"": 8, ""cpu_count_physical"": 8, ""processor"": ""arm"", ""architecture"": ""64bit""}, ""memory"": {""total_gb"": 24.0}, ""os"": {""system"": ""Darwin"", ""machine"": ""arm64"", ""release"": ""23.5.0""}, ""python"": {""implementation"": ""CPython"", ""version"": ""3.12.2"", ""version_info"": ""3.12.2""}, ""git"": {""commit_hash"": ""96ca043787ef8c38515cfa8d108d16b61b823e04""}, ""timezone"": {""timezone_name"": ""UTC"", ""utc_offset_hours"": 0.0}, ""timestamp"": 1752926592.0}",96ca043787ef8c38515cfa8d108d16b61b823e04,2025-07-19T14:03:46,0.5131727916666666,UNKNOWN,-12.989960076415304,-12.989934206347613,2.5870067691613485e-05,8.66236229712859e-08,9.648370597983024e-10,31,"{""matlab_output"": {""solver_name"": ""SDPT3"", ""status"": ""unknown"", ""solve_time"": 0.5131727916666666, ""setup_time"": [], ""iterations"": 31, ""primal_objective_value"": -12.989960076415304, ""dual_objective_value"": -12.989934206347613, ""duality_gap"": 2.5870067691613485e-05, ""primal_infeasibility"": 8.66236229712859e-08, ""dual_infeasibility"": 9.648370597983024e-10, ""solver_version"": ""SDPT3-4.0-20240410"", ""solver_options"": {}, ""termination_reason"": """", ""error_message"": """", ""timestamp"": ""2025-07-19 23:03:43"", ""matlab_version"": ""24.1.0.2537033 (R2024a)""}, ""matlab_version"": ""24.1.0.2537033 (R2024a)"", ""solver_backend"": ""sdpt3"", ""execution_environment"": ""matlab"", ""problem_class"": ""SDP""}"
1484,matlab_sedumi,SeDuMi-1.3.7 (MATLAB 24.1.0.2537033 (R2024a)),SDPLIB,hinf14,SDP,"{""cpu"": {""cpu_count"": 8, ""cpu_count_physical"": 8, ""processor"": ""arm"", ""architecture"": ""64bit""}, ""memory"": {""total_gb"": 24.0}, ""os"": {""system"": ""Darwin"", ""machine"": ""arm64"", ""release"": ""23.5.0""}, ""python"": {""implementation"": ""CPython"", ""version"": ""3.12.2"", ""version_info"": ""3.12.2""}, ""git"": {""commit_hash"": ""96ca043787ef8c38515cfa8d108d16b61b823e04""}, ""timezone"": {""timezone_name"": ""UTC"", ""utc_offset_hours"": 0.0}, ""timestamp"": 1752926592.0}",96ca043787ef8c38515cfa8d108d16b61b823e04,2025-07-19T12:39:47,0.42435625,NUM_ERROR,-12.994433062802717,-12.993857944680892,0.0005751181218247581,3.459515165126997e-07,0.0,24,"{""matlab_output"": {""solver_name"": ""SeDuMi"", ""status"": ""num_error"", ""solve_time"": 0.42435625, ""setup_time"": [], ""iterations"": 24, ""primal_objective_value"": -12.994433062802717, ""dual_objective_value"": -12.993857944680892, ""duality_gap"": 0.0005751181218247581, ""primal_infeasibility"": 3.459515165126997e-07, ""dual_infeasibility"": 0, ""solver_version"": ""SeDuMi-1.3.7"", ""solver_options"": {}, ""termination_reason"": """", ""error_message"": """", ""timestamp"": ""2025-07-19 21:39:44"", ""matlab_version"": ""24.1.0.2537033 (R2024a)""}, ""matlab_version"": ""24.1.0.2537033 (R2024a)"", ""solver_backend"": ""sedumi"", ""execution_environment"": ""matlab"", ""problem_class"": ""SDP""}"
986,scipy_linprog,scipy-1.15.3,SDPLIB,hinf14,SDP,"{""cpu"": {""cpu_count"": 8, ""cpu_count_physical"": 8, ""processor"": ""arm"", ""architecture"": ""64bit""}, ""memory"": {""total_gb"": 24.0}, ""os"": {""system"": ""Darwin"", ""machine"": ""arm64"", ""release"": ""23.5.0""}, ""python"": {""implementation"": ""CPython"", ""version"": ""3.12.2"", ""version_info"": ""3.12.2""}, ""git"": {""commit_hash"": ""443b599dca6666ab5976e2cf184c9398d48cda2b""}, ""timezone"": {""timezone_name"": ""UTC"", ""utc_offset_hours"": 0.0}, ""timestamp"": 1752416768.0}",443b599dca6666ab5976e2cf184c9398d48cda2b,2025-07-18T11:52:26,,UNSUPPORTED,,,,,,,"{""reason"": ""Solver does not support SDP problems"", ""problem_type"": ""SDP"", ""problem_class"": ""SDP""}"
989,cvxpy_clarabel,cvxpy-1.6.5-CLARABEL-0.11.0,SDPLIB,hinf15,SDP,"{""cpu"": {""cpu_count"": 8, ""cpu_count_physical"": 8, ""processor"": ""arm"", ""architecture"": ""64bit""}, ""memory"": {""total_gb"": 24.0}, ""os"": {""system"": ""Darwin"", ""machine"": ""arm64"", ""release"": ""23.5.0""}, ""python"": {""implementation"": ""CPython"", ""version"": ""3.12.2"", ""version_info"": ""3.12.2""}, ""git"": {""commit_hash"": ""443b599dca6666ab5976e2cf184c9398d48cda2b""}, ""timezone"": {""timezone_name"": ""UTC"", ""utc_offset_hours"": 0.0}, ""timestamp"": 1752416768.0}",443b599dca6666ab5976e2cf184c9398d48cda2b,2025-07-18T11:53:23,0.03337883949279785,OPTIMAL (INACCURATE),-24.823804805102615,-24.823648667307985,-0.00015613779462952948,3.8123673598819243e-06,1.3632493267012344e-06,19,"{""solver_solve_time"": 0.02654958, ""problem_class"": ""SDP""}"
990,cvxpy_cvxopt,unknown,SDPLIB,hinf15,SDP,"{""cpu"": {""cpu_count"": 8, ""cpu_count_physical"": 8, ""processor"": ""arm"", ""architecture"": ""64bit""}, ""memory"": {""total_gb"": 24.0}, ""os"": {""system"": ""Darwin"", ""machine"": ""arm64"", ""release"": ""23.5.0""}, ""python"": {""implementation"": ""CPython"", ""version"": ""3.12.2"", ""version_info"": ""3.12.2""}, ""git"": {""commit_hash"": ""443b599dca6666ab5976e2cf184c9398d48cda2b""}, ""timezone"": {""timezone_name"": ""UTC"", ""utc_offset_hours"": 0.0}, ""timestamp"": 1752416768.0}",443b599dca6666ab5976e2cf184c9398d48cda2b,2025-07-18T11:53:23,0.12059998512268066,ERROR,,,,,,,"{""error_message"": ""Solver 'CVXOPT' failed. Try another solver, or solve with verbose=True for more information."", ""problem_class"": ""SDP""}"
993,cvxpy_ecos,cvxpy-1.6.5-ECOS-2.0.14,SDPLIB,hinf15,SDP,"{""cpu"": {""cpu_count"": 8, ""cpu_count_physical"": 8, ""processor"": ""arm"", ""architecture"": ""64bit""}, ""memory"": {""total_gb"": 24.0}, ""os"": {""system"": ""Darwin"", ""machine"": ""arm64"", ""release"": ""23.5.0""}, ""python"": {""implementation"": ""CPython"", ""version"": ""3.12.2"", ""version_info"": ""3.12.2""}, ""git"": {""commit_hash"": ""443b599dca6666ab5976e2cf184c9398d48cda2b""}, ""timezone"": {""timezone_name"": ""UTC"", ""utc_offset_hours"": 0.0}, ""timestamp"": 1752416768.0}",443b599dca6666ab5976e2cf184c9398d48cda2b,2025-07-18T11:53:37,,UNSUPPORTED,,,,,,,"{""reason"": ""Solver does not support SDP problems"", ""problem_type"": ""SDP"", ""problem_class"": ""SDP""}"
994,cvxpy_highs,cvxpy-1.6.5-HIGHS-1.11.0,SDPLIB,hinf15,SDP,"{""cpu"": {""cpu_count"": 8, ""cpu_count_physical"": 8, ""processor"": ""arm"", ""architecture"": ""64bit""}, ""memory"": {""total_gb"": 24.0}, ""os"": {""system"": ""Darwin"", ""machine"": ""arm64"", ""release"": ""23.5.0""}, ""python"": {""implementation"": ""CPython"", ""version"": ""3.12.2"", ""version_info"": ""3.12.2""}, ""git"": {""commit_hash"": ""443b599dca6666ab5976e2cf184c9398d48cda2b""}, ""timezone"": {""timezone_name"": ""UTC"", ""utc_offset_hours"": 0.0}, ""timestamp"": 1752416768.0}",443b599dca6666ab5976e2cf184c9398d48cda2b,2025-07-18T11:53:37,,UNSUPPORTED,,,,,,,"{""reason"": ""Solver does not support SDP problems"", ""problem_type"": ""SDP"", ""problem_class"": ""SDP""}"
995,cvxpy_osqp,cvxpy-1.6.5-OSQP-1.0.4,SDPLIB,hinf15,SDP,"{""cpu"": {""cpu_count"": 8, ""cpu_count_physical"": 8, ""processor"": ""arm"", ""architecture"": ""64bit""}, ""memory"": {""total_gb"": 24.0}, ""os"": {""system"": ""Darwin"", ""machine"": ""arm64"", ""release"": ""23.5.0""}, ""python"": {""implementation"": ""CPython"", ""version"": ""3.12.2"", ""version_info"": ""3.12.2""}, ""git"": {""commit_hash"": ""443b599dca6666ab5976e2cf184c9398d48cda2b""}, ""timezone"": {""timezone_name"": ""UTC"", ""utc_offset_hours"": 0.0}, ""timestamp"": 1752416768.0}",443b599dca6666ab5976e2cf184c9398d48cda2b,2025-07-18T11:53:37,,UNSUPPORTED,,,,,,,"{""reason"": ""Solver does not support SDP problems"", ""problem_type"": ""SDP"", ""problem_class"": ""SDP""}"
996,cvxpy_scip,cvxpy-1.6.5-SCIP-5.5.0,SDPLIB,hinf15,SDP,"{""cpu"": {""cpu_count"": 8, ""cpu_count_physical"": 8, ""processor"": ""arm"", ""architecture"": ""64bit""}, ""memory"": {""total_gb"": 24.0}, ""os"": {""system"": ""Darwin"", ""machine"": ""arm64"", ""release"": ""23.5.0""}, ""python"": {""implementation"": ""CPython"", ""version"": ""3.12.2"", ""version_info"": ""3.12.2""}, ""git"": {""commit_hash"": ""443b599dca6666ab5976e2cf184c9398d48cda2b""}, ""timezone"": {""timezone_name"": ""UTC"", ""utc_offset_hours"": 0.0}, ""timestamp"": 1752416768.0}",443b599dca6666ab5976e2cf184c9398d48cda2b,2025-07-18T11:53:37,,UNSUPPORTED,,,,,,,"{""reason"": ""Solver does not support SDP problems"", ""problem_type"": ""SDP"", ""problem_class"": ""SDP""}"
991,cvxpy_scs,cvxpy-1.6.5-SCS-3.2.7.post2,SDPLIB,hinf15,SDP,"{""cpu"": {""cpu_count"": 8, ""cpu_count_physical"": 8, ""processor"": ""arm"", ""architecture"": ""64bit""}, ""memory"": {""total_gb"": 24.0}, ""os"": {""system"": ""Darwin"", ""machine"": ""arm64"", ""release"": ""23.5.0""}, ""python"": {""implementation"": ""CPython"", ""version"": ""3.12.2"", ""version_info"": ""3.12.2""}, ""git"": {""commit_hash"": ""443b599dca6666ab5976e2cf184c9398d48cda2b""}, ""timezone"": {""timezone_name"": ""UTC"", ""utc_offset_hours"": 0.0}, ""timestamp"": 1752416768.0}",443b599dca6666ab5976e2cf184c9398d48cda2b,2025-07-18T11:53:28,4.816857099533081,OPTIMAL (INACCURATE),-6.535899836686729,-6.535738728003019,-0.0001611086837103315,1.2124638376828503e-05,0.0007877132599741793,100000,"{""solver_solve_time"": 4.811149333, ""problem_class"": ""SDP""}"
992,cvxpy_sdpa,cvxpy-1.6.5-SDPA-0.2.2,SDPLIB,hinf15,SDP,"{""cpu"": {""cpu_count"": 8, ""cpu_count_physical"": 8, ""processor"": ""arm"", ""architecture"": ""64bit""}, ""memory"": {""total_gb"": 24.0}, ""os"": {""system"": ""Darwin"", ""machine"": ""arm64"", ""release"": ""23.5.0""}, ""python"": {""implementation"": ""CPython"", ""version"": ""3.12.2"", ""version_info"": ""3.12.2""}, ""git"": {""commit_hash"": ""443b599dca6666ab5976e2cf184c9398d48cda2b""}, ""timezone"": {""timezone_name"": ""UTC"", ""utc_offset_hours"": 0.0}, ""timestamp"": 1752416768.0}",443b599dca6666ab5976e2cf184c9398d48cda2b,2025-07-18T11:53:28,0.018558025360107422,INFEASIBLE,,,,,,,"{""iteration_info_limitation"": ""SDPA does not provide iteration count through CVXPY"", ""solver_solve_time"": null, ""problem_class"": ""SDP""}"
1628,matlab_sdpt3,SDPT3-4.0-20240410 (MATLAB 24.1.0.2537033 (R2024a)),SDPLIB,hinf15,SDP,"{""cpu"": {""cpu_count"": 8, ""cpu_count_physical"": 8, ""processor"": ""arm"", ""architecture"": ""64bit""}, ""memory"": {""total_gb"": 24.0}, ""os"": {""system"": ""Darwin"", ""machine"": ""arm64"", ""release"": ""23.5.0""}, ""python"": {""implementation"": ""CPython"", ""version"": ""3.12.2"", ""version_info"": ""3.12.2""}, ""git"": {""commit_hash"": ""96ca043787ef8c38515cfa8d108d16b61b823e04""}, ""timezone"": {""timezone_name"": ""UTC"", ""utc_offset_hours"": 0.0}, ""timestamp"": 1752926592.0}",96ca043787ef8c38515cfa8d108d16b61b823e04,2025-07-19T14:03:52,0.5514212916666666,UNKNOWN,-23.987835100185112,-24.001097916938342,0.0132628167532296,3.144875496622765e-05,6.997893475414923e-09,29,"{""matlab_output"": {""solver_name"": ""SDPT3"", ""status"": ""unknown"", ""solve_time"": 0.5514212916666666, ""setup_time"": [], ""iterations"": 29, ""primal_objective_value"": -23.987835100185112, ""dual_objective_value"": -24.001097916938342, ""duality_gap"": 0.0132628167532296, ""primal_infeasibility"": 3.144875496622765e-05, ""dual_infeasibility"": 6.997893475414923e-09, ""solver_version"": ""SDPT3-4.0-20240410"", ""solver_options"": {}, ""termination_reason"": """", ""error_message"": """", ""timestamp"": ""2025-07-19 23:03:49"", ""matlab_version"": ""24.1.0.2537033 (R2024a)""}, ""matlab_version"": ""24.1.0.2537033 (R2024a)"", ""solver_backend"": ""sdpt3"", ""execution_environment"": ""matlab"", ""problem_class"": ""SDP""}"
1485,matlab_sedumi,SeDuMi-1.3.7 (MATLAB 24.1.0.2537033 (R2024a)),SDPLIB,hinf15,SDP,"{""cpu"": {""cpu_count"": 8, ""cpu_count_physical"": 8, ""processor"": ""arm"", ""architecture"": ""64bit""}, ""memory"": {""total_gb"": 24.0}, ""os"": {""system"": ""Darwin"", ""machine"": ""arm64"", ""release"": ""23.5.0""}, ""python"": {""implementation"": ""CPython"", ""version"": ""3.12.2"", ""version_info"": ""3.12.2""}, ""git"": {""commit_hash"": ""96ca043787ef8c38515cfa8d108d16b61b823e04""}, ""timezone"": {""timezone_name"": ""UTC"", ""utc_offset_hours"": 0.0}, ""timestamp"": 1752926592.0}",96ca043787ef8c38515cfa8d108d16b61b823e04,2025-07-19T12:39:52,0.3233525,NUM_ERROR,-24.83998341547683,-24.214925261340976,0.6250581541358535,0.000150801335775723,4.4160427926549335e-06,16,"{""matlab_output"": {""solver_name"": ""SeDuMi"", ""status"": ""num_error"", ""solve_time"": 0.3233525, ""setup_time"": [], ""iterations"": 16, ""primal_objective_value"": -24.83998341547683, ""dual_objective_value"": -24.214925261340976, ""duality_gap"": 0.6250581541358535, ""primal_infeasibility"": 0.000150801335775723, ""dual_infeasibility"": 4.4160427926549335e-06, ""solver_version"": ""SeDuMi-1.3.7"", ""solver_options"": {}, ""termination_reason"": """", ""error_message"": """", ""timestamp"": ""2025-07-19 21:39:49"", ""matlab_version"": ""24.1.0.2537033 (R2024a)""}, ""matlab_version"": ""24.1.0.2537033 (R2024a)"", ""solver_backend"": ""sedumi"", ""execution_environment"": ""matlab"", ""problem_class"": ""SDP""}"
997,scipy_linprog,scipy-1.15.3,SDPLIB,hinf15,SDP,"{""cpu"": {""cpu_count"": 8, ""cpu_count_physical"": 8, ""processor"": ""arm"", ""architecture"": ""64bit""}, ""memory"": {""total_gb"": 24.0}, ""os"": {""system"": ""Darwin"", ""machine"": ""arm64"", ""release"": ""23.5.0""}, ""python"": {""implementation"": ""CPython"", ""version"": ""3.12.2"", ""version_info"": ""3.12.2""}, ""git"": {""commit_hash"": ""443b599dca6666ab5976e2cf184c9398d48cda2b""}, ""timezone"": {""timezone_name"": ""UTC"", ""utc_offset_hours"": 0.0}, ""timestamp"": 1752416768.0}",443b599dca6666ab5976e2cf184c9398d48cda2b,2025-07-18T11:53:37,,UNSUPPORTED,,,,,,,"{""reason"": ""Solver does not support SDP problems"", ""problem_type"": ""SDP"", ""problem_class"": ""SDP""}"
1011,cvxpy_clarabel,cvxpy-1.6.5-CLARABEL-0.11.0,SDPLIB,hinf2,SDP,"{""cpu"": {""cpu_count"": 8, ""cpu_count_physical"": 8, ""processor"": ""arm"", ""architecture"": ""64bit""}, ""memory"": {""total_gb"": 24.0}, ""os"": {""system"": ""Darwin"", ""machine"": ""arm64"", ""release"": ""23.5.0""}, ""python"": {""implementation"": ""CPython"", ""version"": ""3.12.2"", ""version_info"": ""3.12.2""}, ""git"": {""commit_hash"": ""443b599dca6666ab5976e2cf184c9398d48cda2b""}, ""timezone"": {""timezone_name"": ""UTC"", ""utc_offset_hours"": 0.0}, ""timestamp"": 1752416768.0}",443b599dca6666ab5976e2cf184c9398d48cda2b,2025-07-18T11:57:35,0.005145072937011719,OPTIMAL,-10.967598918863468,-10.96759886205494,-5.6808527659768515e-08,1.9892414732039526e-07,0.0,17,"{""solver_solve_time"": 0.001845334, ""problem_class"": ""SDP""}"
1012,cvxpy_cvxopt,unknown,SDPLIB,hinf2,SDP,"{""cpu"": {""cpu_count"": 8, ""cpu_count_physical"": 8, ""processor"": ""arm"", ""architecture"": ""64bit""}, ""memory"": {""total_gb"": 24.0}, ""os"": {""system"": ""Darwin"", ""machine"": ""arm64"", ""release"": ""23.5.0""}, ""python"": {""implementation"": ""CPython"", ""version"": ""3.12.2"", ""version_info"": ""3.12.2""}, ""git"": {""commit_hash"": ""443b599dca6666ab5976e2cf184c9398d48cda2b""}, ""timezone"": {""timezone_name"": ""UTC"", ""utc_offset_hours"": 0.0}, ""timestamp"": 1752416768.0}",443b599dca6666ab5976e2cf184c9398d48cda2b,2025-07-18T11:57:35,0.03723597526550293,ERROR,,,,,,,"{""error_message"": ""Solver 'CVXOPT' failed. Try another solver, or solve with verbose=True for more information."", ""problem_class"": ""SDP""}"
1015,cvxpy_ecos,cvxpy-1.6.5-ECOS-2.0.14,SDPLIB,hinf2,SDP,"{""cpu"": {""cpu_count"": 8, ""cpu_count_physical"": 8, ""processor"": ""arm"", ""architecture"": ""64bit""}, ""memory"": {""total_gb"": 24.0}, ""os"": {""system"": ""Darwin"", ""machine"": ""arm64"", ""release"": ""23.5.0""}, ""python"": {""implementation"": ""CPython"", ""version"": ""3.12.2"", ""version_info"": ""3.12.2""}, ""git"": {""commit_hash"": ""443b599dca6666ab5976e2cf184c9398d48cda2b""}, ""timezone"": {""timezone_name"": ""UTC"", ""utc_offset_hours"": 0.0}, ""timestamp"": 1752416768.0}",443b599dca6666ab5976e2cf184c9398d48cda2b,2025-07-18T11:57:53,,UNSUPPORTED,,,,,,,"{""reason"": ""Solver does not support SDP problems"", ""problem_type"": ""SDP"", ""problem_class"": ""SDP""}"
1016,cvxpy_highs,cvxpy-1.6.5-HIGHS-1.11.0,SDPLIB,hinf2,SDP,"{""cpu"": {""cpu_count"": 8, ""cpu_count_physical"": 8, ""processor"": ""arm"", ""architecture"": ""64bit""}, ""memory"": {""total_gb"": 24.0}, ""os"": {""system"": ""Darwin"", ""machine"": ""arm64"", ""release"": ""23.5.0""}, ""python"": {""implementation"": ""CPython"", ""version"": ""3.12.2"", ""version_info"": ""3.12.2""}, ""git"": {""commit_hash"": ""443b599dca6666ab5976e2cf184c9398d48cda2b""}, ""timezone"": {""timezone_name"": ""UTC"", ""utc_offset_hours"": 0.0}, ""timestamp"": 1752416768.0}",443b599dca6666ab5976e2cf184c9398d48cda2b,2025-07-18T11:57:53,,UNSUPPORTED,,,,,,,"{""reason"": ""Solver does not support SDP problems"", ""problem_type"": ""SDP"", ""problem_class"": ""SDP""}"
1017,cvxpy_osqp,cvxpy-1.6.5-OSQP-1.0.4,SDPLIB,hinf2,SDP,"{""cpu"": {""cpu_count"": 8, ""cpu_count_physical"": 8, ""processor"": ""arm"", ""architecture"": ""64bit""}, ""memory"": {""total_gb"": 24.0}, ""os"": {""system"": ""Darwin"", ""machine"": ""arm64"", ""release"": ""23.5.0""}, ""python"": {""implementation"": ""CPython"", ""version"": ""3.12.2"", ""version_info"": ""3.12.2""}, ""git"": {""commit_hash"": ""443b599dca6666ab5976e2cf184c9398d48cda2b""}, ""timezone"": {""timezone_name"": ""UTC"", ""utc_offset_hours"": 0.0}, ""timestamp"": 1752416768.0}",443b599dca6666ab5976e2cf184c9398d48cda2b,2025-07-18T11:57:53,,UNSUPPORTED,,,,,,,"{""reason"": ""Solver does not support SDP problems"", ""problem_type"": ""SDP"", ""problem_class"": ""SDP""}"
1018,cvxpy_scip,cvxpy-1.6.5-SCIP-5.5.0,SDPLIB,hinf2,SDP,"{""cpu"": {""cpu_count"": 8, ""cpu_count_physical"": 8, ""processor"": ""arm"", ""architecture"": ""64bit""}, ""memory"": {""total_gb"": 24.0}, ""os"": {""system"": ""Darwin"", ""machine"": ""arm64"", ""release"": ""23.5.0""}, ""python"": {""implementation"": ""CPython"", ""version"": ""3.12.2"", ""version_info"": ""3.12.2""}, ""git"": {""commit_hash"": ""443b599dca6666ab5976e2cf184c9398d48cda2b""}, ""timezone"": {""timezone_name"": ""UTC"", ""utc_offset_hours"": 0.0}, ""timestamp"": 1752416768.0}",443b599dca6666ab5976e2cf184c9398d48cda2b,2025-07-18T11:57:53,,UNSUPPORTED,,,,,,,"{""reason"": ""Solver does not support SDP problems"", ""problem_type"": ""SDP"", ""problem_class"": ""SDP""}"
1013,cvxpy_scs,cvxpy-1.6.5-SCS-3.2.7.post2,SDPLIB,hinf2,SDP,"{""cpu"": {""cpu_count"": 8, ""cpu_count_physical"": 8, ""processor"": ""arm"", ""architecture"": ""64bit""}, ""memory"": {""total_gb"": 24.0}, ""os"": {""system"": ""Darwin"", ""machine"": ""arm64"", ""release"": ""23.5.0""}, ""python"": {""implementation"": ""CPython"", ""version"": ""3.12.2"", ""version_info"": ""3.12.2""}, ""git"": {""commit_hash"": ""443b599dca6666ab5976e2cf184c9398d48cda2b""}, ""timezone"": {""timezone_name"": ""UTC"", ""utc_offset_hours"": 0.0}, ""timestamp"": 1752416768.0}",443b599dca6666ab5976e2cf184c9398d48cda2b,2025-07-18T11:57:36,0.4676029682159424,OPTIMAL,-10.956014425126677,-10.95598391306363,-3.0512063046828075e-05,2.723109573191675e-06,0.00048699575464379656,74125,"{""solver_solve_time"": 0.46430825, ""problem_class"": ""SDP""}"
1014,cvxpy_sdpa,cvxpy-1.6.5-SDPA-0.2.2,SDPLIB,hinf2,SDP,"{""cpu"": {""cpu_count"": 8, ""cpu_count_physical"": 8, ""processor"": ""arm"", ""architecture"": ""64bit""}, ""memory"": {""total_gb"": 24.0}, ""os"": {""system"": ""Darwin"", ""machine"": ""arm64"", ""release"": ""23.5.0""}, ""python"": {""implementation"": ""CPython"", ""version"": ""3.12.2"", ""version_info"": ""3.12.2""}, ""git"": {""commit_hash"": ""443b599dca6666ab5976e2cf184c9398d48cda2b""}, ""timezone"": {""timezone_name"": ""UTC"", ""utc_offset_hours"": 0.0}, ""timestamp"": 1752416768.0}",443b599dca6666ab5976e2cf184c9398d48cda2b,2025-07-18T11:57:36,0.009016036987304688,OPTIMAL,-10.967063926554635,-10.967063926554637,1.7763568394002505e-15,5.723703689342138e-10,0.0,,"{""iteration_info_limitation"": ""SDPA does not provide iteration count through CVXPY"", ""solver_solve_time"": null, ""problem_class"": ""SDP""}"
1615,matlab_sdpt3,SDPT3-4.0-20240410 (MATLAB 24.1.0.2537033 (R2024a)),SDPLIB,hinf2,SDP,"{""cpu"": {""cpu_count"": 8, ""cpu_count_physical"": 8, ""processor"": ""arm"", ""architecture"": ""64bit""}, ""memory"": {""total_gb"": 24.0}, ""os"": {""system"": ""Darwin"", ""machine"": ""arm64"", ""release"": ""23.5.0""}, ""python"": {""implementation"": ""CPython"", ""version"": ""3.12.2"", ""version_info"": ""3.12.2""}, ""git"": {""commit_hash"": ""96ca043787ef8c38515cfa8d108d16b61b823e04""}, ""timezone"": {""timezone_name"": ""UTC"", ""utc_offset_hours"": 0.0}, ""timestamp"": 1752926592.0}",96ca043787ef8c38515cfa8d108d16b61b823e04,2025-07-19T14:02:40,0.3056114583333333,UNKNOWN,-10.969253774110527,-10.968153281488807,0.0011004926217204059,3.1722464136341583e-06,0.0,15,"{""matlab_output"": {""solver_name"": ""SDPT3"", ""status"": ""unknown"", ""solve_time"": 0.3056114583333333, ""setup_time"": [], ""iterations"": 15, ""primal_objective_value"": -10.969253774110527, ""dual_objective_value"": -10.968153281488807, ""duality_gap"": 0.0011004926217204059, ""primal_infeasibility"": 3.1722464136341583e-06, ""dual_infeasibility"": 0, ""solver_version"": ""SDPT3-4.0-20240410"", ""solver_options"": {}, ""termination_reason"": """", ""error_message"": """", ""timestamp"": ""2025-07-19 23:02:37"", ""matlab_version"": ""24.1.0.2537033 (R2024a)""}, ""matlab_version"": ""24.1.0.2537033 (R2024a)"", ""solver_backend"": ""sdpt3"", ""execution_environment"": ""matlab"", ""problem_class"": ""SDP""}"
1472,matlab_sedumi,SeDuMi-1.3.7 (MATLAB 24.1.0.2537033 (R2024a)),SDPLIB,hinf2,SDP,"{""cpu"": {""cpu_count"": 8, ""cpu_count_physical"": 8, ""processor"": ""arm"", ""architecture"": ""64bit""}, ""memory"": {""total_gb"": 24.0}, ""os"": {""system"": ""Darwin"", ""machine"": ""arm64"", ""release"": ""23.5.0""}, ""python"": {""implementation"": ""CPython"", ""version"": ""3.12.2"", ""version_info"": ""3.12.2""}, ""git"": {""commit_hash"": ""96ca043787ef8c38515cfa8d108d16b61b823e04""}, ""timezone"": {""timezone_name"": ""UTC"", ""utc_offset_hours"": 0.0}, ""timestamp"": 1752926592.0}",96ca043787ef8c38515cfa8d108d16b61b823e04,2025-07-19T12:38:40,0.291179125,NUM_ERROR,-10.967252738065635,-10.967220837229675,3.190083596038562e-05,2.413420742969955e-07,3.97875826735212e-08,18,"{""matlab_output"": {""solver_name"": ""SeDuMi"", ""status"": ""num_error"", ""solve_time"": 0.291179125, ""setup_time"": [], ""iterations"": 18, ""primal_objective_value"": -10.967252738065635, ""dual_objective_value"": -10.967220837229675, ""duality_gap"": 3.190083596038562e-05, ""primal_infeasibility"": 2.413420742969955e-07, ""dual_infeasibility"": 3.97875826735212e-08, ""solver_version"": ""SeDuMi-1.3.7"", ""solver_options"": {}, ""termination_reason"": """", ""error_message"": """", ""timestamp"": ""2025-07-19 21:38:37"", ""matlab_version"": ""24.1.0.2537033 (R2024a)""}, ""matlab_version"": ""24.1.0.2537033 (R2024a)"", ""solver_backend"": ""sedumi"", ""execution_environment"": ""matlab"", ""problem_class"": ""SDP""}"
1019,scipy_linprog,scipy-1.15.3,SDPLIB,hinf2,SDP,"{""cpu"": {""cpu_count"": 8, ""cpu_count_physical"": 8, ""processor"": ""arm"", ""architecture"": ""64bit""}, ""memory"": {""total_gb"": 24.0}, ""os"": {""system"": ""Darwin"", ""machine"": ""arm64"", ""release"": ""23.5.0""}, ""python"": {""implementation"": ""CPython"", ""version"": ""3.12.2"", ""version_info"": ""3.12.2""}, ""git"": {""commit_hash"": ""443b599dca6666ab5976e2cf184c9398d48cda2b""}, ""timezone"": {""timezone_name"": ""UTC"", ""utc_offset_hours"": 0.0}, ""timestamp"": 1752416768.0}",443b599dca6666ab5976e2cf184c9398d48cda2b,2025-07-18T11:57:53,,UNSUPPORTED,,,,,,,"{""reason"": ""Solver does not support SDP problems"", ""problem_type"": ""SDP"", ""problem_class"": ""SDP""}"
846,cvxpy_clarabel,cvxpy-1.6.5-CLARABEL-0.11.0,SDPLIB,hinf3,SDP,"{""cpu"": {""cpu_count"": 8, ""cpu_count_physical"": 8, ""processor"": ""arm"", ""architecture"": ""64bit""}, ""memory"": {""total_gb"": 24.0}, ""os"": {""system"": ""Darwin"", ""machine"": ""arm64"", ""release"": ""23.5.0""}, ""python"": {""implementation"": ""CPython"", ""version"": ""3.12.2"", ""version_info"": ""3.12.2""}, ""git"": {""commit_hash"": ""443b599dca6666ab5976e2cf184c9398d48cda2b""}, ""timezone"": {""timezone_name"": ""UTC"", ""utc_offset_hours"": 0.0}, ""timestamp"": 1752416768.0}",443b599dca6666ab5976e2cf184c9398d48cda2b,2025-07-16T11:35:27,0.005463123321533203,OPTIMAL,-56.95458417169877,-56.954584100815666,-7.088310383096541e-08,1.2182104934532567e-06,1.935530761916017e-08,21,"{""solver_solve_time"": 0.002227752, ""problem_class"": ""SDP""}"
847,cvxpy_cvxopt,unknown,SDPLIB,hinf3,SDP,"{""cpu"": {""cpu_count"": 8, ""cpu_count_physical"": 8, ""processor"": ""arm"", ""architecture"": ""64bit""}, ""memory"": {""total_gb"": 24.0}, ""os"": {""system"": ""Darwin"", ""machine"": ""arm64"", ""release"": ""23.5.0""}, ""python"": {""implementation"": ""CPython"", ""version"": ""3.12.2"", ""version_info"": ""3.12.2""}, ""git"": {""commit_hash"": ""443b599dca6666ab5976e2cf184c9398d48cda2b""}, ""timezone"": {""timezone_name"": ""UTC"", ""utc_offset_hours"": 0.0}, ""timestamp"": 1752416768.0}",443b599dca6666ab5976e2cf184c9398d48cda2b,2025-07-16T11:35:27,0.04079627990722656,ERROR,,,,,,,"{""error_message"": ""Solver 'CVXOPT' failed. Try another solver, or solve with verbose=True for more information."", ""problem_class"": ""SDP""}"
850,cvxpy_ecos,cvxpy-1.6.5-ECOS-2.0.14,SDPLIB,hinf3,SDP,"{""cpu"": {""cpu_count"": 8, ""cpu_count_physical"": 8, ""processor"": ""arm"", ""architecture"": ""64bit""}, ""memory"": {""total_gb"": 24.0}, ""os"": {""system"": ""Darwin"", ""machine"": ""arm64"", ""release"": ""23.5.0""}, ""python"": {""implementation"": ""CPython"", ""version"": ""3.12.2"", ""version_info"": ""3.12.2""}, ""git"": {""commit_hash"": ""443b599dca6666ab5976e2cf184c9398d48cda2b""}, ""timezone"": {""timezone_name"": ""UTC"", ""utc_offset_hours"": 0.0}, ""timestamp"": 1752416768.0}",443b599dca6666ab5976e2cf184c9398d48cda2b,2025-07-16T11:35:37,,UNSUPPORTED,,,,,,,"{""reason"": ""Solver does not support SDP problems"", ""problem_type"": ""SDP"", ""problem_class"": ""SDP""}"
851,cvxpy_highs,cvxpy-1.6.5-HIGHS-1.11.0,SDPLIB,hinf3,SDP,"{""cpu"": {""cpu_count"": 8, ""cpu_count_physical"": 8, ""processor"": ""arm"", ""architecture"": ""64bit""}, ""memory"": {""total_gb"": 24.0}, ""os"": {""system"": ""Darwin"", ""machine"": ""arm64"", ""release"": ""23.5.0""}, ""python"": {""implementation"": ""CPython"", ""version"": ""3.12.2"", ""version_info"": ""3.12.2""}, ""git"": {""commit_hash"": ""443b599dca6666ab5976e2cf184c9398d48cda2b""}, ""timezone"": {""timezone_name"": ""UTC"", ""utc_offset_hours"": 0.0}, ""timestamp"": 1752416768.0}",443b599dca6666ab5976e2cf184c9398d48cda2b,2025-07-16T11:35:37,,UNSUPPORTED,,,,,,,"{""reason"": ""Solver does not support SDP problems"", ""problem_type"": ""SDP"", ""problem_class"": ""SDP""}"
852,cvxpy_osqp,cvxpy-1.6.5-OSQP-1.0.4,SDPLIB,hinf3,SDP,"{""cpu"": {""cpu_count"": 8, ""cpu_count_physical"": 8, ""processor"": ""arm"", ""architecture"": ""64bit""}, ""memory"": {""total_gb"": 24.0}, ""os"": {""system"": ""Darwin"", ""machine"": ""arm64"", ""release"": ""23.5.0""}, ""python"": {""implementation"": ""CPython"", ""version"": ""3.12.2"", ""version_info"": ""3.12.2""}, ""git"": {""commit_hash"": ""443b599dca6666ab5976e2cf184c9398d48cda2b""}, ""timezone"": {""timezone_name"": ""UTC"", ""utc_offset_hours"": 0.0}, ""timestamp"": 1752416768.0}",443b599dca6666ab5976e2cf184c9398d48cda2b,2025-07-16T11:35:37,,UNSUPPORTED,,,,,,,"{""reason"": ""Solver does not support SDP problems"", ""problem_type"": ""SDP"", ""problem_class"": ""SDP""}"
853,cvxpy_scip,cvxpy-1.6.5-SCIP-5.5.0,SDPLIB,hinf3,SDP,"{""cpu"": {""cpu_count"": 8, ""cpu_count_physical"": 8, ""processor"": ""arm"", ""architecture"": ""64bit""}, ""memory"": {""total_gb"": 24.0}, ""os"": {""system"": ""Darwin"", ""machine"": ""arm64"", ""release"": ""23.5.0""}, ""python"": {""implementation"": ""CPython"", ""version"": ""3.12.2"", ""version_info"": ""3.12.2""}, ""git"": {""commit_hash"": ""443b599dca6666ab5976e2cf184c9398d48cda2b""}, ""timezone"": {""timezone_name"": ""UTC"", ""utc_offset_hours"": 0.0}, ""timestamp"": 1752416768.0}",443b599dca6666ab5976e2cf184c9398d48cda2b,2025-07-16T11:35:37,,UNSUPPORTED,,,,,,,"{""reason"": ""Solver does not support SDP problems"", ""problem_type"": ""SDP"", ""problem_class"": ""SDP""}"
848,cvxpy_scs,cvxpy-1.6.5-SCS-3.2.7.post2,SDPLIB,hinf3,SDP,"{""cpu"": {""cpu_count"": 8, ""cpu_count_physical"": 8, ""processor"": ""arm"", ""architecture"": ""64bit""}, ""memory"": {""total_gb"": 24.0}, ""os"": {""system"": ""Darwin"", ""machine"": ""arm64"", ""release"": ""23.5.0""}, ""python"": {""implementation"": ""CPython"", ""version"": ""3.12.2"", ""version_info"": ""3.12.2""}, ""git"": {""commit_hash"": ""443b599dca6666ab5976e2cf184c9398d48cda2b""}, ""timezone"": {""timezone_name"": ""UTC"", ""utc_offset_hours"": 0.0}, ""timestamp"": 1752416768.0}",443b599dca6666ab5976e2cf184c9398d48cda2b,2025-07-16T11:35:27,0.053626060485839844,OPTIMAL,-56.95290556196835,-56.95257093437306,-0.00033462759529356845,4.360158022165924e-06,9.60043824422556e-06,7875,"{""solver_solve_time"": 0.050412208, ""problem_class"": ""SDP""}"
849,cvxpy_sdpa,cvxpy-1.6.5-SDPA-0.2.2,SDPLIB,hinf3,SDP,"{""cpu"": {""cpu_count"": 8, ""cpu_count_physical"": 8, ""processor"": ""arm"", ""architecture"": ""64bit""}, ""memory"": {""total_gb"": 24.0}, ""os"": {""system"": ""Darwin"", ""machine"": ""arm64"", ""release"": ""23.5.0""}, ""python"": {""implementation"": ""CPython"", ""version"": ""3.12.2"", ""version_info"": ""3.12.2""}, ""git"": {""commit_hash"": ""443b599dca6666ab5976e2cf184c9398d48cda2b""}, ""timezone"": {""timezone_name"": ""UTC"", ""utc_offset_hours"": 0.0}, ""timestamp"": 1752416768.0}",443b599dca6666ab5976e2cf184c9398d48cda2b,2025-07-16T11:35:27,0.00951695442199707,OPTIMAL (INACCURATE),-56.946017137117806,-56.94340849281433,-0.0026086443034785134,1.9356932179028497e-06,0.0,,"{""iteration_info_limitation"": ""SDPA does not provide iteration count through CVXPY"", ""solver_solve_time"": null, ""problem_class"": ""SDP""}"
1616,matlab_sdpt3,SDPT3-4.0-20240410 (MATLAB 24.1.0.2537033 (R2024a)),SDPLIB,hinf3,SDP,"{""cpu"": {""cpu_count"": 8, ""cpu_count_physical"": 8, ""processor"": ""arm"", ""architecture"": ""64bit""}, ""memory"": {""total_gb"": 24.0}, ""os"": {""system"": ""Darwin"", ""machine"": ""arm64"", ""release"": ""23.5.0""}, ""python"": {""implementation"": ""CPython"", ""version"": ""3.12.2"", ""version_info"": ""3.12.2""}, ""git"": {""commit_hash"": ""96ca043787ef8c38515cfa8d108d16b61b823e04""}, ""timezone"": {""timezone_name"": ""UTC"", ""utc_offset_hours"": 0.0}, ""timestamp"": 1752926592.0}",96ca043787ef8c38515cfa8d108d16b61b823e04,2025-07-19T14:02:45,0.3675725833333333,OPTIMAL,-56.96785514137487,-56.95432364943337,0.013531491941499496,6.41331617518588e-06,0.0,20,"{""matlab_output"": {""solver_name"": ""SDPT3"", ""status"": ""optimal"", ""solve_time"": 0.3675725833333333, ""setup_time"": [], ""iterations"": 20, ""primal_objective_value"": -56.96785514137487, ""dual_objective_value"": -56.95432364943337, ""duality_gap"": 0.013531491941499496, ""primal_infeasibility"": 6.41331617518588e-06, ""dual_infeasibility"": 0, ""solver_version"": ""SDPT3-4.0-20240410"", ""solver_options"": {}, ""termination_reason"": """", ""error_message"": """", ""timestamp"": ""2025-07-19 23:02:43"", ""matlab_version"": ""24.1.0.2537033 (R2024a)""}, ""matlab_version"": ""24.1.0.2537033 (R2024a)"", ""solver_backend"": ""sdpt3"", ""execution_environment"": ""matlab"", ""problem_class"": ""SDP""}"
1473,matlab_sedumi,SeDuMi-1.3.7 (MATLAB 24.1.0.2537033 (R2024a)),SDPLIB,hinf3,SDP,"{""cpu"": {""cpu_count"": 8, ""cpu_count_physical"": 8, ""processor"": ""arm"", ""architecture"": ""64bit""}, ""memory"": {""total_gb"": 24.0}, ""os"": {""system"": ""Darwin"", ""machine"": ""arm64"", ""release"": ""23.5.0""}, ""python"": {""implementation"": ""CPython"", ""version"": ""3.12.2"", ""version_info"": ""3.12.2""}, ""git"": {""commit_hash"": ""96ca043787ef8c38515cfa8d108d16b61b823e04""}, ""timezone"": {""timezone_name"": ""UTC"", ""utc_offset_hours"": 0.0}, ""timestamp"": 1752926592.0}",96ca043787ef8c38515cfa8d108d16b61b823e04,2025-07-19T12:38:46,0.2846183333333333,NUM_ERROR,-56.94166534866042,-56.93662791786083,0.005037430799589515,4.0341715618686706e-07,8.598366229162091e-08,18,"{""matlab_output"": {""solver_name"": ""SeDuMi"", ""status"": ""num_error"", ""solve_time"": 0.2846183333333333, ""setup_time"": [], ""iterations"": 18, ""primal_objective_value"": -56.94166534866042, ""dual_objective_value"": -56.93662791786083, ""duality_gap"": 0.005037430799589515, ""primal_infeasibility"": 4.0341715618686706e-07, ""dual_infeasibility"": 8.598366229162091e-08, ""solver_version"": ""SeDuMi-1.3.7"", ""solver_options"": {}, ""termination_reason"": """", ""error_message"": """", ""timestamp"": ""2025-07-19 21:38:43"", ""matlab_version"": ""24.1.0.2537033 (R2024a)""}, ""matlab_version"": ""24.1.0.2537033 (R2024a)"", ""solver_backend"": ""sedumi"", ""execution_environment"": ""matlab"", ""problem_class"": ""SDP""}"
854,scipy_linprog,scipy-1.15.3,SDPLIB,hinf3,SDP,"{""cpu"": {""cpu_count"": 8, ""cpu_count_physical"": 8, ""processor"": ""arm"", ""architecture"": ""64bit""}, ""memory"": {""total_gb"": 24.0}, ""os"": {""system"": ""Darwin"", ""machine"": ""arm64"", ""release"": ""23.5.0""}, ""python"": {""implementation"": ""CPython"", ""version"": ""3.12.2"", ""version_info"": ""3.12.2""}, ""git"": {""commit_hash"": ""443b599dca6666ab5976e2cf184c9398d48cda2b""}, ""timezone"": {""timezone_name"": ""UTC"", ""utc_offset_hours"": 0.0}, ""timestamp"": 1752416768.0}",443b599dca6666ab5976e2cf184c9398d48cda2b,2025-07-16T11:35:37,,UNSUPPORTED,,,,,,,"{""reason"": ""Solver does not support SDP problems"", ""problem_type"": ""SDP"", ""problem_class"": ""SDP""}"
1022,cvxpy_clarabel,cvxpy-1.6.5-CLARABEL-0.11.0,SDPLIB,hinf4,SDP,"{""cpu"": {""cpu_count"": 8, ""cpu_count_physical"": 8, ""processor"": ""arm"", ""architecture"": ""64bit""}, ""memory"": {""total_gb"": 24.0}, ""os"": {""system"": ""Darwin"", ""machine"": ""arm64"", ""release"": ""23.5.0""}, ""python"": {""implementation"": ""CPython"", ""version"": ""3.12.2"", ""version_info"": ""3.12.2""}, ""git"": {""commit_hash"": ""443b599dca6666ab5976e2cf184c9398d48cda2b""}, ""timezone"": {""timezone_name"": ""UTC"", ""utc_offset_hours"": 0.0}, ""timestamp"": 1752416768.0}",443b599dca6666ab5976e2cf184c9398d48cda2b,2025-07-18T11:58:42,0.005476951599121094,OPTIMAL,-274.76580456156256,-274.7658044528675,-1.0869507605093531e-07,2.9587869724570718e-08,0.0,22,"{""solver_solve_time"": 0.002260333, ""problem_class"": ""SDP""}"
1023,cvxpy_cvxopt,unknown,SDPLIB,hinf4,SDP,"{""cpu"": {""cpu_count"": 8, ""cpu_count_physical"": 8, ""processor"": ""arm"", ""architecture"": ""64bit""}, ""memory"": {""total_gb"": 24.0}, ""os"": {""system"": ""Darwin"", ""machine"": ""arm64"", ""release"": ""23.5.0""}, ""python"": {""implementation"": ""CPython"", ""version"": ""3.12.2"", ""version_info"": ""3.12.2""}, ""git"": {""commit_hash"": ""443b599dca6666ab5976e2cf184c9398d48cda2b""}, ""timezone"": {""timezone_name"": ""UTC"", ""utc_offset_hours"": 0.0}, ""timestamp"": 1752416768.0}",443b599dca6666ab5976e2cf184c9398d48cda2b,2025-07-18T11:58:42,0.052572011947631836,ERROR,,,,,,,"{""error_message"": ""Solver 'CVXOPT' failed. Try another solver, or solve with verbose=True for more information."", ""problem_class"": ""SDP""}"
1026,cvxpy_ecos,cvxpy-1.6.5-ECOS-2.0.14,SDPLIB,hinf4,SDP,"{""cpu"": {""cpu_count"": 8, ""cpu_count_physical"": 8, ""processor"": ""arm"", ""architecture"": ""64bit""}, ""memory"": {""total_gb"": 24.0}, ""os"": {""system"": ""Darwin"", ""machine"": ""arm64"", ""release"": ""23.5.0""}, ""python"": {""implementation"": ""CPython"", ""version"": ""3.12.2"", ""version_info"": ""3.12.2""}, ""git"": {""commit_hash"": ""443b599dca6666ab5976e2cf184c9398d48cda2b""}, ""timezone"": {""timezone_name"": ""UTC"", ""utc_offset_hours"": 0.0}, ""timestamp"": 1752416768.0}",443b599dca6666ab5976e2cf184c9398d48cda2b,2025-07-18T11:58:51,,UNSUPPORTED,,,,,,,"{""reason"": ""Solver does not support SDP problems"", ""problem_type"": ""SDP"", ""problem_class"": ""SDP""}"
1027,cvxpy_highs,cvxpy-1.6.5-HIGHS-1.11.0,SDPLIB,hinf4,SDP,"{""cpu"": {""cpu_count"": 8, ""cpu_count_physical"": 8, ""processor"": ""arm"", ""architecture"": ""64bit""}, ""memory"": {""total_gb"": 24.0}, ""os"": {""system"": ""Darwin"", ""machine"": ""arm64"", ""release"": ""23.5.0""}, ""python"": {""implementation"": ""CPython"", ""version"": ""3.12.2"", ""version_info"": ""3.12.2""}, ""git"": {""commit_hash"": ""443b599dca6666ab5976e2cf184c9398d48cda2b""}, ""timezone"": {""timezone_name"": ""UTC"", ""utc_offset_hours"": 0.0}, ""timestamp"": 1752416768.0}",443b599dca6666ab5976e2cf184c9398d48cda2b,2025-07-18T11:58:51,,UNSUPPORTED,,,,,,,"{""reason"": ""Solver does not support SDP problems"", ""problem_type"": ""SDP"", ""problem_class"": ""SDP""}"
1028,cvxpy_osqp,cvxpy-1.6.5-OSQP-1.0.4,SDPLIB,hinf4,SDP,"{""cpu"": {""cpu_count"": 8, ""cpu_count_physical"": 8, ""processor"": ""arm"", ""architecture"": ""64bit""}, ""memory"": {""total_gb"": 24.0}, ""os"": {""system"": ""Darwin"", ""machine"": ""arm64"", ""release"": ""23.5.0""}, ""python"": {""implementation"": ""CPython"", ""version"": ""3.12.2"", ""version_info"": ""3.12.2""}, ""git"": {""commit_hash"": ""443b599dca6666ab5976e2cf184c9398d48cda2b""}, ""timezone"": {""timezone_name"": ""UTC"", ""utc_offset_hours"": 0.0}, ""timestamp"": 1752416768.0}",443b599dca6666ab5976e2cf184c9398d48cda2b,2025-07-18T11:58:51,,UNSUPPORTED,,,,,,,"{""reason"": ""Solver does not support SDP problems"", ""problem_type"": ""SDP"", ""problem_class"": ""SDP""}"
1029,cvxpy_scip,cvxpy-1.6.5-SCIP-5.5.0,SDPLIB,hinf4,SDP,"{""cpu"": {""cpu_count"": 8, ""cpu_count_physical"": 8, ""processor"": ""arm"", ""architecture"": ""64bit""}, ""memory"": {""total_gb"": 24.0}, ""os"": {""system"": ""Darwin"", ""machine"": ""arm64"", ""release"": ""23.5.0""}, ""python"": {""implementation"": ""CPython"", ""version"": ""3.12.2"", ""version_info"": ""3.12.2""}, ""git"": {""commit_hash"": ""443b599dca6666ab5976e2cf184c9398d48cda2b""}, ""timezone"": {""timezone_name"": ""UTC"", ""utc_offset_hours"": 0.0}, ""timestamp"": 1752416768.0}",443b599dca6666ab5976e2cf184c9398d48cda2b,2025-07-18T11:58:51,,UNSUPPORTED,,,,,,,"{""reason"": ""Solver does not support SDP problems"", ""problem_type"": ""SDP"", ""problem_class"": ""SDP""}"
1024,cvxpy_scs,cvxpy-1.6.5-SCS-3.2.7.post2,SDPLIB,hinf4,SDP,"{""cpu"": {""cpu_count"": 8, ""cpu_count_physical"": 8, ""processor"": ""arm"", ""architecture"": ""64bit""}, ""memory"": {""total_gb"": 24.0}, ""os"": {""system"": ""Darwin"", ""machine"": ""arm64"", ""release"": ""23.5.0""}, ""python"": {""implementation"": ""CPython"", ""version"": ""3.12.2"", ""version_info"": ""3.12.2""}, ""git"": {""commit_hash"": ""443b599dca6666ab5976e2cf184c9398d48cda2b""}, ""timezone"": {""timezone_name"": ""UTC"", ""utc_offset_hours"": 0.0}, ""timestamp"": 1752416768.0}",443b599dca6666ab5976e2cf184c9398d48cda2b,2025-07-18T11:58:42,0.05102682113647461,OPTIMAL,-274.8169686239859,-274.8175011426577,0.0005325186718323494,1.5793940777175766e-05,5.0915418172079886e-09,7175,"{""solver_solve_time"": 0.047997041000000004, ""problem_class"": ""SDP""}"
1025,cvxpy_sdpa,cvxpy-1.6.5-SDPA-0.2.2,SDPLIB,hinf4,SDP,"{""cpu"": {""cpu_count"": 8, ""cpu_count_physical"": 8, ""processor"": ""arm"", ""architecture"": ""64bit""}, ""memory"": {""total_gb"": 24.0}, ""os"": {""system"": ""Darwin"", ""machine"": ""arm64"", ""release"": ""23.5.0""}, ""python"": {""implementation"": ""CPython"", ""version"": ""3.12.2"", ""version_info"": ""3.12.2""}, ""git"": {""commit_hash"": ""443b599dca6666ab5976e2cf184c9398d48cda2b""}, ""timezone"": {""timezone_name"": ""UTC"", ""utc_offset_hours"": 0.0}, ""timestamp"": 1752416768.0}",443b599dca6666ab5976e2cf184c9398d48cda2b,2025-07-18T11:58:42,0.01003885269165039,OPTIMAL (INACCURATE),-274.7642606658802,-274.7640791113404,-0.00018155453983581538,2.067736809821613e-08,0.0,,"{""iteration_info_limitation"": ""SDPA does not provide iteration count through CVXPY"", ""solver_solve_time"": null, ""problem_class"": ""SDP""}"
1617,matlab_sdpt3,SDPT3-4.0-20240410 (MATLAB 24.1.0.2537033 (R2024a)),SDPLIB,hinf4,SDP,"{""cpu"": {""cpu_count"": 8, ""cpu_count_physical"": 8, ""processor"": ""arm"", ""architecture"": ""64bit""}, ""memory"": {""total_gb"": 24.0}, ""os"": {""system"": ""Darwin"", ""machine"": ""arm64"", ""release"": ""23.5.0""}, ""python"": {""implementation"": ""CPython"", ""version"": ""3.12.2"", ""version_info"": ""3.12.2""}, ""git"": {""commit_hash"": ""96ca043787ef8c38515cfa8d108d16b61b823e04""}, ""timezone"": {""timezone_name"": ""UTC"", ""utc_offset_hours"": 0.0}, ""timestamp"": 1752926592.0}",96ca043787ef8c38515cfa8d108d16b61b823e04,2025-07-19T14:02:51,0.348355125,MAX_ITER,-274.76574859289997,-274.7647974867353,0.0009511061646776398,8.935314643369996e-08,0.0,21,"{""matlab_output"": {""solver_name"": ""SDPT3"", ""status"": ""max_iter"", ""solve_time"": 0.348355125, ""setup_time"": [], ""iterations"": 21, ""primal_objective_value"": -274.76574859289997, ""dual_objective_value"": -274.7647974867353, ""duality_gap"": 0.0009511061646776398, ""primal_infeasibility"": 8.935314643369996e-08, ""dual_infeasibility"": 0, ""solver_version"": ""SDPT3-4.0-20240410"", ""solver_options"": {}, ""termination_reason"": """", ""error_message"": """", ""timestamp"": ""2025-07-19 23:02:48"", ""matlab_version"": ""24.1.0.2537033 (R2024a)""}, ""matlab_version"": ""24.1.0.2537033 (R2024a)"", ""solver_backend"": ""sdpt3"", ""execution_environment"": ""matlab"", ""problem_class"": ""SDP""}"
1474,matlab_sedumi,SeDuMi-1.3.7 (MATLAB 24.1.0.2537033 (R2024a)),SDPLIB,hinf4,SDP,"{""cpu"": {""cpu_count"": 8, ""cpu_count_physical"": 8, ""processor"": ""arm"", ""architecture"": ""64bit""}, ""memory"": {""total_gb"": 24.0}, ""os"": {""system"": ""Darwin"", ""machine"": ""arm64"", ""release"": ""23.5.0""}, ""python"": {""implementation"": ""CPython"", ""version"": ""3.12.2"", ""version_info"": ""3.12.2""}, ""git"": {""commit_hash"": ""96ca043787ef8c38515cfa8d108d16b61b823e04""}, ""timezone"": {""timezone_name"": ""UTC"", ""utc_offset_hours"": 0.0}, ""timestamp"": 1752926592.0}",96ca043787ef8c38515cfa8d108d16b61b823e04,2025-07-19T12:38:51,0.348588375,OPTIMAL,-274.76402427242704,-274.76401549857536,8.773851675414335e-06,6.1072960080975595e-09,0.0,27,"{""matlab_output"": {""solver_name"": ""SeDuMi"", ""status"": ""optimal"", ""solve_time"": 0.348588375, ""setup_time"": [], ""iterations"": 27, ""primal_objective_value"": -274.76402427242704, ""dual_objective_value"": -274.76401549857536, ""duality_gap"": 8.773851675414335e-06, ""primal_infeasibility"": 6.1072960080975595e-09, ""dual_infeasibility"": 0, ""solver_version"": ""SeDuMi-1.3.7"", ""solver_options"": {}, ""termination_reason"": """", ""error_message"": """", ""timestamp"": ""2025-07-19 21:38:48"", ""matlab_version"": ""24.1.0.2537033 (R2024a)""}, ""matlab_version"": ""24.1.0.2537033 (R2024a)"", ""solver_backend"": ""sedumi"", ""execution_environment"": ""matlab"", ""problem_class"": ""SDP""}"
1030,scipy_linprog,scipy-1.15.3,SDPLIB,hinf4,SDP,"{""cpu"": {""cpu_count"": 8, ""cpu_count_physical"": 8, ""processor"": ""arm"", ""architecture"": ""64bit""}, ""memory"": {""total_gb"": 24.0}, ""os"": {""system"": ""Darwin"", ""machine"": ""arm64"", ""release"": ""23.5.0""}, ""python"": {""implementation"": ""CPython"", ""version"": ""3.12.2"", ""version_info"": ""3.12.2""}, ""git"": {""commit_hash"": ""443b599dca6666ab5976e2cf184c9398d48cda2b""}, ""timezone"": {""timezone_name"": ""UTC"", ""utc_offset_hours"": 0.0}, ""timestamp"": 1752416768.0}",443b599dca6666ab5976e2cf184c9398d48cda2b,2025-07-18T11:58:51,,UNSUPPORTED,,,,,,,"{""reason"": ""Solver does not support SDP problems"", ""problem_type"": ""SDP"", ""problem_class"": ""SDP""}"
1033,cvxpy_clarabel,cvxpy-1.6.5-CLARABEL-0.11.0,SDPLIB,hinf5,SDP,"{""cpu"": {""cpu_count"": 8, ""cpu_count_physical"": 8, ""processor"": ""arm"", ""architecture"": ""64bit""}, ""memory"": {""total_gb"": 24.0}, ""os"": {""system"": ""Darwin"", ""machine"": ""arm64"", ""release"": ""23.5.0""}, ""python"": {""implementation"": ""CPython"", ""version"": ""3.12.2"", ""version_info"": ""3.12.2""}, ""git"": {""commit_hash"": ""443b599dca6666ab5976e2cf184c9398d48cda2b""}, ""timezone"": {""timezone_name"": ""UTC"", ""utc_offset_hours"": 0.0}, ""timestamp"": 1752416768.0}",443b599dca6666ab5976e2cf184c9398d48cda2b,2025-07-18T11:59:50,0.0060749053955078125,OPTIMAL (INACCURATE),-362.4299072470292,-362.4295803431538,-0.000326903875361495,4.958727500256144e-06,0.0,18,"{""solver_solve_time"": 0.002001209, ""problem_class"": ""SDP""}"
1034,cvxpy_cvxopt,unknown,SDPLIB,hinf5,SDP,"{""cpu"": {""cpu_count"": 8, ""cpu_count_physical"": 8, ""processor"": ""arm"", ""architecture"": ""64bit""}, ""memory"": {""total_gb"": 24.0}, ""os"": {""system"": ""Darwin"", ""machine"": ""arm64"", ""release"": ""23.5.0""}, ""python"": {""implementation"": ""CPython"", ""version"": ""3.12.2"", ""version_info"": ""3.12.2""}, ""git"": {""commit_hash"": ""443b599dca6666ab5976e2cf184c9398d48cda2b""}, ""timezone"": {""timezone_name"": ""UTC"", ""utc_offset_hours"": 0.0}, ""timestamp"": 1752416768.0}",443b599dca6666ab5976e2cf184c9398d48cda2b,2025-07-18T11:59:50,0.0457768440246582,ERROR,,,,,,,"{""error_message"": ""Solver 'CVXOPT' failed. Try another solver, or solve with verbose=True for more information."", ""problem_class"": ""SDP""}"
1037,cvxpy_ecos,cvxpy-1.6.5-ECOS-2.0.14,SDPLIB,hinf5,SDP,"{""cpu"": {""cpu_count"": 8, ""cpu_count_physical"": 8, ""processor"": ""arm"", ""architecture"": ""64bit""}, ""memory"": {""total_gb"": 24.0}, ""os"": {""system"": ""Darwin"", ""machine"": ""arm64"", ""release"": ""23.5.0""}, ""python"": {""implementation"": ""CPython"", ""version"": ""3.12.2"", ""version_info"": ""3.12.2""}, ""git"": {""commit_hash"": ""443b599dca6666ab5976e2cf184c9398d48cda2b""}, ""timezone"": {""timezone_name"": ""UTC"", ""utc_offset_hours"": 0.0}, ""timestamp"": 1752416768.0}",443b599dca6666ab5976e2cf184c9398d48cda2b,2025-07-18T12:00:00,,UNSUPPORTED,,,,,,,"{""reason"": ""Solver does not support SDP problems"", ""problem_type"": ""SDP"", ""problem_class"": ""SDP""}"
1038,cvxpy_highs,cvxpy-1.6.5-HIGHS-1.11.0,SDPLIB,hinf5,SDP,"{""cpu"": {""cpu_count"": 8, ""cpu_count_physical"": 8, ""processor"": ""arm"", ""architecture"": ""64bit""}, ""memory"": {""total_gb"": 24.0}, ""os"": {""system"": ""Darwin"", ""machine"": ""arm64"", ""release"": ""23.5.0""}, ""python"": {""implementation"": ""CPython"", ""version"": ""3.12.2"", ""version_info"": ""3.12.2""}, ""git"": {""commit_hash"": ""443b599dca6666ab5976e2cf184c9398d48cda2b""}, ""timezone"": {""timezone_name"": ""UTC"", ""utc_offset_hours"": 0.0}, ""timestamp"": 1752416768.0}",443b599dca6666ab5976e2cf184c9398d48cda2b,2025-07-18T12:00:00,,UNSUPPORTED,,,,,,,"{""reason"": ""Solver does not support SDP problems"", ""problem_type"": ""SDP"", ""problem_class"": ""SDP""}"
1039,cvxpy_osqp,cvxpy-1.6.5-OSQP-1.0.4,SDPLIB,hinf5,SDP,"{""cpu"": {""cpu_count"": 8, ""cpu_count_physical"": 8, ""processor"": ""arm"", ""architecture"": ""64bit""}, ""memory"": {""total_gb"": 24.0}, ""os"": {""system"": ""Darwin"", ""machine"": ""arm64"", ""release"": ""23.5.0""}, ""python"": {""implementation"": ""CPython"", ""version"": ""3.12.2"", ""version_info"": ""3.12.2""}, ""git"": {""commit_hash"": ""443b599dca6666ab5976e2cf184c9398d48cda2b""}, ""timezone"": {""timezone_name"": ""UTC"", ""utc_offset_hours"": 0.0}, ""timestamp"": 1752416768.0}",443b599dca6666ab5976e2cf184c9398d48cda2b,2025-07-18T12:00:00,,UNSUPPORTED,,,,,,,"{""reason"": ""Solver does not support SDP problems"", ""problem_type"": ""SDP"", ""problem_class"": ""SDP""}"
1040,cvxpy_scip,cvxpy-1.6.5-SCIP-5.5.0,SDPLIB,hinf5,SDP,"{""cpu"": {""cpu_count"": 8, ""cpu_count_physical"": 8, ""processor"": ""arm"", ""architecture"": ""64bit""}, ""memory"": {""total_gb"": 24.0}, ""os"": {""system"": ""Darwin"", ""machine"": ""arm64"", ""release"": ""23.5.0""}, ""python"": {""implementation"": ""CPython"", ""version"": ""3.12.2"", ""version_info"": ""3.12.2""}, ""git"": {""commit_hash"": ""443b599dca6666ab5976e2cf184c9398d48cda2b""}, ""timezone"": {""timezone_name"": ""UTC"", ""utc_offset_hours"": 0.0}, ""timestamp"": 1752416768.0}",443b599dca6666ab5976e2cf184c9398d48cda2b,2025-07-18T12:00:00,,UNSUPPORTED,,,,,,,"{""reason"": ""Solver does not support SDP problems"", ""problem_type"": ""SDP"", ""problem_class"": ""SDP""}"
1035,cvxpy_scs,cvxpy-1.6.5-SCS-3.2.7.post2,SDPLIB,hinf5,SDP,"{""cpu"": {""cpu_count"": 8, ""cpu_count_physical"": 8, ""processor"": ""arm"", ""architecture"": ""64bit""}, ""memory"": {""total_gb"": 24.0}, ""os"": {""system"": ""Darwin"", ""machine"": ""arm64"", ""release"": ""23.5.0""}, ""python"": {""implementation"": ""CPython"", ""version"": ""3.12.2"", ""version_info"": ""3.12.2""}, ""git"": {""commit_hash"": ""443b599dca6666ab5976e2cf184c9398d48cda2b""}, ""timezone"": {""timezone_name"": ""UTC"", ""utc_offset_hours"": 0.0}, ""timestamp"": 1752416768.0}",443b599dca6666ab5976e2cf184c9398d48cda2b,2025-07-18T11:59:50,0.08220601081848145,OPTIMAL,-320.9234414376666,-320.92497928960995,0.0015378519433397742,3.052930540788306e-06,0.00027660204589100273,13300,"{""solver_solve_time"": 0.07908475, ""problem_class"": ""SDP""}"
1036,cvxpy_sdpa,cvxpy-1.6.5-SDPA-0.2.2,SDPLIB,hinf5,SDP,"{""cpu"": {""cpu_count"": 8, ""cpu_count_physical"": 8, ""processor"": ""arm"", ""architecture"": ""64bit""}, ""memory"": {""total_gb"": 24.0}, ""os"": {""system"": ""Darwin"", ""machine"": ""arm64"", ""release"": ""23.5.0""}, ""python"": {""implementation"": ""CPython"", ""version"": ""3.12.2"", ""version_info"": ""3.12.2""}, ""git"": {""commit_hash"": ""443b599dca6666ab5976e2cf184c9398d48cda2b""}, ""timezone"": {""timezone_name"": ""UTC"", ""utc_offset_hours"": 0.0}, ""timestamp"": 1752416768.0}",443b599dca6666ab5976e2cf184c9398d48cda2b,2025-07-18T11:59:50,0.008898258209228516,OPTIMAL (INACCURATE),-363.08837704719326,-362.65312853712743,-0.43524851006583276,0.0031096059091866054,0.0,,"{""iteration_info_limitation"": ""SDPA does not provide iteration count through CVXPY"", ""solver_solve_time"": null, ""problem_class"": ""SDP""}"
1618,matlab_sdpt3,SDPT3-4.0-20240410 (MATLAB 24.1.0.2537033 (R2024a)),SDPLIB,hinf5,SDP,"{""cpu"": {""cpu_count"": 8, ""cpu_count_physical"": 8, ""processor"": ""arm"", ""architecture"": ""64bit""}, ""memory"": {""total_gb"": 24.0}, ""os"": {""system"": ""Darwin"", ""machine"": ""arm64"", ""release"": ""23.5.0""}, ""python"": {""implementation"": ""CPython"", ""version"": ""3.12.2"", ""version_info"": ""3.12.2""}, ""git"": {""commit_hash"": ""96ca043787ef8c38515cfa8d108d16b61b823e04""}, ""timezone"": {""timezone_name"": ""UTC"", ""utc_offset_hours"": 0.0}, ""timestamp"": 1752926592.0}",96ca043787ef8c38515cfa8d108d16b61b823e04,2025-07-19T14:02:56,0.30704,UNKNOWN,-362.8407662937241,-362.5463311167045,0.29443517701957944,5.076986649325987e-05,0.0,16,"{""matlab_output"": {""solver_name"": ""SDPT3"", ""status"": ""unknown"", ""solve_time"": 0.30704, ""setup_time"": [], ""iterations"": 16, ""primal_objective_value"": -362.8407662937241, ""dual_objective_value"": -362.5463311167045, ""duality_gap"": 0.29443517701957944, ""primal_infeasibility"": 5.076986649325987e-05, ""dual_infeasibility"": 0, ""solver_version"": ""SDPT3-4.0-20240410"", ""solver_options"": {}, ""termination_reason"": """", ""error_message"": """", ""timestamp"": ""2025-07-19 23:02:54"", ""matlab_version"": ""24.1.0.2537033 (R2024a)""}, ""matlab_version"": ""24.1.0.2537033 (R2024a)"", ""solver_backend"": ""sdpt3"", ""execution_environment"": ""matlab"", ""problem_class"": ""SDP""}"
1475,matlab_sedumi,SeDuMi-1.3.7 (MATLAB 24.1.0.2537033 (R2024a)),SDPLIB,hinf5,SDP,"{""cpu"": {""cpu_count"": 8, ""cpu_count_physical"": 8, ""processor"": ""arm"", ""architecture"": ""64bit""}, ""memory"": {""total_gb"": 24.0}, ""os"": {""system"": ""Darwin"", ""machine"": ""arm64"", ""release"": ""23.5.0""}, ""python"": {""implementation"": ""CPython"", ""version"": ""3.12.2"", ""version_info"": ""3.12.2""}, ""git"": {""commit_hash"": ""96ca043787ef8c38515cfa8d108d16b61b823e04""}, ""timezone"": {""timezone_name"": ""UTC"", ""utc_offset_hours"": 0.0}, ""timestamp"": 1752926592.0}",96ca043787ef8c38515cfa8d108d16b61b823e04,2025-07-19T12:38:57,0.29583345833333335,NUM_ERROR,-362.1389840878955,-362.19928444461704,0.06030035672154099,4.623878615933405e-05,1.468529060102308e-08,19,"{""matlab_output"": {""solver_name"": ""SeDuMi"", ""status"": ""num_error"", ""solve_time"": 0.29583345833333335, ""setup_time"": [], ""iterations"": 19, ""primal_objective_value"": -362.1389840878955, ""dual_objective_value"": -362.19928444461704, ""duality_gap"": 0.06030035672154099, ""primal_infeasibility"": 4.623878615933405e-05, ""dual_infeasibility"": 1.468529060102308e-08, ""solver_version"": ""SeDuMi-1.3.7"", ""solver_options"": {}, ""termination_reason"": """", ""error_message"": """", ""timestamp"": ""2025-07-19 21:38:54"", ""matlab_version"": ""24.1.0.2537033 (R2024a)""}, ""matlab_version"": ""24.1.0.2537033 (R2024a)"", ""solver_backend"": ""sedumi"", ""execution_environment"": ""matlab"", ""problem_class"": ""SDP""}"
1041,scipy_linprog,scipy-1.15.3,SDPLIB,hinf5,SDP,"{""cpu"": {""cpu_count"": 8, ""cpu_count_physical"": 8, ""processor"": ""arm"", ""architecture"": ""64bit""}, ""memory"": {""total_gb"": 24.0}, ""os"": {""system"": ""Darwin"", ""machine"": ""arm64"", ""release"": ""23.5.0""}, ""python"": {""implementation"": ""CPython"", ""version"": ""3.12.2"", ""version_info"": ""3.12.2""}, ""git"": {""commit_hash"": ""443b599dca6666ab5976e2cf184c9398d48cda2b""}, ""timezone"": {""timezone_name"": ""UTC"", ""utc_offset_hours"": 0.0}, ""timestamp"": 1752416768.0}",443b599dca6666ab5976e2cf184c9398d48cda2b,2025-07-18T12:00:00,,UNSUPPORTED,,,,,,,"{""reason"": ""Solver does not support SDP problems"", ""problem_type"": ""SDP"", ""problem_class"": ""SDP""}"
1044,cvxpy_clarabel,cvxpy-1.6.5-CLARABEL-0.11.0,SDPLIB,hinf6,SDP,"{""cpu"": {""cpu_count"": 8, ""cpu_count_physical"": 8, ""processor"": ""arm"", ""architecture"": ""64bit""}, ""memory"": {""total_gb"": 24.0}, ""os"": {""system"": ""Darwin"", ""machine"": ""arm64"", ""release"": ""23.5.0""}, ""python"": {""implementation"": ""CPython"", ""version"": ""3.12.2"", ""version_info"": ""3.12.2""}, ""git"": {""commit_hash"": ""443b599dca6666ab5976e2cf184c9398d48cda2b""}, ""timezone"": {""timezone_name"": ""UTC"", ""utc_offset_hours"": 0.0}, ""timestamp"": 1752416768.0}",443b599dca6666ab5976e2cf184c9398d48cda2b,2025-07-18T12:02:31,0.005522966384887695,OPTIMAL,-448.95023164103816,-448.9502285290299,-3.1120082439883845e-06,4.4077878809117167e-07,0.0,23,"{""solver_solve_time"": 0.002378126, ""problem_class"": ""SDP""}"
1045,cvxpy_cvxopt,unknown,SDPLIB,hinf6,SDP,"{""cpu"": {""cpu_count"": 8, ""cpu_count_physical"": 8, ""processor"": ""arm"", ""architecture"": ""64bit""}, ""memory"": {""total_gb"": 24.0}, ""os"": {""system"": ""Darwin"", ""machine"": ""arm64"", ""release"": ""23.5.0""}, ""python"": {""implementation"": ""CPython"", ""version"": ""3.12.2"", ""version_info"": ""3.12.2""}, ""git"": {""commit_hash"": ""443b599dca6666ab5976e2cf184c9398d48cda2b""}, ""timezone"": {""timezone_name"": ""UTC"", ""utc_offset_hours"": 0.0}, ""timestamp"": 1752416768.0}",443b599dca6666ab5976e2cf184c9398d48cda2b,2025-07-18T12:02:31,0.05508112907409668,ERROR,,,,,,,"{""error_message"": ""Solver 'CVXOPT' failed. Try another solver, or solve with verbose=True for more information."", ""problem_class"": ""SDP""}"
1048,cvxpy_ecos,cvxpy-1.6.5-ECOS-2.0.14,SDPLIB,hinf6,SDP,"{""cpu"": {""cpu_count"": 8, ""cpu_count_physical"": 8, ""processor"": ""arm"", ""architecture"": ""64bit""}, ""memory"": {""total_gb"": 24.0}, ""os"": {""system"": ""Darwin"", ""machine"": ""arm64"", ""release"": ""23.5.0""}, ""python"": {""implementation"": ""CPython"", ""version"": ""3.12.2"", ""version_info"": ""3.12.2""}, ""git"": {""commit_hash"": ""443b599dca6666ab5976e2cf184c9398d48cda2b""}, ""timezone"": {""timezone_name"": ""UTC"", ""utc_offset_hours"": 0.0}, ""timestamp"": 1752416768.0}",443b599dca6666ab5976e2cf184c9398d48cda2b,2025-07-18T12:02:41,,UNSUPPORTED,,,,,,,"{""reason"": ""Solver does not support SDP problems"", ""problem_type"": ""SDP"", ""problem_class"": ""SDP""}"
1049,cvxpy_highs,cvxpy-1.6.5-HIGHS-1.11.0,SDPLIB,hinf6,SDP,"{""cpu"": {""cpu_count"": 8, ""cpu_count_physical"": 8, ""processor"": ""arm"", ""architecture"": ""64bit""}, ""memory"": {""total_gb"": 24.0}, ""os"": {""system"": ""Darwin"", ""machine"": ""arm64"", ""release"": ""23.5.0""}, ""python"": {""implementation"": ""CPython"", ""version"": ""3.12.2"", ""version_info"": ""3.12.2""}, ""git"": {""commit_hash"": ""443b599dca6666ab5976e2cf184c9398d48cda2b""}, ""timezone"": {""timezone_name"": ""UTC"", ""utc_offset_hours"": 0.0}, ""timestamp"": 1752416768.0}",443b599dca6666ab5976e2cf184c9398d48cda2b,2025-07-18T12:02:41,,UNSUPPORTED,,,,,,,"{""reason"": ""Solver does not support SDP problems"", ""problem_type"": ""SDP"", ""problem_class"": ""SDP""}"
1050,cvxpy_osqp,cvxpy-1.6.5-OSQP-1.0.4,SDPLIB,hinf6,SDP,"{""cpu"": {""cpu_count"": 8, ""cpu_count_physical"": 8, ""processor"": ""arm"", ""architecture"": ""64bit""}, ""memory"": {""total_gb"": 24.0}, ""os"": {""system"": ""Darwin"", ""machine"": ""arm64"", ""release"": ""23.5.0""}, ""python"": {""implementation"": ""CPython"", ""version"": ""3.12.2"", ""version_info"": ""3.12.2""}, ""git"": {""commit_hash"": ""443b599dca6666ab5976e2cf184c9398d48cda2b""}, ""timezone"": {""timezone_name"": ""UTC"", ""utc_offset_hours"": 0.0}, ""timestamp"": 1752416768.0}",443b599dca6666ab5976e2cf184c9398d48cda2b,2025-07-18T12:02:41,,UNSUPPORTED,,,,,,,"{""reason"": ""Solver does not support SDP problems"", ""problem_type"": ""SDP"", ""problem_class"": ""SDP""}"
1051,cvxpy_scip,cvxpy-1.6.5-SCIP-5.5.0,SDPLIB,hinf6,SDP,"{""cpu"": {""cpu_count"": 8, ""cpu_count_physical"": 8, ""processor"": ""arm"", ""architecture"": ""64bit""}, ""memory"": {""total_gb"": 24.0}, ""os"": {""system"": ""Darwin"", ""machine"": ""arm64"", ""release"": ""23.5.0""}, ""python"": {""implementation"": ""CPython"", ""version"": ""3.12.2"", ""version_info"": ""3.12.2""}, ""git"": {""commit_hash"": ""443b599dca6666ab5976e2cf184c9398d48cda2b""}, ""timezone"": {""timezone_name"": ""UTC"", ""utc_offset_hours"": 0.0}, ""timestamp"": 1752416768.0}",443b599dca6666ab5976e2cf184c9398d48cda2b,2025-07-18T12:02:41,,UNSUPPORTED,,,,,,,"{""reason"": ""Solver does not support SDP problems"", ""problem_type"": ""SDP"", ""problem_class"": ""SDP""}"
1046,cvxpy_scs,cvxpy-1.6.5-SCS-3.2.7.post2,SDPLIB,hinf6,SDP,"{""cpu"": {""cpu_count"": 8, ""cpu_count_physical"": 8, ""processor"": ""arm"", ""architecture"": ""64bit""}, ""memory"": {""total_gb"": 24.0}, ""os"": {""system"": ""Darwin"", ""machine"": ""arm64"", ""release"": ""23.5.0""}, ""python"": {""implementation"": ""CPython"", ""version"": ""3.12.2"", ""version_info"": ""3.12.2""}, ""git"": {""commit_hash"": ""443b599dca6666ab5976e2cf184c9398d48cda2b""}, ""timezone"": {""timezone_name"": ""UTC"", ""utc_offset_hours"": 0.0}, ""timestamp"": 1752416768.0}",443b599dca6666ab5976e2cf184c9398d48cda2b,2025-07-18T12:02:32,0.6322319507598877,OPTIMAL (INACCURATE),-245.90113198641467,-245.85737180839376,-0.043760178020903595,1.3088894176536186e-05,0.0003530484760489283,100000,"{""solver_solve_time"": 0.627335833, ""problem_class"": ""SDP""}"
1047,cvxpy_sdpa,cvxpy-1.6.5-SDPA-0.2.2,SDPLIB,hinf6,SDP,"{""cpu"": {""cpu_count"": 8, ""cpu_count_physical"": 8, ""processor"": ""arm"", ""architecture"": ""64bit""}, ""memory"": {""total_gb"": 24.0}, ""os"": {""system"": ""Darwin"", ""machine"": ""arm64"", ""release"": ""23.5.0""}, ""python"": {""implementation"": ""CPython"", ""version"": ""3.12.2"", ""version_info"": ""3.12.2""}, ""git"": {""commit_hash"": ""443b599dca6666ab5976e2cf184c9398d48cda2b""}, ""timezone"": {""timezone_name"": ""UTC"", ""utc_offset_hours"": 0.0}, ""timestamp"": 1752416768.0}",443b599dca6666ab5976e2cf184c9398d48cda2b,2025-07-18T12:02:32,0.011322736740112305,OPTIMAL (INACCURATE),-448.97876320335996,-448.9556735151818,-0.023089688178174583,3.2823630729197306e-05,0.0,,"{""iteration_info_limitation"": ""SDPA does not provide iteration count through CVXPY"", ""solver_solve_time"": null, ""problem_class"": ""SDP""}"
1619,matlab_sdpt3,SDPT3-4.0-20240410 (MATLAB 24.1.0.2537033 (R2024a)),SDPLIB,hinf6,SDP,"{""cpu"": {""cpu_count"": 8, ""cpu_count_physical"": 8, ""processor"": ""arm"", ""architecture"": ""64bit""}, ""memory"": {""total_gb"": 24.0}, ""os"": {""system"": ""Darwin"", ""machine"": ""arm64"", ""release"": ""23.5.0""}, ""python"": {""implementation"": ""CPython"", ""version"": ""3.12.2"", ""version_info"": ""3.12.2""}, ""git"": {""commit_hash"": ""96ca043787ef8c38515cfa8d108d16b61b823e04""}, ""timezone"": {""timezone_name"": ""UTC"", ""utc_offset_hours"": 0.0}, ""timestamp"": 1752926592.0}",96ca043787ef8c38515cfa8d108d16b61b823e04,2025-07-19T14:03:02,0.3865935,MAX_ITER,-448.94845306947616,-448.93787068369375,0.01058238578241344,1.0795193288541605e-05,2.9425725883582585e-11,26,"{""matlab_output"": {""solver_name"": ""SDPT3"", ""status"": ""max_iter"", ""solve_time"": 0.3865935, ""setup_time"": [], ""iterations"": 26, ""primal_objective_value"": -448.94845306947616, ""dual_objective_value"": -448.93787068369375, ""duality_gap"": 0.01058238578241344, ""primal_infeasibility"": 1.0795193288541605e-05, ""dual_infeasibility"": 2.9425725883582585e-11, ""solver_version"": ""SDPT3-4.0-20240410"", ""solver_options"": {}, ""termination_reason"": """", ""error_message"": """", ""timestamp"": ""2025-07-19 23:02:59"", ""matlab_version"": ""24.1.0.2537033 (R2024a)""}, ""matlab_version"": ""24.1.0.2537033 (R2024a)"", ""solver_backend"": ""sdpt3"", ""execution_environment"": ""matlab"", ""problem_class"": ""SDP""}"
1476,matlab_sedumi,SeDuMi-1.3.7 (MATLAB 24.1.0.2537033 (R2024a)),SDPLIB,hinf6,SDP,"{""cpu"": {""cpu_count"": 8, ""cpu_count_physical"": 8, ""processor"": ""arm"", ""architecture"": ""64bit""}, ""memory"": {""total_gb"": 24.0}, ""os"": {""system"": ""Darwin"", ""machine"": ""arm64"", ""release"": ""23.5.0""}, ""python"": {""implementation"": ""CPython"", ""version"": ""3.12.2"", ""version_info"": ""3.12.2""}, ""git"": {""commit_hash"": ""96ca043787ef8c38515cfa8d108d16b61b823e04""}, ""timezone"": {""timezone_name"": ""UTC"", ""utc_offset_hours"": 0.0}, ""timestamp"": 1752926592.0}",96ca043787ef8c38515cfa8d108d16b61b823e04,2025-07-19T12:39:02,0.34503904166666666,NUM_ERROR,-448.93866526508225,-448.93735904243533,0.0013062226469173766,7.16453106043704e-08,1.0964487510881784e-10,23,"{""matlab_output"": {""solver_name"": ""SeDuMi"", ""status"": ""num_error"", ""solve_time"": 0.34503904166666666, ""setup_time"": [], ""iterations"": 23, ""primal_objective_value"": -448.93866526508225, ""dual_objective_value"": -448.93735904243533, ""duality_gap"": 0.0013062226469173766, ""primal_infeasibility"": 7.16453106043704e-08, ""dual_infeasibility"": 1.0964487510881784e-10, ""solver_version"": ""SeDuMi-1.3.7"", ""solver_options"": {}, ""termination_reason"": """", ""error_message"": """", ""timestamp"": ""2025-07-19 21:38:59"", ""matlab_version"": ""24.1.0.2537033 (R2024a)""}, ""matlab_version"": ""24.1.0.2537033 (R2024a)"", ""solver_backend"": ""sedumi"", ""execution_environment"": ""matlab"", ""problem_class"": ""SDP""}"
1052,scipy_linprog,scipy-1.15.3,SDPLIB,hinf6,SDP,"{""cpu"": {""cpu_count"": 8, ""cpu_count_physical"": 8, ""processor"": ""arm"", ""architecture"": ""64bit""}, ""memory"": {""total_gb"": 24.0}, ""os"": {""system"": ""Darwin"", ""machine"": ""arm64"", ""release"": ""23.5.0""}, ""python"": {""implementation"": ""CPython"", ""version"": ""3.12.2"", ""version_info"": ""3.12.2""}, ""git"": {""commit_hash"": ""443b599dca6666ab5976e2cf184c9398d48cda2b""}, ""timezone"": {""timezone_name"": ""UTC"", ""utc_offset_hours"": 0.0}, ""timestamp"": 1752416768.0}",443b599dca6666ab5976e2cf184c9398d48cda2b,2025-07-18T12:02:41,,UNSUPPORTED,,,,,,,"{""reason"": ""Solver does not support SDP problems"", ""problem_type"": ""SDP"", ""problem_class"": ""SDP""}"
1055,cvxpy_clarabel,unknown,SDPLIB,hinf7,SDP,"{""cpu"": {""cpu_count"": 8, ""cpu_count_physical"": 8, ""processor"": ""arm"", ""architecture"": ""64bit""}, ""memory"": {""total_gb"": 24.0}, ""os"": {""system"": ""Darwin"", ""machine"": ""arm64"", ""release"": ""23.5.0""}, ""python"": {""implementation"": ""CPython"", ""version"": ""3.12.2"", ""version_info"": ""3.12.2""}, ""git"": {""commit_hash"": ""443b599dca6666ab5976e2cf184c9398d48cda2b""}, ""timezone"": {""timezone_name"": ""UTC"", ""utc_offset_hours"": 0.0}, ""timestamp"": 1752416768.0}",443b599dca6666ab5976e2cf184c9398d48cda2b,2025-07-18T12:03:23,0.00506281852722168,ERROR,,,,,,,"{""error_message"": ""Solver 'CLARABEL' failed. Try another solver, or solve with verbose=True for more information."", ""problem_class"": ""SDP""}"
1056,cvxpy_cvxopt,unknown,SDPLIB,hinf7,SDP,"{""cpu"": {""cpu_count"": 8, ""cpu_count_physical"": 8, ""processor"": ""arm"", ""architecture"": ""64bit""}, ""memory"": {""total_gb"": 24.0}, ""os"": {""system"": ""Darwin"", ""machine"": ""arm64"", ""release"": ""23.5.0""}, ""python"": {""implementation"": ""CPython"", ""version"": ""3.12.2"", ""version_info"": ""3.12.2""}, ""git"": {""commit_hash"": ""443b599dca6666ab5976e2cf184c9398d48cda2b""}, ""timezone"": {""timezone_name"": ""UTC"", ""utc_offset_hours"": 0.0}, ""timestamp"": 1752416768.0}",443b599dca6666ab5976e2cf184c9398d48cda2b,2025-07-18T12:03:23,0.03922271728515625,ERROR,,,,,,,"{""error_message"": ""Solver 'CVXOPT' failed. Try another solver, or solve with verbose=True for more information."", ""problem_class"": ""SDP""}"
1059,cvxpy_ecos,cvxpy-1.6.5-ECOS-2.0.14,SDPLIB,hinf7,SDP,"{""cpu"": {""cpu_count"": 8, ""cpu_count_physical"": 8, ""processor"": ""arm"", ""architecture"": ""64bit""}, ""memory"": {""total_gb"": 24.0}, ""os"": {""system"": ""Darwin"", ""machine"": ""arm64"", ""release"": ""23.5.0""}, ""python"": {""implementation"": ""CPython"", ""version"": ""3.12.2"", ""version_info"": ""3.12.2""}, ""git"": {""commit_hash"": ""443b599dca6666ab5976e2cf184c9398d48cda2b""}, ""timezone"": {""timezone_name"": ""UTC"", ""utc_offset_hours"": 0.0}, ""timestamp"": 1752416768.0}",443b599dca6666ab5976e2cf184c9398d48cda2b,2025-07-18T12:03:32,,UNSUPPORTED,,,,,,,"{""reason"": ""Solver does not support SDP problems"", ""problem_type"": ""SDP"", ""problem_class"": ""SDP""}"
1060,cvxpy_highs,cvxpy-1.6.5-HIGHS-1.11.0,SDPLIB,hinf7,SDP,"{""cpu"": {""cpu_count"": 8, ""cpu_count_physical"": 8, ""processor"": ""arm"", ""architecture"": ""64bit""}, ""memory"": {""total_gb"": 24.0}, ""os"": {""system"": ""Darwin"", ""machine"": ""arm64"", ""release"": ""23.5.0""}, ""python"": {""implementation"": ""CPython"", ""version"": ""3.12.2"", ""version_info"": ""3.12.2""}, ""git"": {""commit_hash"": ""443b599dca6666ab5976e2cf184c9398d48cda2b""}, ""timezone"": {""timezone_name"": ""UTC"", ""utc_offset_hours"": 0.0}, ""timestamp"": 1752416768.0}",443b599dca6666ab5976e2cf184c9398d48cda2b,2025-07-18T12:03:32,,UNSUPPORTED,,,,,,,"{""reason"": ""Solver does not support SDP problems"", ""problem_type"": ""SDP"", ""problem_class"": ""SDP""}"
1061,cvxpy_osqp,cvxpy-1.6.5-OSQP-1.0.4,SDPLIB,hinf7,SDP,"{""cpu"": {""cpu_count"": 8, ""cpu_count_physical"": 8, ""processor"": ""arm"", ""architecture"": ""64bit""}, ""memory"": {""total_gb"": 24.0}, ""os"": {""system"": ""Darwin"", ""machine"": ""arm64"", ""release"": ""23.5.0""}, ""python"": {""implementation"": ""CPython"", ""version"": ""3.12.2"", ""version_info"": ""3.12.2""}, ""git"": {""commit_hash"": ""443b599dca6666ab5976e2cf184c9398d48cda2b""}, ""timezone"": {""timezone_name"": ""UTC"", ""utc_offset_hours"": 0.0}, ""timestamp"": 1752416768.0}",443b599dca6666ab5976e2cf184c9398d48cda2b,2025-07-18T12:03:32,,UNSUPPORTED,,,,,,,"{""reason"": ""Solver does not support SDP problems"", ""problem_type"": ""SDP"", ""problem_class"": ""SDP""}"
1062,cvxpy_scip,cvxpy-1.6.5-SCIP-5.5.0,SDPLIB,hinf7,SDP,"{""cpu"": {""cpu_count"": 8, ""cpu_count_physical"": 8, ""processor"": ""arm"", ""architecture"": ""64bit""}, ""memory"": {""total_gb"": 24.0}, ""os"": {""system"": ""Darwin"", ""machine"": ""arm64"", ""release"": ""23.5.0""}, ""python"": {""implementation"": ""CPython"", ""version"": ""3.12.2"", ""version_info"": ""3.12.2""}, ""git"": {""commit_hash"": ""443b599dca6666ab5976e2cf184c9398d48cda2b""}, ""timezone"": {""timezone_name"": ""UTC"", ""utc_offset_hours"": 0.0}, ""timestamp"": 1752416768.0}",443b599dca6666ab5976e2cf184c9398d48cda2b,2025-07-18T12:03:32,,UNSUPPORTED,,,,,,,"{""reason"": ""Solver does not support SDP problems"", ""problem_type"": ""SDP"", ""problem_class"": ""SDP""}"
1057,cvxpy_scs,cvxpy-1.6.5-SCS-3.2.7.post2,SDPLIB,hinf7,SDP,"{""cpu"": {""cpu_count"": 8, ""cpu_count_physical"": 8, ""processor"": ""arm"", ""architecture"": ""64bit""}, ""memory"": {""total_gb"": 24.0}, ""os"": {""system"": ""Darwin"", ""machine"": ""arm64"", ""release"": ""23.5.0""}, ""python"": {""implementation"": ""CPython"", ""version"": ""3.12.2"", ""version_info"": ""3.12.2""}, ""git"": {""commit_hash"": ""443b599dca6666ab5976e2cf184c9398d48cda2b""}, ""timezone"": {""timezone_name"": ""UTC"", ""utc_offset_hours"": 0.0}, ""timestamp"": 1752416768.0}",443b599dca6666ab5976e2cf184c9398d48cda2b,2025-07-18T12:03:24,0.6557118892669678,OPTIMAL (INACCURATE),-389.32499417666725,-389.3066200564397,-0.018374120227520052,6.437354049320336e-06,1.5407433103673238e-06,100000,"{""solver_solve_time"": 0.652232833, ""problem_class"": ""SDP""}"
1058,cvxpy_sdpa,cvxpy-1.6.5-SDPA-0.2.2,SDPLIB,hinf7,SDP,"{""cpu"": {""cpu_count"": 8, ""cpu_count_physical"": 8, ""processor"": ""arm"", ""architecture"": ""64bit""}, ""memory"": {""total_gb"": 24.0}, ""os"": {""system"": ""Darwin"", ""machine"": ""arm64"", ""release"": ""23.5.0""}, ""python"": {""implementation"": ""CPython"", ""version"": ""3.12.2"", ""version_info"": ""3.12.2""}, ""git"": {""commit_hash"": ""443b599dca6666ab5976e2cf184c9398d48cda2b""}, ""timezone"": {""timezone_name"": ""UTC"", ""utc_offset_hours"": 0.0}, ""timestamp"": 1752416768.0}",443b599dca6666ab5976e2cf184c9398d48cda2b,2025-07-18T12:03:24,0.007824182510375977,OPTIMAL (INACCURATE),-386.2729744082578,-394.11795931873803,7.844984910480207,0.0010676527612919265,0.0,,"{""iteration_info_limitation"": ""SDPA does not provide iteration count through CVXPY"", ""solver_solve_time"": null, ""problem_class"": ""SDP""}"
1620,matlab_sdpt3,SDPT3-4.0-20240410 (MATLAB 24.1.0.2537033 (R2024a)),SDPLIB,hinf7,SDP,"{""cpu"": {""cpu_count"": 8, ""cpu_count_physical"": 8, ""processor"": ""arm"", ""architecture"": ""64bit""}, ""memory"": {""total_gb"": 24.0}, ""os"": {""system"": ""Darwin"", ""machine"": ""arm64"", ""release"": ""23.5.0""}, ""python"": {""implementation"": ""CPython"", ""version"": ""3.12.2"", ""version_info"": ""3.12.2""}, ""git"": {""commit_hash"": ""96ca043787ef8c38515cfa8d108d16b61b823e04""}, ""timezone"": {""timezone_name"": ""UTC"", ""utc_offset_hours"": 0.0}, ""timestamp"": 1752926592.0}",96ca043787ef8c38515cfa8d108d16b61b823e04,2025-07-19T14:03:07,0.321014,OPTIMAL,-390.8268127270961,-390.81955811039285,0.007254616703278316,5.153919837286196e-06,0.0,19,"{""matlab_output"": {""solver_name"": ""SDPT3"", ""status"": ""optimal"", ""solve_time"": 0.321014, ""setup_time"": [], ""iterations"": 19, ""primal_objective_value"": -390.8268127270961, ""dual_objective_value"": -390.81955811039285, ""duality_gap"": 0.007254616703278316, ""primal_infeasibility"": 5.153919837286196e-06, ""dual_infeasibility"": 0, ""solver_version"": ""SDPT3-4.0-20240410"", ""solver_options"": {}, ""termination_reason"": """", ""error_message"": """", ""timestamp"": ""2025-07-19 23:03:05"", ""matlab_version"": ""24.1.0.2537033 (R2024a)""}, ""matlab_version"": ""24.1.0.2537033 (R2024a)"", ""solver_backend"": ""sdpt3"", ""execution_environment"": ""matlab"", ""problem_class"": ""SDP""}"
1477,matlab_sedumi,SeDuMi-1.3.7 (MATLAB 24.1.0.2537033 (R2024a)),SDPLIB,hinf7,SDP,"{""cpu"": {""cpu_count"": 8, ""cpu_count_physical"": 8, ""processor"": ""arm"", ""architecture"": ""64bit""}, ""memory"": {""total_gb"": 24.0}, ""os"": {""system"": ""Darwin"", ""machine"": ""arm64"", ""release"": ""23.5.0""}, ""python"": {""implementation"": ""CPython"", ""version"": ""3.12.2"", ""version_info"": ""3.12.2""}, ""git"": {""commit_hash"": ""96ca043787ef8c38515cfa8d108d16b61b823e04""}, ""timezone"": {""timezone_name"": ""UTC"", ""utc_offset_hours"": 0.0}, ""timestamp"": 1752926592.0}",96ca043787ef8c38515cfa8d108d16b61b823e04,2025-07-19T12:39:08,0.30022125,NUM_ERROR,-390.4187062005368,-388.9712939688352,1.4474122317016054,2.1674897967340183e-06,1.349616784492387e-08,20,"{""matlab_output"": {""solver_name"": ""SeDuMi"", ""status"": ""num_error"", ""solve_time"": 0.30022125, ""setup_time"": [], ""iterations"": 20, ""primal_objective_value"": -390.4187062005368, ""dual_objective_value"": -388.9712939688352, ""duality_gap"": 1.4474122317016054, ""primal_infeasibility"": 2.1674897967340183e-06, ""dual_infeasibility"": 1.349616784492387e-08, ""solver_version"": ""SeDuMi-1.3.7"", ""solver_options"": {}, ""termination_reason"": """", ""error_message"": """", ""timestamp"": ""2025-07-19 21:39:05"", ""matlab_version"": ""24.1.0.2537033 (R2024a)""}, ""matlab_version"": ""24.1.0.2537033 (R2024a)"", ""solver_backend"": ""sedumi"", ""execution_environment"": ""matlab"", ""problem_class"": ""SDP""}"
1063,scipy_linprog,scipy-1.15.3,SDPLIB,hinf7,SDP,"{""cpu"": {""cpu_count"": 8, ""cpu_count_physical"": 8, ""processor"": ""arm"", ""architecture"": ""64bit""}, ""memory"": {""total_gb"": 24.0}, ""os"": {""system"": ""Darwin"", ""machine"": ""arm64"", ""release"": ""23.5.0""}, ""python"": {""implementation"": ""CPython"", ""version"": ""3.12.2"", ""version_info"": ""3.12.2""}, ""git"": {""commit_hash"": ""443b599dca6666ab5976e2cf184c9398d48cda2b""}, ""timezone"": {""timezone_name"": ""UTC"", ""utc_offset_hours"": 0.0}, ""timestamp"": 1752416768.0}",443b599dca6666ab5976e2cf184c9398d48cda2b,2025-07-18T12:03:32,,UNSUPPORTED,,,,,,,"{""reason"": ""Solver does not support SDP problems"", ""problem_type"": ""SDP"", ""problem_class"": ""SDP""}"
901,cvxpy_clarabel,cvxpy-1.6.5-CLARABEL-0.11.0,SDPLIB,hinf8,SDP,"{""cpu"": {""cpu_count"": 8, ""cpu_count_physical"": 8, ""processor"": ""arm"", ""architecture"": ""64bit""}, ""memory"": {""total_gb"": 24.0}, ""os"": {""system"": ""Darwin"", ""machine"": ""arm64"", ""release"": ""23.5.0""}, ""python"": {""implementation"": ""CPython"", ""version"": ""3.12.2"", ""version_info"": ""3.12.2""}, ""git"": {""commit_hash"": ""443b599dca6666ab5976e2cf184c9398d48cda2b""}, ""timezone"": {""timezone_name"": ""UTC"", ""utc_offset_hours"": 0.0}, ""timestamp"": 1752416768.0}",443b599dca6666ab5976e2cf184c9398d48cda2b,2025-07-16T15:21:07,0.0065250396728515625,OPTIMAL (INACCURATE),-116.162359822706,-116.16235950573696,-3.1696903590727743e-07,7.420952338087494e-07,3.2950076855126425e-07,29,"{""solver_solve_time"": 0.003015376, ""problem_class"": ""SDP""}"
902,cvxpy_cvxopt,unknown,SDPLIB,hinf8,SDP,"{""cpu"": {""cpu_count"": 8, ""cpu_count_physical"": 8, ""processor"": ""arm"", ""architecture"": ""64bit""}, ""memory"": {""total_gb"": 24.0}, ""os"": {""system"": ""Darwin"", ""machine"": ""arm64"", ""release"": ""23.5.0""}, ""python"": {""implementation"": ""CPython"", ""version"": ""3.12.2"", ""version_info"": ""3.12.2""}, ""git"": {""commit_hash"": ""443b599dca6666ab5976e2cf184c9398d48cda2b""}, ""timezone"": {""timezone_name"": ""UTC"", ""utc_offset_hours"": 0.0}, ""timestamp"": 1752416768.0}",443b599dca6666ab5976e2cf184c9398d48cda2b,2025-07-16T15:21:07,0.03650498390197754,ERROR,,,,,,,"{""error_message"": ""Solver 'CVXOPT' failed. Try another solver, or solve with verbose=True for more information."", ""problem_class"": ""SDP""}"
905,cvxpy_ecos,cvxpy-1.6.5-ECOS-2.0.14,SDPLIB,hinf8,SDP,"{""cpu"": {""cpu_count"": 8, ""cpu_count_physical"": 8, ""processor"": ""arm"", ""architecture"": ""64bit""}, ""memory"": {""total_gb"": 24.0}, ""os"": {""system"": ""Darwin"", ""machine"": ""arm64"", ""release"": ""23.5.0""}, ""python"": {""implementation"": ""CPython"", ""version"": ""3.12.2"", ""version_info"": ""3.12.2""}, ""git"": {""commit_hash"": ""443b599dca6666ab5976e2cf184c9398d48cda2b""}, ""timezone"": {""timezone_name"": ""UTC"", ""utc_offset_hours"": 0.0}, ""timestamp"": 1752416768.0}",443b599dca6666ab5976e2cf184c9398d48cda2b,2025-07-16T15:21:25,,UNSUPPORTED,,,,,,,"{""reason"": ""Solver does not support SDP problems"", ""problem_type"": ""SDP"", ""problem_class"": ""SDP""}"
906,cvxpy_highs,cvxpy-1.6.5-HIGHS-1.11.0,SDPLIB,hinf8,SDP,"{""cpu"": {""cpu_count"": 8, ""cpu_count_physical"": 8, ""processor"": ""arm"", ""architecture"": ""64bit""}, ""memory"": {""total_gb"": 24.0}, ""os"": {""system"": ""Darwin"", ""machine"": ""arm64"", ""release"": ""23.5.0""}, ""python"": {""implementation"": ""CPython"", ""version"": ""3.12.2"", ""version_info"": ""3.12.2""}, ""git"": {""commit_hash"": ""443b599dca6666ab5976e2cf184c9398d48cda2b""}, ""timezone"": {""timezone_name"": ""UTC"", ""utc_offset_hours"": 0.0}, ""timestamp"": 1752416768.0}",443b599dca6666ab5976e2cf184c9398d48cda2b,2025-07-16T15:21:25,,UNSUPPORTED,,,,,,,"{""reason"": ""Solver does not support SDP problems"", ""problem_type"": ""SDP"", ""problem_class"": ""SDP""}"
907,cvxpy_osqp,cvxpy-1.6.5-OSQP-1.0.4,SDPLIB,hinf8,SDP,"{""cpu"": {""cpu_count"": 8, ""cpu_count_physical"": 8, ""processor"": ""arm"", ""architecture"": ""64bit""}, ""memory"": {""total_gb"": 24.0}, ""os"": {""system"": ""Darwin"", ""machine"": ""arm64"", ""release"": ""23.5.0""}, ""python"": {""implementation"": ""CPython"", ""version"": ""3.12.2"", ""version_info"": ""3.12.2""}, ""git"": {""commit_hash"": ""443b599dca6666ab5976e2cf184c9398d48cda2b""}, ""timezone"": {""timezone_name"": ""UTC"", ""utc_offset_hours"": 0.0}, ""timestamp"": 1752416768.0}",443b599dca6666ab5976e2cf184c9398d48cda2b,2025-07-16T15:21:25,,UNSUPPORTED,,,,,,,"{""reason"": ""Solver does not support SDP problems"", ""problem_type"": ""SDP"", ""problem_class"": ""SDP""}"
908,cvxpy_scip,cvxpy-1.6.5-SCIP-5.5.0,SDPLIB,hinf8,SDP,"{""cpu"": {""cpu_count"": 8, ""cpu_count_physical"": 8, ""processor"": ""arm"", ""architecture"": ""64bit""}, ""memory"": {""total_gb"": 24.0}, ""os"": {""system"": ""Darwin"", ""machine"": ""arm64"", ""release"": ""23.5.0""}, ""python"": {""implementation"": ""CPython"", ""version"": ""3.12.2"", ""version_info"": ""3.12.2""}, ""git"": {""commit_hash"": ""443b599dca6666ab5976e2cf184c9398d48cda2b""}, ""timezone"": {""timezone_name"": ""UTC"", ""utc_offset_hours"": 0.0}, ""timestamp"": 1752416768.0}",443b599dca6666ab5976e2cf184c9398d48cda2b,2025-07-16T15:21:25,,UNSUPPORTED,,,,,,,"{""reason"": ""Solver does not support SDP problems"", ""problem_type"": ""SDP"", ""problem_class"": ""SDP""}"
903,cvxpy_scs,cvxpy-1.6.5-SCS-3.2.7.post2,SDPLIB,hinf8,SDP,"{""cpu"": {""cpu_count"": 8, ""cpu_count_physical"": 8, ""processor"": ""arm"", ""architecture"": ""64bit""}, ""memory"": {""total_gb"": 24.0}, ""os"": {""system"": ""Darwin"", ""machine"": ""arm64"", ""release"": ""23.5.0""}, ""python"": {""implementation"": ""CPython"", ""version"": ""3.12.2"", ""version_info"": ""3.12.2""}, ""git"": {""commit_hash"": ""443b599dca6666ab5976e2cf184c9398d48cda2b""}, ""timezone"": {""timezone_name"": ""UTC"", ""utc_offset_hours"": 0.0}, ""timestamp"": 1752416768.0}",443b599dca6666ab5976e2cf184c9398d48cda2b,2025-07-16T15:21:07,0.2217872142791748,OPTIMAL,-113.4663274817136,-113.46736346299392,0.0010359812803102386,2.0881037650067233e-06,2.9352242087893714e-05,33450,"{""solver_solve_time"": 0.218281083, ""problem_class"": ""SDP""}"
904,cvxpy_sdpa,cvxpy-1.6.5-SDPA-0.2.2,SDPLIB,hinf8,SDP,"{""cpu"": {""cpu_count"": 8, ""cpu_count_physical"": 8, ""processor"": ""arm"", ""architecture"": ""64bit""}, ""memory"": {""total_gb"": 24.0}, ""os"": {""system"": ""Darwin"", ""machine"": ""arm64"", ""release"": ""23.5.0""}, ""python"": {""implementation"": ""CPython"", ""version"": ""3.12.2"", ""version_info"": ""3.12.2""}, ""git"": {""commit_hash"": ""443b599dca6666ab5976e2cf184c9398d48cda2b""}, ""timezone"": {""timezone_name"": ""UTC"", ""utc_offset_hours"": 0.0}, ""timestamp"": 1752416768.0}",443b599dca6666ab5976e2cf184c9398d48cda2b,2025-07-16T15:21:07,0.008577823638916016,OPTIMAL (INACCURATE),-116.18084367885152,-116.17297265490086,-0.007871023950656308,2.1524411488941546e-05,0.0,,"{""iteration_info_limitation"": ""SDPA does not provide iteration count through CVXPY"", ""solver_solve_time"": null, ""problem_class"": ""SDP""}"
1621,matlab_sdpt3,SDPT3-4.0-20240410 (MATLAB 24.1.0.2537033 (R2024a)),SDPLIB,hinf8,SDP,"{""cpu"": {""cpu_count"": 8, ""cpu_count_physical"": 8, ""processor"": ""arm"", ""architecture"": ""64bit""}, ""memory"": {""total_gb"": 24.0}, ""os"": {""system"": ""Darwin"", ""machine"": ""arm64"", ""release"": ""23.5.0""}, ""python"": {""implementation"": ""CPython"", ""version"": ""3.12.2"", ""version_info"": ""3.12.2""}, ""git"": {""commit_hash"": ""96ca043787ef8c38515cfa8d108d16b61b823e04""}, ""timezone"": {""timezone_name"": ""UTC"", ""utc_offset_hours"": 0.0}, ""timestamp"": 1752926592.0}",96ca043787ef8c38515cfa8d108d16b61b823e04,2025-07-19T14:03:13,0.3580920416666667,MAX_ITER,-116.18907747348399,-116.16764622467993,0.02143124880406333,1.107192932812266e-05,0.0,21,"{""matlab_output"": {""solver_name"": ""SDPT3"", ""status"": ""max_iter"", ""solve_time"": 0.3580920416666667, ""setup_time"": [], ""iterations"": 21, ""primal_objective_value"": -116.18907747348399, ""dual_objective_value"": -116.16764622467993, ""duality_gap"": 0.02143124880406333, ""primal_infeasibility"": 1.107192932812266e-05, ""dual_infeasibility"": 0, ""solver_version"": ""SDPT3-4.0-20240410"", ""solver_options"": {}, ""termination_reason"": """", ""error_message"": """", ""timestamp"": ""2025-07-19 23:03:10"", ""matlab_version"": ""24.1.0.2537033 (R2024a)""}, ""matlab_version"": ""24.1.0.2537033 (R2024a)"", ""solver_backend"": ""sdpt3"", ""execution_environment"": ""matlab"", ""problem_class"": ""SDP""}"
1478,matlab_sedumi,SeDuMi-1.3.7 (MATLAB 24.1.0.2537033 (R2024a)),SDPLIB,hinf8,SDP,"{""cpu"": {""cpu_count"": 8, ""cpu_count_physical"": 8, ""processor"": ""arm"", ""architecture"": ""64bit""}, ""memory"": {""total_gb"": 24.0}, ""os"": {""system"": ""Darwin"", ""machine"": ""arm64"", ""release"": ""23.5.0""}, ""python"": {""implementation"": ""CPython"", ""version"": ""3.12.2"", ""version_info"": ""3.12.2""}, ""git"": {""commit_hash"": ""96ca043787ef8c38515cfa8d108d16b61b823e04""}, ""timezone"": {""timezone_name"": ""UTC"", ""utc_offset_hours"": 0.0}, ""timestamp"": 1752926592.0}",96ca043787ef8c38515cfa8d108d16b61b823e04,2025-07-19T12:39:13,0.3128221666666667,NUM_ERROR,-116.14800748522454,-116.14764044645105,0.0003670387734899805,5.243531762309649e-07,1.3890768653808889e-09,18,"{""matlab_output"": {""solver_name"": ""SeDuMi"", ""status"": ""num_error"", ""solve_time"": 0.3128221666666667, ""setup_time"": [], ""iterations"": 18, ""primal_objective_value"": -116.14800748522454, ""dual_objective_value"": -116.14764044645105, ""duality_gap"": 0.0003670387734899805, ""primal_infeasibility"": 5.243531762309649e-07, ""dual_infeasibility"": 1.3890768653808889e-09, ""solver_version"": ""SeDuMi-1.3.7"", ""solver_options"": {}, ""termination_reason"": """", ""error_message"": """", ""timestamp"": ""2025-07-19 21:39:10"", ""matlab_version"": ""24.1.0.2537033 (R2024a)""}, ""matlab_version"": ""24.1.0.2537033 (R2024a)"", ""solver_backend"": ""sedumi"", ""execution_environment"": ""matlab"", ""problem_class"": ""SDP""}"
909,scipy_linprog,scipy-1.15.3,SDPLIB,hinf8,SDP,"{""cpu"": {""cpu_count"": 8, ""cpu_count_physical"": 8, ""processor"": ""arm"", ""architecture"": ""64bit""}, ""memory"": {""total_gb"": 24.0}, ""os"": {""system"": ""Darwin"", ""machine"": ""arm64"", ""release"": ""23.5.0""}, ""python"": {""implementation"": ""CPython"", ""version"": ""3.12.2"", ""version_info"": ""3.12.2""}, ""git"": {""commit_hash"": ""443b599dca6666ab5976e2cf184c9398d48cda2b""}, ""timezone"": {""timezone_name"": ""UTC"", ""utc_offset_hours"": 0.0}, ""timestamp"": 1752416768.0}",443b599dca6666ab5976e2cf184c9398d48cda2b,2025-07-16T15:21:25,,UNSUPPORTED,,,,,,,"{""reason"": ""Solver does not support SDP problems"", ""problem_type"": ""SDP"", ""problem_class"": ""SDP""}"
912,cvxpy_clarabel,cvxpy-1.6.5-CLARABEL-0.11.0,SDPLIB,hinf9,SDP,"{""cpu"": {""cpu_count"": 8, ""cpu_count_physical"": 8, ""processor"": ""arm"", ""architecture"": ""64bit""}, ""memory"": {""total_gb"": 24.0}, ""os"": {""system"": ""Darwin"", ""machine"": ""arm64"", ""release"": ""23.5.0""}, ""python"": {""implementation"": ""CPython"", ""version"": ""3.12.2"", ""version_info"": ""3.12.2""}, ""git"": {""commit_hash"": ""443b599dca6666ab5976e2cf184c9398d48cda2b""}, ""timezone"": {""timezone_name"": ""UTC"", ""utc_offset_hours"": 0.0}, ""timestamp"": 1752416768.0}",443b599dca6666ab5976e2cf184c9398d48cda2b,2025-07-16T15:22:05,0.006279945373535156,OPTIMAL,-236.2492537893636,-236.24925167798062,-2.111382968905673e-06,1.1227693010097353e-09,7.503567730794685e-13,27,"{""solver_solve_time"": 0.002816334, ""problem_class"": ""SDP""}"
913,cvxpy_cvxopt,unknown,SDPLIB,hinf9,SDP,"{""cpu"": {""cpu_count"": 8, ""cpu_count_physical"": 8, ""processor"": ""arm"", ""architecture"": ""64bit""}, ""memory"": {""total_gb"": 24.0}, ""os"": {""system"": ""Darwin"", ""machine"": ""arm64"", ""release"": ""23.5.0""}, ""python"": {""implementation"": ""CPython"", ""version"": ""3.12.2"", ""version_info"": ""3.12.2""}, ""git"": {""commit_hash"": ""443b599dca6666ab5976e2cf184c9398d48cda2b""}, ""timezone"": {""timezone_name"": ""UTC"", ""utc_offset_hours"": 0.0}, ""timestamp"": 1752416768.0}",443b599dca6666ab5976e2cf184c9398d48cda2b,2025-07-16T15:22:05,0.07575297355651855,ERROR,,,,,,,"{""error_message"": ""Solver 'CVXOPT' failed. Try another solver, or solve with verbose=True for more information."", ""problem_class"": ""SDP""}"
916,cvxpy_ecos,cvxpy-1.6.5-ECOS-2.0.14,SDPLIB,hinf9,SDP,"{""cpu"": {""cpu_count"": 8, ""cpu_count_physical"": 8, ""processor"": ""arm"", ""architecture"": ""64bit""}, ""memory"": {""total_gb"": 24.0}, ""os"": {""system"": ""Darwin"", ""machine"": ""arm64"", ""release"": ""23.5.0""}, ""python"": {""implementation"": ""CPython"", ""version"": ""3.12.2"", ""version_info"": ""3.12.2""}, ""git"": {""commit_hash"": ""443b599dca6666ab5976e2cf184c9398d48cda2b""}, ""timezone"": {""timezone_name"": ""UTC"", ""utc_offset_hours"": 0.0}, ""timestamp"": 1752416768.0}",443b599dca6666ab5976e2cf184c9398d48cda2b,2025-07-16T15:22:23,,UNSUPPORTED,,,,,,,"{""reason"": ""Solver does not support SDP problems"", ""problem_type"": ""SDP"", ""problem_class"": ""SDP""}"
917,cvxpy_highs,cvxpy-1.6.5-HIGHS-1.11.0,SDPLIB,hinf9,SDP,"{""cpu"": {""cpu_count"": 8, ""cpu_count_physical"": 8, ""processor"": ""arm"", ""architecture"": ""64bit""}, ""memory"": {""total_gb"": 24.0}, ""os"": {""system"": ""Darwin"", ""machine"": ""arm64"", ""release"": ""23.5.0""}, ""python"": {""implementation"": ""CPython"", ""version"": ""3.12.2"", ""version_info"": ""3.12.2""}, ""git"": {""commit_hash"": ""443b599dca6666ab5976e2cf184c9398d48cda2b""}, ""timezone"": {""timezone_name"": ""UTC"", ""utc_offset_hours"": 0.0}, ""timestamp"": 1752416768.0}",443b599dca6666ab5976e2cf184c9398d48cda2b,2025-07-16T15:22:23,,UNSUPPORTED,,,,,,,"{""reason"": ""Solver does not support SDP problems"", ""problem_type"": ""SDP"", ""problem_class"": ""SDP""}"
918,cvxpy_osqp,cvxpy-1.6.5-OSQP-1.0.4,SDPLIB,hinf9,SDP,"{""cpu"": {""cpu_count"": 8, ""cpu_count_physical"": 8, ""processor"": ""arm"", ""architecture"": ""64bit""}, ""memory"": {""total_gb"": 24.0}, ""os"": {""system"": ""Darwin"", ""machine"": ""arm64"", ""release"": ""23.5.0""}, ""python"": {""implementation"": ""CPython"", ""version"": ""3.12.2"", ""version_info"": ""3.12.2""}, ""git"": {""commit_hash"": ""443b599dca6666ab5976e2cf184c9398d48cda2b""}, ""timezone"": {""timezone_name"": ""UTC"", ""utc_offset_hours"": 0.0}, ""timestamp"": 1752416768.0}",443b599dca6666ab5976e2cf184c9398d48cda2b,2025-07-16T15:22:23,,UNSUPPORTED,,,,,,,"{""reason"": ""Solver does not support SDP problems"", ""problem_type"": ""SDP"", ""problem_class"": ""SDP""}"
919,cvxpy_scip,cvxpy-1.6.5-SCIP-5.5.0,SDPLIB,hinf9,SDP,"{""cpu"": {""cpu_count"": 8, ""cpu_count_physical"": 8, ""processor"": ""arm"", ""architecture"": ""64bit""}, ""memory"": {""total_gb"": 24.0}, ""os"": {""system"": ""Darwin"", ""machine"": ""arm64"", ""release"": ""23.5.0""}, ""python"": {""implementation"": ""CPython"", ""version"": ""3.12.2"", ""version_info"": ""3.12.2""}, ""git"": {""commit_hash"": ""443b599dca6666ab5976e2cf184c9398d48cda2b""}, ""timezone"": {""timezone_name"": ""UTC"", ""utc_offset_hours"": 0.0}, ""timestamp"": 1752416768.0}",443b599dca6666ab5976e2cf184c9398d48cda2b,2025-07-16T15:22:23,,UNSUPPORTED,,,,,,,"{""reason"": ""Solver does not support SDP problems"", ""problem_type"": ""SDP"", ""problem_class"": ""SDP""}"
914,cvxpy_scs,cvxpy-1.6.5-SCS-3.2.7.post2,SDPLIB,hinf9,SDP,"{""cpu"": {""cpu_count"": 8, ""cpu_count_physical"": 8, ""processor"": ""arm"", ""architecture"": ""64bit""}, ""memory"": {""total_gb"": 24.0}, ""os"": {""system"": ""Darwin"", ""machine"": ""arm64"", ""release"": ""23.5.0""}, ""python"": {""implementation"": ""CPython"", ""version"": ""3.12.2"", ""version_info"": ""3.12.2""}, ""git"": {""commit_hash"": ""443b599dca6666ab5976e2cf184c9398d48cda2b""}, ""timezone"": {""timezone_name"": ""UTC"", ""utc_offset_hours"": 0.0}, ""timestamp"": 1752416768.0}",443b599dca6666ab5976e2cf184c9398d48cda2b,2025-07-16T15:22:06,0.6299283504486084,OPTIMAL (INACCURATE),-23.995993470322126,-23.73307395594187,-0.2629195143802576,0.0002501696048966344,4.7055340393382825e-06,100000,"{""solver_solve_time"": 0.626416875, ""problem_class"": ""SDP""}"
915,cvxpy_sdpa,cvxpy-1.6.5-SDPA-0.2.2,SDPLIB,hinf9,SDP,"{""cpu"": {""cpu_count"": 8, ""cpu_count_physical"": 8, ""processor"": ""arm"", ""architecture"": ""64bit""}, ""memory"": {""total_gb"": 24.0}, ""os"": {""system"": ""Darwin"", ""machine"": ""arm64"", ""release"": ""23.5.0""}, ""python"": {""implementation"": ""CPython"", ""version"": ""3.12.2"", ""version_info"": ""3.12.2""}, ""git"": {""commit_hash"": ""443b599dca6666ab5976e2cf184c9398d48cda2b""}, ""timezone"": {""timezone_name"": ""UTC"", ""utc_offset_hours"": 0.0}, ""timestamp"": 1752416768.0}",443b599dca6666ab5976e2cf184c9398d48cda2b,2025-07-16T15:22:06,0.02733016014099121,OPTIMAL (INACCURATE),-236.24929860181874,-236.24925825295142,-4.034886731574261e-05,6.211843885658271e-06,1.1701336108488862e-17,,"{""iteration_info_limitation"": ""SDPA does not provide iteration count through CVXPY"", ""solver_solve_time"": null, ""problem_class"": ""SDP""}"
1622,matlab_sdpt3,SDPT3-4.0-20240410 (MATLAB 24.1.0.2537033 (R2024a)),SDPLIB,hinf9,SDP,"{""cpu"": {""cpu_count"": 8, ""cpu_count_physical"": 8, ""processor"": ""arm"", ""architecture"": ""64bit""}, ""memory"": {""total_gb"": 24.0}, ""os"": {""system"": ""Darwin"", ""machine"": ""arm64"", ""release"": ""23.5.0""}, ""python"": {""implementation"": ""CPython"", ""version"": ""3.12.2"", ""version_info"": ""3.12.2""}, ""git"": {""commit_hash"": ""96ca043787ef8c38515cfa8d108d16b61b823e04""}, ""timezone"": {""timezone_name"": ""UTC"", ""utc_offset_hours"": 0.0}, ""timestamp"": 1752926592.0}",96ca043787ef8c38515cfa8d108d16b61b823e04,2025-07-19T14:03:19,0.3677940416666667,UNKNOWN,-236.24926143119387,-236.2492582522059,3.178987981300452e-06,4.333392854983704e-07,6.696508028901661e-17,23,"{""matlab_output"": {""solver_name"": ""SDPT3"", ""status"": ""unknown"", ""solve_time"": 0.3677940416666667, ""setup_time"": [], ""iterations"": 23, ""primal_objective_value"": -236.24926143119387, ""dual_objective_value"": -236.2492582522059, ""duality_gap"": 3.178987981300452e-06, ""primal_infeasibility"": 4.333392854983704e-07, ""dual_infeasibility"": 6.696508028901661e-17, ""solver_version"": ""SDPT3-4.0-20240410"", ""solver_options"": {}, ""termination_reason"": """", ""error_message"": """", ""timestamp"": ""2025-07-19 23:03:16"", ""matlab_version"": ""24.1.0.2537033 (R2024a)""}, ""matlab_version"": ""24.1.0.2537033 (R2024a)"", ""solver_backend"": ""sdpt3"", ""execution_environment"": ""matlab"", ""problem_class"": ""SDP""}"
1479,matlab_sedumi,SeDuMi-1.3.7 (MATLAB 24.1.0.2537033 (R2024a)),SDPLIB,hinf9,SDP,"{""cpu"": {""cpu_count"": 8, ""cpu_count_physical"": 8, ""processor"": ""arm"", ""architecture"": ""64bit""}, ""memory"": {""total_gb"": 24.0}, ""os"": {""system"": ""Darwin"", ""machine"": ""arm64"", ""release"": ""23.5.0""}, ""python"": {""implementation"": ""CPython"", ""version"": ""3.12.2"", ""version_info"": ""3.12.2""}, ""git"": {""commit_hash"": ""96ca043787ef8c38515cfa8d108d16b61b823e04""}, ""timezone"": {""timezone_name"": ""UTC"", ""utc_offset_hours"": 0.0}, ""timestamp"": 1752926592.0}",96ca043787ef8c38515cfa8d108d16b61b823e04,2025-07-19T12:39:19,0.317706625,OPTIMAL,-236.24742814369876,-236.2473437618947,8.438180404368723e-05,5.8628976583948846e-09,6.012462469094062e-12,26,"{""matlab_output"": {""solver_name"": ""SeDuMi"", ""status"": ""optimal"", ""solve_time"": 0.317706625, ""setup_time"": [], ""iterations"": 26, ""primal_objective_value"": -236.24742814369876, ""dual_objective_value"": -236.2473437618947, ""duality_gap"": 8.438180404368723e-05, ""primal_infeasibility"": 5.8628976583948846e-09, ""dual_infeasibility"": 6.012462469094062e-12, ""solver_version"": ""SeDuMi-1.3.7"", ""solver_options"": {}, ""termination_reason"": """", ""error_message"": """", ""timestamp"": ""2025-07-19 21:39:16"", ""matlab_version"": ""24.1.0.2537033 (R2024a)""}, ""matlab_version"": ""24.1.0.2537033 (R2024a)"", ""solver_backend"": ""sedumi"", ""execution_environment"": ""matlab"", ""problem_class"": ""SDP""}"
920,scipy_linprog,scipy-1.15.3,SDPLIB,hinf9,SDP,"{""cpu"": {""cpu_count"": 8, ""cpu_count_physical"": 8, ""processor"": ""arm"", ""architecture"": ""64bit""}, ""memory"": {""total_gb"": 24.0}, ""os"": {""system"": ""Darwin"", ""machine"": ""arm64"", ""release"": ""23.5.0""}, ""python"": {""implementation"": ""CPython"", ""version"": ""3.12.2"", ""version_info"": ""3.12.2""}, ""git"": {""commit_hash"": ""443b599dca6666ab5976e2cf184c9398d48cda2b""}, ""timezone"": {""timezone_name"": ""UTC"", ""utc_offset_hours"": 0.0}, ""timestamp"": 1752416768.0}",443b599dca6666ab5976e2cf184c9398d48cda2b,2025-07-16T15:22:23,,UNSUPPORTED,,,,,,,"{""reason"": ""Solver does not support SDP problems"", ""problem_type"": ""SDP"", ""problem_class"": ""SDP""}"
1110,cvxpy_clarabel,cvxpy-1.6.5-CLARABEL-0.11.0,SDPLIB,maxG11,SDP,"{""cpu"": {""cpu_count"": 8, ""cpu_count_physical"": 8, ""processor"": ""arm"", ""architecture"": ""64bit""}, ""memory"": {""total_gb"": 24.0}, ""os"": {""system"": ""Darwin"", ""machine"": ""arm64"", ""release"": ""23.5.0""}, ""python"": {""implementation"": ""CPython"", ""version"": ""3.12.2"", ""version_info"": ""3.12.2""}, ""git"": {""commit_hash"": ""443b599dca6666ab5976e2cf184c9398d48cda2b""}, ""timezone"": {""timezone_name"": ""UTC"", ""utc_offset_hours"": 0.0}, ""timestamp"": 1752416768.0}",443b599dca6666ab5976e2cf184c9398d48cda2b,2025-07-18T12:10:33,5.780447959899902,OPTIMAL,-629.1647805357129,-629.1647805350874,-6.255049811443314e-10,3.358572693912759e-15,1.776705970627518e-11,16,"{""solver_solve_time"": 2.942479084, ""problem_class"": ""SDP""}"
1111,cvxpy_cvxopt,cvxpy-1.6.5-CVXOPT-1.3.2,SDPLIB,maxG11,SDP,"{""cpu"": {""cpu_count"": 8, ""cpu_count_physical"": 8, ""processor"": ""arm"", ""architecture"": ""64bit""}, ""memory"": {""total_gb"": 24.0}, ""os"": {""system"": ""Darwin"", ""machine"": ""arm64"", ""release"": ""23.5.0""}, ""python"": {""implementation"": ""CPython"", ""version"": ""3.12.2"", ""version_info"": ""3.12.2""}, ""git"": {""commit_hash"": ""443b599dca6666ab5976e2cf184c9398d48cda2b""}, ""timezone"": {""timezone_name"": ""UTC"", ""utc_offset_hours"": 0.0}, ""timestamp"": 1752416768.0}",443b599dca6666ab5976e2cf184c9398d48cda2b,2025-07-18T12:16:28,228.55329608917236,OPTIMAL,-629.1647801726815,-629.1647801710005,-1.6809735825518146e-09,1.2726085361287806e-12,2.1291444400788673e-11,,"{""iteration_info_limitation"": ""CVXOPT does not provide iteration count through CVXPY"", ""solver_solve_time"": null, ""problem_class"": ""SDP""}"
1113,cvxpy_ecos,cvxpy-1.6.5-ECOS-2.0.14,SDPLIB,maxG11,SDP,"{""cpu"": {""cpu_count"": 8, ""cpu_count_physical"": 8, ""processor"": ""arm"", ""architecture"": ""64bit""}, ""memory"": {""total_gb"": 24.0}, ""os"": {""system"": ""Darwin"", ""machine"": ""arm64"", ""release"": ""23.5.0""}, ""python"": {""implementation"": ""CPython"", ""version"": ""3.12.2"", ""version_info"": ""3.12.2""}, ""git"": {""commit_hash"": ""443b599dca6666ab5976e2cf184c9398d48cda2b""}, ""timezone"": {""timezone_name"": ""UTC"", ""utc_offset_hours"": 0.0}, ""timestamp"": 1752416768.0}",443b599dca6666ab5976e2cf184c9398d48cda2b,2025-07-18T12:37:04,,UNSUPPORTED,,,,,,,"{""reason"": ""Solver does not support SDP problems"", ""problem_type"": ""SDP"", ""problem_class"": ""SDP""}"
1114,cvxpy_highs,cvxpy-1.6.5-HIGHS-1.11.0,SDPLIB,maxG11,SDP,"{""cpu"": {""cpu_count"": 8, ""cpu_count_physical"": 8, ""processor"": ""arm"", ""architecture"": ""64bit""}, ""memory"": {""total_gb"": 24.0}, ""os"": {""system"": ""Darwin"", ""machine"": ""arm64"", ""release"": ""23.5.0""}, ""python"": {""implementation"": ""CPython"", ""version"": ""3.12.2"", ""version_info"": ""3.12.2""}, ""git"": {""commit_hash"": ""443b599dca6666ab5976e2cf184c9398d48cda2b""}, ""timezone"": {""timezone_name"": ""UTC"", ""utc_offset_hours"": 0.0}, ""timestamp"": 1752416768.0}",443b599dca6666ab5976e2cf184c9398d48cda2b,2025-07-18T12:37:04,,UNSUPPORTED,,,,,,,"{""reason"": ""Solver does not support SDP problems"", ""problem_type"": ""SDP"", ""problem_class"": ""SDP""}"
1115,cvxpy_osqp,cvxpy-1.6.5-OSQP-1.0.4,SDPLIB,maxG11,SDP,"{""cpu"": {""cpu_count"": 8, ""cpu_count_physical"": 8, ""processor"": ""arm"", ""architecture"": ""64bit""}, ""memory"": {""total_gb"": 24.0}, ""os"": {""system"": ""Darwin"", ""machine"": ""arm64"", ""release"": ""23.5.0""}, ""python"": {""implementation"": ""CPython"", ""version"": ""3.12.2"", ""version_info"": ""3.12.2""}, ""git"": {""commit_hash"": ""443b599dca6666ab5976e2cf184c9398d48cda2b""}, ""timezone"": {""timezone_name"": ""UTC"", ""utc_offset_hours"": 0.0}, ""timestamp"": 1752416768.0}",443b599dca6666ab5976e2cf184c9398d48cda2b,2025-07-18T12:37:04,,UNSUPPORTED,,,,,,,"{""reason"": ""Solver does not support SDP problems"", ""problem_type"": ""SDP"", ""problem_class"": ""SDP""}"
1116,cvxpy_scip,cvxpy-1.6.5-SCIP-5.5.0,SDPLIB,maxG11,SDP,"{""cpu"": {""cpu_count"": 8, ""cpu_count_physical"": 8, ""processor"": ""arm"", ""architecture"": ""64bit""}, ""memory"": {""total_gb"": 24.0}, ""os"": {""system"": ""Darwin"", ""machine"": ""arm64"", ""release"": ""23.5.0""}, ""python"": {""implementation"": ""CPython"", ""version"": ""3.12.2"", ""version_info"": ""3.12.2""}, ""git"": {""commit_hash"": ""443b599dca6666ab5976e2cf184c9398d48cda2b""}, ""timezone"": {""timezone_name"": ""UTC"", ""utc_offset_hours"": 0.0}, ""timestamp"": 1752416768.0}",443b599dca6666ab5976e2cf184c9398d48cda2b,2025-07-18T12:37:05,,UNSUPPORTED,,,,,,,"{""reason"": ""Solver does not support SDP problems"", ""problem_type"": ""SDP"", ""problem_class"": ""SDP""}"
1112,cvxpy_sdpa,cvxpy-1.6.5-SDPA-0.2.2,SDPLIB,maxG11,SDP,"{""cpu"": {""cpu_count"": 8, ""cpu_count_physical"": 8, ""processor"": ""arm"", ""architecture"": ""64bit""}, ""memory"": {""total_gb"": 24.0}, ""os"": {""system"": ""Darwin"", ""machine"": ""arm64"", ""release"": ""23.5.0""}, ""python"": {""implementation"": ""CPython"", ""version"": ""3.12.2"", ""version_info"": ""3.12.2""}, ""git"": {""commit_hash"": ""443b599dca6666ab5976e2cf184c9398d48cda2b""}, ""timezone"": {""timezone_name"": ""UTC"", ""utc_offset_hours"": 0.0}, ""timestamp"": 1752416768.0}",443b599dca6666ab5976e2cf184c9398d48cda2b,2025-07-18T12:36:57,6.635096073150635,OPTIMAL,-629.1647613155295,-629.1647831444957,2.1828966168868646e-05,1.093272639824208e-14,0.0,,"{""iteration_info_limitation"": ""SDPA does not provide iteration count through CVXPY"", ""solver_solve_time"": null, ""problem_class"": ""SDP""}"
1653,matlab_sdpt3,SDPT3-4.0-20240410 (MATLAB 24.1.0.2537033 (R2024a)),SDPLIB,maxG11,SDP,"{""cpu"": {""cpu_count"": 8, ""cpu_count_physical"": 8, ""processor"": ""arm"", ""architecture"": ""64bit""}, ""memory"": {""total_gb"": 24.0}, ""os"": {""system"": ""Darwin"", ""machine"": ""arm64"", ""release"": ""23.5.0""}, ""python"": {""implementation"": ""CPython"", ""version"": ""3.12.2"", ""version_info"": ""3.12.2""}, ""git"": {""commit_hash"": ""96ca043787ef8c38515cfa8d108d16b61b823e04""}, ""timezone"": {""timezone_name"": ""UTC"", ""utc_offset_hours"": 0.0}, ""timestamp"": 1752926592.0}",96ca043787ef8c38515cfa8d108d16b61b823e04,2025-07-19T14:07:14,2.363915125,OPTIMAL,-629.1647770178772,-629.1647830495338,6.031656539562391e-06,1.487176561555531e-13,0.0,15,"{""matlab_output"": {""solver_name"": ""SDPT3"", ""status"": ""optimal"", ""solve_time"": 2.363915125, ""setup_time"": [], ""iterations"": 15, ""primal_objective_value"": -629.1647770178772, ""dual_objective_value"": -629.1647830495338, ""duality_gap"": 6.031656539562391e-06, ""primal_infeasibility"": 1.487176561555531e-13, ""dual_infeasibility"": 0, ""solver_version"": ""SDPT3-4.0-20240410"", ""solver_options"": {}, ""termination_reason"": """", ""error_message"": """", ""timestamp"": ""2025-07-19 23:07:10"", ""matlab_version"": ""24.1.0.2537033 (R2024a)""}, ""matlab_version"": ""24.1.0.2537033 (R2024a)"", ""solver_backend"": ""sdpt3"", ""execution_environment"": ""matlab"", ""problem_class"": ""SDP""}"
1523,matlab_sedumi,SeDuMi-1.3.7 (MATLAB 24.1.0.2537033 (R2024a)),SDPLIB,maxG11,SDP,"{""cpu"": {""cpu_count"": 8, ""cpu_count_physical"": 8, ""processor"": ""arm"", ""architecture"": ""64bit""}, ""memory"": {""total_gb"": 24.0}, ""os"": {""system"": ""Darwin"", ""machine"": ""arm64"", ""release"": ""23.5.0""}, ""python"": {""implementation"": ""CPython"", ""version"": ""3.12.2"", ""version_info"": ""3.12.2""}, ""git"": {""commit_hash"": ""96ca043787ef8c38515cfa8d108d16b61b823e04""}, ""timezone"": {""timezone_name"": ""UTC"", ""utc_offset_hours"": 0.0}, ""timestamp"": 1752926592.0}",96ca043787ef8c38515cfa8d108d16b61b823e04,2025-07-19T12:48:02,18.21366383333333,OPTIMAL,-629.1647785850998,-629.1647785773678,7.73206920712255e-09,1.9597982503383297e-09,3.331356481626968e-11,16,"{""matlab_output"": {""solver_name"": ""SeDuMi"", ""status"": ""optimal"", ""solve_time"": 18.21366383333333, ""setup_time"": [], ""iterations"": 16, ""primal_objective_value"": -629.1647785850998, ""dual_objective_value"": -629.1647785773678, ""duality_gap"": 7.73206920712255e-09, ""primal_infeasibility"": 1.9597982503383297e-09, ""dual_infeasibility"": 3.331356481626968e-11, ""solver_version"": ""SeDuMi-1.3.7"", ""solver_options"": {}, ""termination_reason"": """", ""error_message"": """", ""timestamp"": ""2025-07-19 21:48:00"", ""matlab_version"": ""24.1.0.2537033 (R2024a)""}, ""matlab_version"": ""24.1.0.2537033 (R2024a)"", ""solver_backend"": ""sedumi"", ""execution_environment"": ""matlab"", ""problem_class"": ""SDP""}"
1117,scipy_linprog,scipy-1.15.3,SDPLIB,maxG11,SDP,"{""cpu"": {""cpu_count"": 8, ""cpu_count_physical"": 8, ""processor"": ""arm"", ""architecture"": ""64bit""}, ""memory"": {""total_gb"": 24.0}, ""os"": {""system"": ""Darwin"", ""machine"": ""arm64"", ""release"": ""23.5.0""}, ""python"": {""implementation"": ""CPython"", ""version"": ""3.12.2"", ""version_info"": ""3.12.2""}, ""git"": {""commit_hash"": ""443b599dca6666ab5976e2cf184c9398d48cda2b""}, ""timezone"": {""timezone_name"": ""UTC"", ""utc_offset_hours"": 0.0}, ""timestamp"": 1752416768.0}",443b599dca6666ab5976e2cf184c9398d48cda2b,2025-07-18T12:37:05,,UNSUPPORTED,,,,,,,"{""reason"": ""Solver does not support SDP problems"", ""problem_type"": ""SDP"", ""problem_class"": ""SDP""}"
1120,cvxpy_ecos,cvxpy-1.6.5-ECOS-2.0.14,SDPLIB,maxG32,SDP,"{""cpu"": {""cpu_count"": 8, ""cpu_count_physical"": 8, ""processor"": ""arm"", ""architecture"": ""64bit""}, ""memory"": {""total_gb"": 24.0}, ""os"": {""system"": ""Darwin"", ""machine"": ""arm64"", ""release"": ""23.5.0""}, ""python"": {""implementation"": ""CPython"", ""version"": ""3.12.2"", ""version_info"": ""3.12.2""}, ""git"": {""commit_hash"": ""443b599dca6666ab5976e2cf184c9398d48cda2b""}, ""timezone"": {""timezone_name"": ""UTC"", ""utc_offset_hours"": 0.0}, ""timestamp"": 1752416768.0}",443b599dca6666ab5976e2cf184c9398d48cda2b,2025-07-18T12:48:51,,UNSUPPORTED,,,,,,,"{""reason"": ""Solver does not support SDP problems"", ""problem_type"": ""SDP"", ""problem_class"": ""SDP""}"
1121,cvxpy_highs,cvxpy-1.6.5-HIGHS-1.11.0,SDPLIB,maxG32,SDP,"{""cpu"": {""cpu_count"": 8, ""cpu_count_physical"": 8, ""processor"": ""arm"", ""architecture"": ""64bit""}, ""memory"": {""total_gb"": 24.0}, ""os"": {""system"": ""Darwin"", ""machine"": ""arm64"", ""release"": ""23.5.0""}, ""python"": {""implementation"": ""CPython"", ""version"": ""3.12.2"", ""version_info"": ""3.12.2""}, ""git"": {""commit_hash"": ""443b599dca6666ab5976e2cf184c9398d48cda2b""}, ""timezone"": {""timezone_name"": ""UTC"", ""utc_offset_hours"": 0.0}, ""timestamp"": 1752416768.0}",443b599dca6666ab5976e2cf184c9398d48cda2b,2025-07-18T12:48:52,,UNSUPPORTED,,,,,,,"{""reason"": ""Solver does not support SDP problems"", ""problem_type"": ""SDP"", ""problem_class"": ""SDP""}"
1122,cvxpy_osqp,cvxpy-1.6.5-OSQP-1.0.4,SDPLIB,maxG32,SDP,"{""cpu"": {""cpu_count"": 8, ""cpu_count_physical"": 8, ""processor"": ""arm"", ""architecture"": ""64bit""}, ""memory"": {""total_gb"": 24.0}, ""os"": {""system"": ""Darwin"", ""machine"": ""arm64"", ""release"": ""23.5.0""}, ""python"": {""implementation"": ""CPython"", ""version"": ""3.12.2"", ""version_info"": ""3.12.2""}, ""git"": {""commit_hash"": ""443b599dca6666ab5976e2cf184c9398d48cda2b""}, ""timezone"": {""timezone_name"": ""UTC"", ""utc_offset_hours"": 0.0}, ""timestamp"": 1752416768.0}",443b599dca6666ab5976e2cf184c9398d48cda2b,2025-07-18T12:48:52,,UNSUPPORTED,,,,,,,"{""reason"": ""Solver does not support SDP problems"", ""problem_type"": ""SDP"", ""problem_class"": ""SDP""}"
1123,cvxpy_scip,cvxpy-1.6.5-SCIP-5.5.0,SDPLIB,maxG32,SDP,"{""cpu"": {""cpu_count"": 8, ""cpu_count_physical"": 8, ""processor"": ""arm"", ""architecture"": ""64bit""}, ""memory"": {""total_gb"": 24.0}, ""os"": {""system"": ""Darwin"", ""machine"": ""arm64"", ""release"": ""23.5.0""}, ""python"": {""implementation"": ""CPython"", ""version"": ""3.12.2"", ""version_info"": ""3.12.2""}, ""git"": {""commit_hash"": ""443b599dca6666ab5976e2cf184c9398d48cda2b""}, ""timezone"": {""timezone_name"": ""UTC"", ""utc_offset_hours"": 0.0}, ""timestamp"": 1752416768.0}",443b599dca6666ab5976e2cf184c9398d48cda2b,2025-07-18T12:48:52,,UNSUPPORTED,,,,,,,"{""reason"": ""Solver does not support SDP problems"", ""problem_type"": ""SDP"", ""problem_class"": ""SDP""}"
1654,matlab_sdpt3,SDPT3-4.0-20240410 (MATLAB 24.1.0.2537033 (R2024a)),SDPLIB,maxG32,SDP,"{""cpu"": {""cpu_count"": 8, ""cpu_count_physical"": 8, ""processor"": ""arm"", ""architecture"": ""64bit""}, ""memory"": {""total_gb"": 24.0}, ""os"": {""system"": ""Darwin"", ""machine"": ""arm64"", ""release"": ""23.5.0""}, ""python"": {""implementation"": ""CPython"", ""version"": ""3.12.2"", ""version_info"": ""3.12.2""}, ""git"": {""commit_hash"": ""96ca043787ef8c38515cfa8d108d16b61b823e04""}, ""timezone"": {""timezone_name"": ""UTC"", ""utc_offset_hours"": 0.0}, ""timestamp"": 1752926592.0}",96ca043787ef8c38515cfa8d108d16b61b823e04,2025-07-19T14:09:36,15.456882125,OPTIMAL,-1567.6396346092076,-1567.6396447238442,1.011463655231637e-05,1.502035887240306e-11,0.0,16,"{""matlab_output"": {""solver_name"": ""SDPT3"", ""status"": ""optimal"", ""solve_time"": 15.456882125, ""setup_time"": [], ""iterations"": 16, ""primal_objective_value"": -1567.6396346092076, ""dual_objective_value"": -1567.6396447238442, ""duality_gap"": 1.011463655231637e-05, ""primal_infeasibility"": 1.502035887240306e-11, ""dual_infeasibility"": 0, ""solver_version"": ""SDPT3-4.0-20240410"", ""solver_options"": {}, ""termination_reason"": """", ""error_message"": """", ""timestamp"": ""2025-07-19 23:09:32"", ""matlab_version"": ""24.1.0.2537033 (R2024a)""}, ""matlab_version"": ""24.1.0.2537033 (R2024a)"", ""solver_backend"": ""sdpt3"", ""execution_environment"": ""matlab"", ""problem_class"": ""SDP""}"
1119,matlab_sedumi,unknown,SDPLIB,maxG32,SDP,"{""cpu"": {""cpu_count"": 8, ""cpu_count_physical"": 8, ""processor"": ""arm"", ""architecture"": ""64bit""}, ""memory"": {""total_gb"": 24.0}, ""os"": {""system"": ""Darwin"", ""machine"": ""arm64"", ""release"": ""23.5.0""}, ""python"": {""implementation"": ""CPython"", ""version"": ""3.12.2"", ""version_info"": ""3.12.2""}, ""git"": {""commit_hash"": ""443b599dca6666ab5976e2cf184c9398d48cda2b""}, ""timezone"": {""timezone_name"": ""UTC"", ""utc_offset_hours"": 0.0}, ""timestamp"": 1752416768.0}",443b599dca6666ab5976e2cf184c9398d48cda2b,2025-07-18T12:48:12,300.0,TIMEOUT,,,,,,,"{""timeout_duration"": 300, ""problem_class"": ""SDP""}"
1124,scipy_linprog,scipy-1.15.3,SDPLIB,maxG32,SDP,"{""cpu"": {""cpu_count"": 8, ""cpu_count_physical"": 8, ""processor"": ""arm"", ""architecture"": ""64bit""}, ""memory"": {""total_gb"": 24.0}, ""os"": {""system"": ""Darwin"", ""machine"": ""arm64"", ""release"": ""23.5.0""}, ""python"": {""implementation"": ""CPython"", ""version"": ""3.12.2"", ""version_info"": ""3.12.2""}, ""git"": {""commit_hash"": ""443b599dca6666ab5976e2cf184c9398d48cda2b""}, ""timezone"": {""timezone_name"": ""UTC"", ""utc_offset_hours"": 0.0}, ""timestamp"": 1752416768.0}",443b599dca6666ab5976e2cf184c9398d48cda2b,2025-07-18T12:48:53,,UNSUPPORTED,,,,,,,"{""reason"": ""Solver does not support SDP problems"", ""problem_type"": ""SDP"", ""problem_class"": ""SDP""}"
1127,cvxpy_ecos,cvxpy-1.6.5-ECOS-2.0.14,SDPLIB,maxG51,SDP,"{""cpu"": {""cpu_count"": 8, ""cpu_count_physical"": 8, ""processor"": ""arm"", ""architecture"": ""64bit""}, ""memory"": {""total_gb"": 24.0}, ""os"": {""system"": ""Darwin"", ""machine"": ""arm64"", ""release"": ""23.5.0""}, ""python"": {""implementation"": ""CPython"", ""version"": ""3.12.2"", ""version_info"": ""3.12.2""}, ""git"": {""commit_hash"": ""443b599dca6666ab5976e2cf184c9398d48cda2b""}, ""timezone"": {""timezone_name"": ""UTC"", ""utc_offset_hours"": 0.0}, ""timestamp"": 1752416768.0}",443b599dca6666ab5976e2cf184c9398d48cda2b,2025-07-18T12:54:43,,UNSUPPORTED,,,,,,,"{""reason"": ""Solver does not support SDP problems"", ""problem_type"": ""SDP"", ""problem_class"": ""SDP""}"
1128,cvxpy_highs,cvxpy-1.6.5-HIGHS-1.11.0,SDPLIB,maxG51,SDP,"{""cpu"": {""cpu_count"": 8, ""cpu_count_physical"": 8, ""processor"": ""arm"", ""architecture"": ""64bit""}, ""memory"": {""total_gb"": 24.0}, ""os"": {""system"": ""Darwin"", ""machine"": ""arm64"", ""release"": ""23.5.0""}, ""python"": {""implementation"": ""CPython"", ""version"": ""3.12.2"", ""version_info"": ""3.12.2""}, ""git"": {""commit_hash"": ""443b599dca6666ab5976e2cf184c9398d48cda2b""}, ""timezone"": {""timezone_name"": ""UTC"", ""utc_offset_hours"": 0.0}, ""timestamp"": 1752416768.0}",443b599dca6666ab5976e2cf184c9398d48cda2b,2025-07-18T12:54:43,,UNSUPPORTED,,,,,,,"{""reason"": ""Solver does not support SDP problems"", ""problem_type"": ""SDP"", ""problem_class"": ""SDP""}"
1129,cvxpy_osqp,cvxpy-1.6.5-OSQP-1.0.4,SDPLIB,maxG51,SDP,"{""cpu"": {""cpu_count"": 8, ""cpu_count_physical"": 8, ""processor"": ""arm"", ""architecture"": ""64bit""}, ""memory"": {""total_gb"": 24.0}, ""os"": {""system"": ""Darwin"", ""machine"": ""arm64"", ""release"": ""23.5.0""}, ""python"": {""implementation"": ""CPython"", ""version"": ""3.12.2"", ""version_info"": ""3.12.2""}, ""git"": {""commit_hash"": ""443b599dca6666ab5976e2cf184c9398d48cda2b""}, ""timezone"": {""timezone_name"": ""UTC"", ""utc_offset_hours"": 0.0}, ""timestamp"": 1752416768.0}",443b599dca6666ab5976e2cf184c9398d48cda2b,2025-07-18T12:54:43,,UNSUPPORTED,,,,,,,"{""reason"": ""Solver does not support SDP problems"", ""problem_type"": ""SDP"", ""problem_class"": ""SDP""}"
1130,cvxpy_scip,cvxpy-1.6.5-SCIP-5.5.0,SDPLIB,maxG51,SDP,"{""cpu"": {""cpu_count"": 8, ""cpu_count_physical"": 8, ""processor"": ""arm"", ""architecture"": ""64bit""}, ""memory"": {""total_gb"": 24.0}, ""os"": {""system"": ""Darwin"", ""machine"": ""arm64"", ""release"": ""23.5.0""}, ""python"": {""implementation"": ""CPython"", ""version"": ""3.12.2"", ""version_info"": ""3.12.2""}, ""git"": {""commit_hash"": ""443b599dca6666ab5976e2cf184c9398d48cda2b""}, ""timezone"": {""timezone_name"": ""UTC"", ""utc_offset_hours"": 0.0}, ""timestamp"": 1752416768.0}",443b599dca6666ab5976e2cf184c9398d48cda2b,2025-07-18T12:54:44,,UNSUPPORTED,,,,,,,"{""reason"": ""Solver does not support SDP problems"", ""problem_type"": ""SDP"", ""problem_class"": ""SDP""}"
1673,matlab_sdpt3,SDPT3-4.0-20240410 (MATLAB 24.1.0.2537033 (R2024a)),SDPLIB,maxG51,SDP,"{""cpu"": {""cpu_count"": 8, ""cpu_count_physical"": 8, ""processor"": ""arm"", ""architecture"": ""64bit""}, ""memory"": {""total_gb"": 24.0}, ""os"": {""system"": ""Darwin"", ""machine"": ""arm64"", ""release"": ""23.5.0""}, ""python"": {""implementation"": ""CPython"", ""version"": ""3.12.2"", ""version_info"": ""3.12.2""}, ""git"": {""commit_hash"": ""96ca043787ef8c38515cfa8d108d16b61b823e04""}, ""timezone"": {""timezone_name"": ""UTC"", ""utc_offset_hours"": 0.0}, ""timestamp"": 1752926592.0}",96ca043787ef8c38515cfa8d108d16b61b823e04,2025-07-19T14:26:27,5.433042291666666,OPTIMAL,-4006.2555195572245,-4006.2555216808855,2.1236610336927697e-06,7.797328522618889e-14,0.0,17,"{""matlab_output"": {""solver_name"": ""SDPT3"", ""status"": ""optimal"", ""solve_time"": 5.433042291666666, ""setup_time"": [], ""iterations"": 17, ""primal_objective_value"": -4006.2555195572245, ""dual_objective_value"": -4006.2555216808855, ""duality_gap"": 2.1236610336927697e-06, ""primal_infeasibility"": 7.797328522618889e-14, ""dual_infeasibility"": 0, ""solver_version"": ""SDPT3-4.0-20240410"", ""solver_options"": {}, ""termination_reason"": """", ""error_message"": """", ""timestamp"": ""2025-07-19 23:26:23"", ""matlab_version"": ""24.1.0.2537033 (R2024a)""}, ""matlab_version"": ""24.1.0.2537033 (R2024a)"", ""solver_backend"": ""sdpt3"", ""execution_environment"": ""matlab"", ""problem_class"": ""SDP""}"
1542,matlab_sedumi,SeDuMi-1.3.7 (MATLAB 24.1.0.2537033 (R2024a)),SDPLIB,maxG51,SDP,"{""cpu"": {""cpu_count"": 8, ""cpu_count_physical"": 8, ""processor"": ""arm"", ""architecture"": ""64bit""}, ""memory"": {""total_gb"": 24.0}, ""os"": {""system"": ""Darwin"", ""machine"": ""arm64"", ""release"": ""23.5.0""}, ""python"": {""implementation"": ""CPython"", ""version"": ""3.12.2"", ""version_info"": ""3.12.2""}, ""git"": {""commit_hash"": ""96ca043787ef8c38515cfa8d108d16b61b823e04""}, ""timezone"": {""timezone_name"": ""UTC"", ""utc_offset_hours"": 0.0}, ""timestamp"": 1752926592.0}",96ca043787ef8c38515cfa8d108d16b61b823e04,2025-07-19T13:01:57,43.0097865,OPTIMAL,-4006.255460000534,-4006.255459886479,1.1405518307583407e-07,1.6434551009770762e-09,1.1291850783925127e-11,22,"{""matlab_output"": {""solver_name"": ""SeDuMi"", ""status"": ""optimal"", ""solve_time"": 43.0097865, ""setup_time"": [], ""iterations"": 22, ""primal_objective_value"": -4006.255460000534, ""dual_objective_value"": -4006.255459886479, ""duality_gap"": 1.1405518307583407e-07, ""primal_infeasibility"": 1.6434551009770762e-09, ""dual_infeasibility"": 1.1291850783925127e-11, ""solver_version"": ""SeDuMi-1.3.7"", ""solver_options"": {}, ""termination_reason"": """", ""error_message"": """", ""timestamp"": ""2025-07-19 22:01:54"", ""matlab_version"": ""24.1.0.2537033 (R2024a)""}, ""matlab_version"": ""24.1.0.2537033 (R2024a)"", ""solver_backend"": ""sedumi"", ""execution_environment"": ""matlab"", ""problem_class"": ""SDP""}"
1131,scipy_linprog,scipy-1.15.3,SDPLIB,maxG51,SDP,"{""cpu"": {""cpu_count"": 8, ""cpu_count_physical"": 8, ""processor"": ""arm"", ""architecture"": ""64bit""}, ""memory"": {""total_gb"": 24.0}, ""os"": {""system"": ""Darwin"", ""machine"": ""arm64"", ""release"": ""23.5.0""}, ""python"": {""implementation"": ""CPython"", ""version"": ""3.12.2"", ""version_info"": ""3.12.2""}, ""git"": {""commit_hash"": ""443b599dca6666ab5976e2cf184c9398d48cda2b""}, ""timezone"": {""timezone_name"": ""UTC"", ""utc_offset_hours"": 0.0}, ""timestamp"": 1752416768.0}",443b599dca6666ab5976e2cf184c9398d48cda2b,2025-07-18T12:54:44,,UNSUPPORTED,,,,,,,"{""reason"": ""Solver does not support SDP problems"", ""problem_type"": ""SDP"", ""problem_class"": ""SDP""}"
1148,cvxpy_clarabel,unknown,SDPLIB,mcp100,UNKNOWN,"{""cpu"": {""cpu_count"": 8, ""cpu_count_physical"": 8, ""processor"": ""arm"", ""architecture"": ""64bit""}, ""memory"": {""total_gb"": 24.0}, ""os"": {""system"": ""Darwin"", ""machine"": ""arm64"", ""release"": ""23.5.0""}, ""python"": {""implementation"": ""CPython"", ""version"": ""3.12.2"", ""version_info"": ""3.12.2""}, ""git"": {""commit_hash"": ""443b599dca6666ab5976e2cf184c9398d48cda2b""}, ""timezone"": {""timezone_name"": ""UTC"", ""utc_offset_hours"": 0.0}, ""timestamp"": 1752416768.0}",443b599dca6666ab5976e2cf184c9398d48cda2b,2025-07-18T13:00:39,0.0,ERROR,,,,,,,"{""error_message"": ""Benchmark execution failed: Failed to load problem mcp100: could not convert string to float: '{+1.0,+1.0,+1.0,+1.0,+1.0,+1.0,+1.0,+1.0,+1.0,+1.0,+1.0,+1.0,+1.0,+1.0,+1.0,+1.0,+1.0,+1.0,+1.0,+1.0,+1.0,+1.0,+1.0,+1.0,+1.0,+1.0,+1.0,+1.0,+1.0,+1.0,+1.0,+1.0,+1.0,+1.0,+1.0,+1.0,+1.0,+1.0,+1.0,+1.0,+1.0,+1.0,+1.0,+1.0,+1.0,+1.0,+1.0,+1.0,+1.0,+1.0,+1.0,+1.0,+1.0,+1.0,+1.0,+1.0,+1.0,+1.0,+1.0,+1.0,+1.0,+1.0,+1.0,+1.0,+1.0,+1.0,+1.0,+1.0,+1.0,+1.0,+1.0,+1.0,+1.0,+1.0,+1.0,+1.0,+1.0,+1.0,+1.0,+1.0,+1.0,+1.0,+1.0,+1.0,+1.0,+1.0,+1.0,+1.0,+1.0,+1.0,+1.0,+1.0,+1.0,+1.0,+1.0,+1.0,+1.0,+1.0,+1.0,+1.0e+00}'""}"
1826,matlab_sdpt3,SDPT3-4.0-20240410 (MATLAB 24.1.0.2537033 (R2024a)),SDPLIB,mcp100,SDP,"{""cpu"": {""cpu_count"": 8, ""cpu_count_physical"": 8, ""processor"": ""arm"", ""architecture"": ""64bit""}, ""memory"": {""total_gb"": 24.0}, ""os"": {""system"": ""Darwin"", ""machine"": ""arm64"", ""release"": ""23.5.0""}, ""python"": {""implementation"": ""CPython"", ""version"": ""3.12.2"", ""version_info"": ""3.12.2""}, ""git"": {""commit_hash"": ""d31cb7532a216fdc91b3add7143ef51aa6679c9d""}, ""timezone"": {""timezone_name"": ""UTC"", ""utc_offset_hours"": 0.0}, ""timestamp"": 1752926592.0}",d31cb7532a216fdc91b3add7143ef51aa6679c9d,2025-07-22T15:39:38,0.3674235416666667,OPTIMAL,-226.15735063849868,-226.15735153136035,8.928616637149389e-07,2.7784036751600645e-11,0.0,12,"{""matlab_output"": {""solver_name"": ""SDPT3"", ""status"": ""optimal"", ""solve_time"": 0.3674235416666667, ""setup_time"": [], ""iterations"": 12, ""primal_objective_value"": -226.15735063849868, ""dual_objective_value"": -226.15735153136035, ""duality_gap"": 8.928616637149389e-07, ""primal_infeasibility"": 2.7784036751600645e-11, ""dual_infeasibility"": 0, ""solver_version"": ""SDPT3-4.0-20240410"", ""solver_options"": {}, ""termination_reason"": """", ""error_message"": """", ""timestamp"": ""2025-07-23 00:39:36"", ""matlab_version"": ""24.1.0.2537033 (R2024a)""}, ""matlab_version"": ""24.1.0.2537033 (R2024a)"", ""solver_backend"": ""sdpt3"", ""execution_environment"": ""matlab"", ""problem_class"": ""SDP""}"
1852,matlab_sedumi,SeDuMi-1.3.7 (MATLAB 24.1.0.2537033 (R2024a)),SDPLIB,mcp100,SDP,"{""cpu"": {""cpu_count"": 8, ""cpu_count_physical"": 8, ""processor"": ""arm"", ""architecture"": ""64bit""}, ""memory"": {""total_gb"": 24.0}, ""os"": {""system"": ""Darwin"", ""machine"": ""arm64"", ""release"": ""23.5.0""}, ""python"": {""implementation"": ""CPython"", ""version"": ""3.12.2"", ""version_info"": ""3.12.2""}, ""git"": {""commit_hash"": ""d31cb7532a216fdc91b3add7143ef51aa6679c9d""}, ""timezone"": {""timezone_name"": ""UTC"", ""utc_offset_hours"": 0.0}, ""timestamp"": 1752926592.0}",d31cb7532a216fdc91b3add7143ef51aa6679c9d,2025-07-22T15:42:51,0.42889166666666667,OPTIMAL,-226.15735066324342,-226.15735064685092,1.6392505131079815e-08,2.540251644217761e-09,7.337480389552916e-11,17,"{""matlab_output"": {""solver_name"": ""SeDuMi"", ""status"": ""optimal"", ""solve_time"": 0.42889166666666667, ""setup_time"": [], ""iterations"": 17, ""primal_objective_value"": -226.15735066324342, ""dual_objective_value"": -226.15735064685092, ""duality_gap"": 1.6392505131079815e-08, ""primal_infeasibility"": 2.540251644217761e-09, ""dual_infeasibility"": 7.337480389552916e-11, ""solver_version"": ""SeDuMi-1.3.7"", ""solver_options"": {}, ""termination_reason"": """", ""error_message"": """", ""timestamp"": ""2025-07-23 00:42:48"", ""matlab_version"": ""24.1.0.2537033 (R2024a)""}, ""matlab_version"": ""24.1.0.2537033 (R2024a)"", ""solver_backend"": ""sedumi"", ""execution_environment"": ""matlab"", ""problem_class"": ""SDP""}"
1149,cvxpy_clarabel,unknown,SDPLIB,mcp124-1,UNKNOWN,"{""cpu"": {""cpu_count"": 8, ""cpu_count_physical"": 8, ""processor"": ""arm"", ""architecture"": ""64bit""}, ""memory"": {""total_gb"": 24.0}, ""os"": {""system"": ""Darwin"", ""machine"": ""arm64"", ""release"": ""23.5.0""}, ""python"": {""implementation"": ""CPython"", ""version"": ""3.12.2"", ""version_info"": ""3.12.2""}, ""git"": {""commit_hash"": ""443b599dca6666ab5976e2cf184c9398d48cda2b""}, ""timezone"": {""timezone_name"": ""UTC"", ""utc_offset_hours"": 0.0}, ""timestamp"": 1752416768.0}",443b599dca6666ab5976e2cf184c9398d48cda2b,2025-07-18T13:00:52,0.0,ERROR,,,,,,,"{""error_message"": ""Benchmark execution failed: Failed to load problem mcp124-1: could not convert string to float: '{+1.0,+1.0,+1.0,+1.0,+1.0,+1.0,+1.0,+1.0,+1.0,+1.0,+1.0,+1.0,+1.0,+1.0,+1.0,+1.0,+1.0,+1.0,+1.0,+1.0,+1.0,+1.0,+1.0,+1.0,+1.0,+1.0,+1.0,+1.0,+1.0,+1.0,+1.0,+1.0,+1.0,+1.0,+1.0,+1.0,+1.0,+1.0,+1.0,+1.0,+1.0,+1.0,+1.0,+1.0,+1.0,+1.0,+1.0,+1.0,+1.0,+1.0,+1.0,+1.0,+1.0,+1.0,+1.0,+1.0,+1.0,+1.0,+1.0,+1.0,+1.0,+1.0,+1.0,+1.0,+1.0,+1.0,+1.0,+1.0,+1.0,+1.0,+1.0,+1.0,+1.0,+1.0,+1.0,+1.0,+1.0,+1.0,+1.0,+1.0,+1.0,+1.0,+1.0,+1.0,+1.0,+1.0,+1.0,+1.0,+1.0,+1.0,+1.0,+1.0,+1.0,+1.0,+1.0,+1.0,+1.0,+1.0,+1.0,+1.0,+1.0,+1.0,+1.0,+1.0,+1.0,+1.0,+1.0,+1.0,+1.0,+1.0,+1.0,+1.0,+1.0,+1.0,+1.0,+1.0,+1.0,+1.0,+1.0,+1.0,+1.0,+1.0,+1.0,+1.0e+00}'""}"
1827,matlab_sdpt3,SDPT3-4.0-20240410 (MATLAB 24.1.0.2537033 (R2024a)),SDPLIB,mcp124-1,SDP,"{""cpu"": {""cpu_count"": 8, ""cpu_count_physical"": 8, ""processor"": ""arm"", ""architecture"": ""64bit""}, ""memory"": {""total_gb"": 24.0}, ""os"": {""system"": ""Darwin"", ""machine"": ""arm64"", ""release"": ""23.5.0""}, ""python"": {""implementation"": ""CPython"", ""version"": ""3.12.2"", ""version_info"": ""3.12.2""}, ""git"": {""commit_hash"": ""d31cb7532a216fdc91b3add7143ef51aa6679c9d""}, ""timezone"": {""timezone_name"": ""UTC"", ""utc_offset_hours"": 0.0}, ""timestamp"": 1752926592.0}",d31cb7532a216fdc91b3add7143ef51aa6679c9d,2025-07-22T15:39:44,0.5272229166666667,OPTIMAL,-141.99047525291158,-141.99047737688758,2.1239760030766774e-06,3.5074058660380328e-12,0.0,12,"{""matlab_output"": {""solver_name"": ""SDPT3"", ""status"": ""optimal"", ""solve_time"": 0.5272229166666667, ""setup_time"": [], ""iterations"": 12, ""primal_objective_value"": -141.99047525291158, ""dual_objective_value"": -141.99047737688758, ""duality_gap"": 2.1239760030766774e-06, ""primal_infeasibility"": 3.5074058660380328e-12, ""dual_infeasibility"": 0, ""solver_version"": ""SDPT3-4.0-20240410"", ""solver_options"": {}, ""termination_reason"": """", ""error_message"": """", ""timestamp"": ""2025-07-23 00:39:41"", ""matlab_version"": ""24.1.0.2537033 (R2024a)""}, ""matlab_version"": ""24.1.0.2537033 (R2024a)"", ""solver_backend"": ""sdpt3"", ""execution_environment"": ""matlab"", ""problem_class"": ""SDP""}"
1853,matlab_sedumi,SeDuMi-1.3.7 (MATLAB 24.1.0.2537033 (R2024a)),SDPLIB,mcp124-1,SDP,"{""cpu"": {""cpu_count"": 8, ""cpu_count_physical"": 8, ""processor"": ""arm"", ""architecture"": ""64bit""}, ""memory"": {""total_gb"": 24.0}, ""os"": {""system"": ""Darwin"", ""machine"": ""arm64"", ""release"": ""23.5.0""}, ""python"": {""implementation"": ""CPython"", ""version"": ""3.12.2"", ""version_info"": ""3.12.2""}, ""git"": {""commit_hash"": ""d31cb7532a216fdc91b3add7143ef51aa6679c9d""}, ""timezone"": {""timezone_name"": ""UTC"", ""utc_offset_hours"": 0.0}, ""timestamp"": 1752926592.0}",d31cb7532a216fdc91b3add7143ef51aa6679c9d,2025-07-22T15:42:57,1.2223734583333334,OPTIMAL,-141.99047629355732,-141.99047628004945,1.3507872154150391e-08,2.947795342213903e-09,1.7867929542859113e-10,17,"{""matlab_output"": {""solver_name"": ""SeDuMi"", ""status"": ""optimal"", ""solve_time"": 1.2223734583333334, ""setup_time"": [], ""iterations"": 17, ""primal_objective_value"": -141.99047629355732, ""dual_objective_value"": -141.99047628004945, ""duality_gap"": 1.3507872154150391e-08, ""primal_infeasibility"": 2.947795342213903e-09, ""dual_infeasibility"": 1.7867929542859113e-10, ""solver_version"": ""SeDuMi-1.3.7"", ""solver_options"": {}, ""termination_reason"": """", ""error_message"": """", ""timestamp"": ""2025-07-23 00:42:55"", ""matlab_version"": ""24.1.0.2537033 (R2024a)""}, ""matlab_version"": ""24.1.0.2537033 (R2024a)"", ""solver_backend"": ""sedumi"", ""execution_environment"": ""matlab"", ""problem_class"": ""SDP""}"
1828,matlab_sdpt3,SDPT3-4.0-20240410 (MATLAB 24.1.0.2537033 (R2024a)),SDPLIB,mcp124-2,SDP,"{""cpu"": {""cpu_count"": 8, ""cpu_count_physical"": 8, ""processor"": ""arm"", ""architecture"": ""64bit""}, ""memory"": {""total_gb"": 24.0}, ""os"": {""system"": ""Darwin"", ""machine"": ""arm64"", ""release"": ""23.5.0""}, ""python"": {""implementation"": ""CPython"", ""version"": ""3.12.2"", ""version_info"": ""3.12.2""}, ""git"": {""commit_hash"": ""d31cb7532a216fdc91b3add7143ef51aa6679c9d""}, ""timezone"": {""timezone_name"": ""UTC"", ""utc_offset_hours"": 0.0}, ""timestamp"": 1752926592.0}",d31cb7532a216fdc91b3add7143ef51aa6679c9d,2025-07-22T15:39:49,0.541560125,OPTIMAL,-269.88017043292245,-269.88017065541254,2.2249008679864346e-07,7.365570128801219e-14,0.0,13,"{""matlab_output"": {""solver_name"": ""SDPT3"", ""status"": ""optimal"", ""solve_time"": 0.541560125, ""setup_time"": [], ""iterations"": 13, ""primal_objective_value"": -269.88017043292245, ""dual_objective_value"": -269.88017065541254, ""duality_gap"": 2.2249008679864346e-07, ""primal_infeasibility"": 7.365570128801219e-14, ""dual_infeasibility"": 0, ""solver_version"": ""SDPT3-4.0-20240410"", ""solver_options"": {}, ""termination_reason"": """", ""error_message"": """", ""timestamp"": ""2025-07-23 00:39:47"", ""matlab_version"": ""24.1.0.2537033 (R2024a)""}, ""matlab_version"": ""24.1.0.2537033 (R2024a)"", ""solver_backend"": ""sdpt3"", ""execution_environment"": ""matlab"", ""problem_class"": ""SDP""}"
1854,matlab_sedumi,SeDuMi-1.3.7 (MATLAB 24.1.0.2537033 (R2024a)),SDPLIB,mcp124-2,SDP,"{""cpu"": {""cpu_count"": 8, ""cpu_count_physical"": 8, ""processor"": ""arm"", ""architecture"": ""64bit""}, ""memory"": {""total_gb"": 24.0}, ""os"": {""system"": ""Darwin"", ""machine"": ""arm64"", ""release"": ""23.5.0""}, ""python"": {""implementation"": ""CPython"", ""version"": ""3.12.2"", ""version_info"": ""3.12.2""}, ""git"": {""commit_hash"": ""d31cb7532a216fdc91b3add7143ef51aa6679c9d""}, ""timezone"": {""timezone_name"": ""UTC"", ""utc_offset_hours"": 0.0}, ""timestamp"": 1752926592.0}",d31cb7532a216fdc91b3add7143ef51aa6679c9d,2025-07-22T15:43:03,0.8320392083333333,OPTIMAL,-269.88017030007154,-269.8801702946931,5.3784674491907936e-09,9.209708037490611e-10,2.2285924347635445e-11,18,"{""matlab_output"": {""solver_name"": ""SeDuMi"", ""status"": ""optimal"", ""solve_time"": 0.8320392083333333, ""setup_time"": [], ""iterations"": 18, ""primal_objective_value"": -269.88017030007154, ""dual_objective_value"": -269.8801702946931, ""duality_gap"": 5.3784674491907936e-09, ""primal_infeasibility"": 9.209708037490611e-10, ""dual_infeasibility"": 2.2285924347635445e-11, ""solver_version"": ""SeDuMi-1.3.7"", ""solver_options"": {}, ""termination_reason"": """", ""error_message"": """", ""timestamp"": ""2025-07-23 00:43:00"", ""matlab_version"": ""24.1.0.2537033 (R2024a)""}, ""matlab_version"": ""24.1.0.2537033 (R2024a)"", ""solver_backend"": ""sedumi"", ""execution_environment"": ""matlab"", ""problem_class"": ""SDP""}"
1829,matlab_sdpt3,SDPT3-4.0-20240410 (MATLAB 24.1.0.2537033 (R2024a)),SDPLIB,mcp124-3,SDP,"{""cpu"": {""cpu_count"": 8, ""cpu_count_physical"": 8, ""processor"": ""arm"", ""architecture"": ""64bit""}, ""memory"": {""total_gb"": 24.0}, ""os"": {""system"": ""Darwin"", ""machine"": ""arm64"", ""release"": ""23.5.0""}, ""python"": {""implementation"": ""CPython"", ""version"": ""3.12.2"", ""version_info"": ""3.12.2""}, ""git"": {""commit_hash"": ""d31cb7532a216fdc91b3add7143ef51aa6679c9d""}, ""timezone"": {""timezone_name"": ""UTC"", ""utc_offset_hours"": 0.0}, ""timestamp"": 1752926592.0}",d31cb7532a216fdc91b3add7143ef51aa6679c9d,2025-07-22T15:39:55,0.573352625,OPTIMAL,-467.75010984467355,-467.7501144740113,4.62933775224883e-06,3.4418429164954034e-13,0.0,12,"{""matlab_output"": {""solver_name"": ""SDPT3"", ""status"": ""optimal"", ""solve_time"": 0.573352625, ""setup_time"": [], ""iterations"": 12, ""primal_objective_value"": -467.75010984467355, ""dual_objective_value"": -467.7501144740113, ""duality_gap"": 4.62933775224883e-06, ""primal_infeasibility"": 3.4418429164954034e-13, ""dual_infeasibility"": 0, ""solver_version"": ""SDPT3-4.0-20240410"", ""solver_options"": {}, ""termination_reason"": """", ""error_message"": """", ""timestamp"": ""2025-07-23 00:39:52"", ""matlab_version"": ""24.1.0.2537033 (R2024a)""}, ""matlab_version"": ""24.1.0.2537033 (R2024a)"", ""solver_backend"": ""sdpt3"", ""execution_environment"": ""matlab"", ""problem_class"": ""SDP""}"
1855,matlab_sedumi,SeDuMi-1.3.7 (MATLAB 24.1.0.2537033 (R2024a)),SDPLIB,mcp124-3,SDP,"{""cpu"": {""cpu_count"": 8, ""cpu_count_physical"": 8, ""processor"": ""arm"", ""architecture"": ""64bit""}, ""memory"": {""total_gb"": 24.0}, ""os"": {""system"": ""Darwin"", ""machine"": ""arm64"", ""release"": ""23.5.0""}, ""python"": {""implementation"": ""CPython"", ""version"": ""3.12.2"", ""version_info"": ""3.12.2""}, ""git"": {""commit_hash"": ""d31cb7532a216fdc91b3add7143ef51aa6679c9d""}, ""timezone"": {""timezone_name"": ""UTC"", ""utc_offset_hours"": 0.0}, ""timestamp"": 1752926592.0}",d31cb7532a216fdc91b3add7143ef51aa6679c9d,2025-07-22T15:43:09,0.813436375,OPTIMAL,-467.75011366517776,-467.75011365499245,1.0185317478317302e-08,1.2380352442101327e-09,1.2079205834364502e-11,18,"{""matlab_output"": {""solver_name"": ""SeDuMi"", ""status"": ""optimal"", ""solve_time"": 0.813436375, ""setup_time"": [], ""iterations"": 18, ""primal_objective_value"": -467.75011366517776, ""dual_objective_value"": -467.75011365499245, ""duality_gap"": 1.0185317478317302e-08, ""primal_infeasibility"": 1.2380352442101327e-09, ""dual_infeasibility"": 1.2079205834364502e-11, ""solver_version"": ""SeDuMi-1.3.7"", ""solver_options"": {}, ""termination_reason"": """", ""error_message"": """", ""timestamp"": ""2025-07-23 00:43:06"", ""matlab_version"": ""24.1.0.2537033 (R2024a)""}, ""matlab_version"": ""24.1.0.2537033 (R2024a)"", ""solver_backend"": ""sedumi"", ""execution_environment"": ""matlab"", ""problem_class"": ""SDP""}"
1830,matlab_sdpt3,SDPT3-4.0-20240410 (MATLAB 24.1.0.2537033 (R2024a)),SDPLIB,mcp124-4,SDP,"{""cpu"": {""cpu_count"": 8, ""cpu_count_physical"": 8, ""processor"": ""arm"", ""architecture"": ""64bit""}, ""memory"": {""total_gb"": 24.0}, ""os"": {""system"": ""Darwin"", ""machine"": ""arm64"", ""release"": ""23.5.0""}, ""python"": {""implementation"": ""CPython"", ""version"": ""3.12.2"", ""version_info"": ""3.12.2""}, ""git"": {""commit_hash"": ""d31cb7532a216fdc91b3add7143ef51aa6679c9d""}, ""timezone"": {""timezone_name"": ""UTC"", ""utc_offset_hours"": 0.0}, ""timestamp"": 1752926592.0}",d31cb7532a216fdc91b3add7143ef51aa6679c9d,2025-07-22T15:40:00,0.49896158333333335,OPTIMAL,-864.4118633887887,-864.4118640817342,6.929454912096844e-07,2.1225996542903577e-12,0.0,13,"{""matlab_output"": {""solver_name"": ""SDPT3"", ""status"": ""optimal"", ""solve_time"": 0.49896158333333335, ""setup_time"": [], ""iterations"": 13, ""primal_objective_value"": -864.4118633887887, ""dual_objective_value"": -864.4118640817342, ""duality_gap"": 6.929454912096844e-07, ""primal_infeasibility"": 2.1225996542903577e-12, ""dual_infeasibility"": 0, ""solver_version"": ""SDPT3-4.0-20240410"", ""solver_options"": {}, ""termination_reason"": """", ""error_message"": """", ""timestamp"": ""2025-07-23 00:39:58"", ""matlab_version"": ""24.1.0.2537033 (R2024a)""}, ""matlab_version"": ""24.1.0.2537033 (R2024a)"", ""solver_backend"": ""sdpt3"", ""execution_environment"": ""matlab"", ""problem_class"": ""SDP""}"
1856,matlab_sedumi,SeDuMi-1.3.7 (MATLAB 24.1.0.2537033 (R2024a)),SDPLIB,mcp124-4,SDP,"{""cpu"": {""cpu_count"": 8, ""cpu_count_physical"": 8, ""processor"": ""arm"", ""architecture"": ""64bit""}, ""memory"": {""total_gb"": 24.0}, ""os"": {""system"": ""Darwin"", ""machine"": ""arm64"", ""release"": ""23.5.0""}, ""python"": {""implementation"": ""CPython"", ""version"": ""3.12.2"", ""version_info"": ""3.12.2""}, ""git"": {""commit_hash"": ""d31cb7532a216fdc91b3add7143ef51aa6679c9d""}, ""timezone"": {""timezone_name"": ""UTC"", ""utc_offset_hours"": 0.0}, ""timestamp"": 1752926592.0}",d31cb7532a216fdc91b3add7143ef51aa6679c9d,2025-07-22T15:43:14,0.72608825,OPTIMAL,-864.4118628975764,-864.411862876331,2.1245341486064717e-08,2.30264056066451e-09,5.427533369077547e-12,20,"{""matlab_output"": {""solver_name"": ""SeDuMi"", ""status"": ""optimal"", ""solve_time"": 0.72608825, ""setup_time"": [], ""iterations"": 20, ""primal_objective_value"": -864.4118628975764, ""dual_objective_value"": -864.411862876331, ""duality_gap"": 2.1245341486064717e-08, ""primal_infeasibility"": 2.30264056066451e-09, ""dual_infeasibility"": 5.427533369077547e-12, ""solver_version"": ""SeDuMi-1.3.7"", ""solver_options"": {}, ""termination_reason"": """", ""error_message"": """", ""timestamp"": ""2025-07-23 00:43:12"", ""matlab_version"": ""24.1.0.2537033 (R2024a)""}, ""matlab_version"": ""24.1.0.2537033 (R2024a)"", ""solver_backend"": ""sedumi"", ""execution_environment"": ""matlab"", ""problem_class"": ""SDP""}"
1831,matlab_sdpt3,SDPT3-4.0-20240410 (MATLAB 24.1.0.2537033 (R2024a)),SDPLIB,mcp250-1,SDP,"{""cpu"": {""cpu_count"": 8, ""cpu_count_physical"": 8, ""processor"": ""arm"", ""architecture"": ""64bit""}, ""memory"": {""total_gb"": 24.0}, ""os"": {""system"": ""Darwin"", ""machine"": ""arm64"", ""release"": ""23.5.0""}, ""python"": {""implementation"": ""CPython"", ""version"": ""3.12.2"", ""version_info"": ""3.12.2""}, ""git"": {""commit_hash"": ""d31cb7532a216fdc91b3add7143ef51aa6679c9d""}, ""timezone"": {""timezone_name"": ""UTC"", ""utc_offset_hours"": 0.0}, ""timestamp"": 1752926592.0}",d31cb7532a216fdc91b3add7143ef51aa6679c9d,2025-07-22T15:40:07,0.8985415,OPTIMAL,-317.26433979088665,-317.2643404055531,6.146664759398845e-07,1.1817715432431227e-12,0.0,14,"{""matlab_output"": {""solver_name"": ""SDPT3"", ""status"": ""optimal"", ""solve_time"": 0.8985415, ""setup_time"": [], ""iterations"": 14, ""primal_objective_value"": -317.26433979088665, ""dual_objective_value"": -317.2643404055531, ""duality_gap"": 6.146664759398845e-07, ""primal_infeasibility"": 1.1817715432431227e-12, ""dual_infeasibility"": 0, ""solver_version"": ""SDPT3-4.0-20240410"", ""solver_options"": {}, ""termination_reason"": """", ""error_message"": """", ""timestamp"": ""2025-07-23 00:40:04"", ""matlab_version"": ""24.1.0.2537033 (R2024a)""}, ""matlab_version"": ""24.1.0.2537033 (R2024a)"", ""solver_backend"": ""sdpt3"", ""execution_environment"": ""matlab"", ""problem_class"": ""SDP""}"
1857,matlab_sedumi,SeDuMi-1.3.7 (MATLAB 24.1.0.2537033 (R2024a)),SDPLIB,mcp250-1,SDP,"{""cpu"": {""cpu_count"": 8, ""cpu_count_physical"": 8, ""processor"": ""arm"", ""architecture"": ""64bit""}, ""memory"": {""total_gb"": 24.0}, ""os"": {""system"": ""Darwin"", ""machine"": ""arm64"", ""release"": ""23.5.0""}, ""python"": {""implementation"": ""CPython"", ""version"": ""3.12.2"", ""version_info"": ""3.12.2""}, ""git"": {""commit_hash"": ""d31cb7532a216fdc91b3add7143ef51aa6679c9d""}, ""timezone"": {""timezone_name"": ""UTC"", ""utc_offset_hours"": 0.0}, ""timestamp"": 1752926592.0}",d31cb7532a216fdc91b3add7143ef51aa6679c9d,2025-07-22T15:43:22,2.260602083333333,OPTIMAL,-317.2643388544631,-317.26433884402263,1.0440487585583469e-08,2.606685535332963e-09,7.365073918346426e-11,19,"{""matlab_output"": {""solver_name"": ""SeDuMi"", ""status"": ""optimal"", ""solve_time"": 2.260602083333333, ""setup_time"": [], ""iterations"": 19, ""primal_objective_value"": -317.2643388544631, ""dual_objective_value"": -317.26433884402263, ""duality_gap"": 1.0440487585583469e-08, ""primal_infeasibility"": 2.606685535332963e-09, ""dual_infeasibility"": 7.365073918346426e-11, ""solver_version"": ""SeDuMi-1.3.7"", ""solver_options"": {}, ""termination_reason"": """", ""error_message"": """", ""timestamp"": ""2025-07-23 00:43:19"", ""matlab_version"": ""24.1.0.2537033 (R2024a)""}, ""matlab_version"": ""24.1.0.2537033 (R2024a)"", ""solver_backend"": ""sedumi"", ""execution_environment"": ""matlab"", ""problem_class"": ""SDP""}"
1832,matlab_sdpt3,SDPT3-4.0-20240410 (MATLAB 24.1.0.2537033 (R2024a)),SDPLIB,mcp250-2,SDP,"{""cpu"": {""cpu_count"": 8, ""cpu_count_physical"": 8, ""processor"": ""arm"", ""architecture"": ""64bit""}, ""memory"": {""total_gb"": 24.0}, ""os"": {""system"": ""Darwin"", ""machine"": ""arm64"", ""release"": ""23.5.0""}, ""python"": {""implementation"": ""CPython"", ""version"": ""3.12.2"", ""version_info"": ""3.12.2""}, ""git"": {""commit_hash"": ""d31cb7532a216fdc91b3add7143ef51aa6679c9d""}, ""timezone"": {""timezone_name"": ""UTC"", ""utc_offset_hours"": 0.0}, ""timestamp"": 1752926592.0}",d31cb7532a216fdc91b3add7143ef51aa6679c9d,2025-07-22T15:40:13,0.8380240416666667,OPTIMAL,-531.9300812378247,-531.930084038429,2.8006043066852726e-06,5.9500298393263746e-12,0.0,13,"{""matlab_output"": {""solver_name"": ""SDPT3"", ""status"": ""optimal"", ""solve_time"": 0.8380240416666667, ""setup_time"": [], ""iterations"": 13, ""primal_objective_value"": -531.9300812378247, ""dual_objective_value"": -531.930084038429, ""duality_gap"": 2.8006043066852726e-06, ""primal_infeasibility"": 5.9500298393263746e-12, ""dual_infeasibility"": 0, ""solver_version"": ""SDPT3-4.0-20240410"", ""solver_options"": {}, ""termination_reason"": """", ""error_message"": """", ""timestamp"": ""2025-07-23 00:40:10"", ""matlab_version"": ""24.1.0.2537033 (R2024a)""}, ""matlab_version"": ""24.1.0.2537033 (R2024a)"", ""solver_backend"": ""sdpt3"", ""execution_environment"": ""matlab"", ""problem_class"": ""SDP""}"
1858,matlab_sedumi,SeDuMi-1.3.7 (MATLAB 24.1.0.2537033 (R2024a)),SDPLIB,mcp250-2,SDP,"{""cpu"": {""cpu_count"": 8, ""cpu_count_physical"": 8, ""processor"": ""arm"", ""architecture"": ""64bit""}, ""memory"": {""total_gb"": 24.0}, ""os"": {""system"": ""Darwin"", ""machine"": ""arm64"", ""release"": ""23.5.0""}, ""python"": {""implementation"": ""CPython"", ""version"": ""3.12.2"", ""version_info"": ""3.12.2""}, ""git"": {""commit_hash"": ""d31cb7532a216fdc91b3add7143ef51aa6679c9d""}, ""timezone"": {""timezone_name"": ""UTC"", ""utc_offset_hours"": 0.0}, ""timestamp"": 1752926592.0}",d31cb7532a216fdc91b3add7143ef51aa6679c9d,2025-07-22T15:43:29,2.2106795833333335,OPTIMAL,-531.9300822835332,-531.9300822716898,1.1843440006487072e-08,1.926782694456677e-09,3.374042791082714e-11,19,"{""matlab_output"": {""solver_name"": ""SeDuMi"", ""status"": ""optimal"", ""solve_time"": 2.2106795833333335, ""setup_time"": [], ""iterations"": 19, ""primal_objective_value"": -531.9300822835332, ""dual_objective_value"": -531.9300822716898, ""duality_gap"": 1.1843440006487072e-08, ""primal_infeasibility"": 1.926782694456677e-09, ""dual_infeasibility"": 3.374042791082714e-11, ""solver_version"": ""SeDuMi-1.3.7"", ""solver_options"": {}, ""termination_reason"": """", ""error_message"": """", ""timestamp"": ""2025-07-23 00:43:26"", ""matlab_version"": ""24.1.0.2537033 (R2024a)""}, ""matlab_version"": ""24.1.0.2537033 (R2024a)"", ""solver_backend"": ""sedumi"", ""execution_environment"": ""matlab"", ""problem_class"": ""SDP""}"
1833,matlab_sdpt3,SDPT3-4.0-20240410 (MATLAB 24.1.0.2537033 (R2024a)),SDPLIB,mcp250-3,SDP,"{""cpu"": {""cpu_count"": 8, ""cpu_count_physical"": 8, ""processor"": ""arm"", ""architecture"": ""64bit""}, ""memory"": {""total_gb"": 24.0}, ""os"": {""system"": ""Darwin"", ""machine"": ""arm64"", ""release"": ""23.5.0""}, ""python"": {""implementation"": ""CPython"", ""version"": ""3.12.2"", ""version_info"": ""3.12.2""}, ""git"": {""commit_hash"": ""d31cb7532a216fdc91b3add7143ef51aa6679c9d""}, ""timezone"": {""timezone_name"": ""UTC"", ""utc_offset_hours"": 0.0}, ""timestamp"": 1752926592.0}",d31cb7532a216fdc91b3add7143ef51aa6679c9d,2025-07-22T15:40:19,0.912536375,OPTIMAL,-981.1725661031035,-981.1725718690851,5.765981654803909e-06,3.16026274347861e-12,0.0,13,"{""matlab_output"": {""solver_name"": ""SDPT3"", ""status"": ""optimal"", ""solve_time"": 0.912536375, ""setup_time"": [], ""iterations"": 13, ""primal_objective_value"": -981.1725661031035, ""dual_objective_value"": -981.1725718690851, ""duality_gap"": 5.765981654803909e-06, ""primal_infeasibility"": 3.16026274347861e-12, ""dual_infeasibility"": 0, ""solver_version"": ""SDPT3-4.0-20240410"", ""solver_options"": {}, ""termination_reason"": """", ""error_message"": """", ""timestamp"": ""2025-07-23 00:40:17"", ""matlab_version"": ""24.1.0.2537033 (R2024a)""}, ""matlab_version"": ""24.1.0.2537033 (R2024a)"", ""solver_backend"": ""sdpt3"", ""execution_environment"": ""matlab"", ""problem_class"": ""SDP""}"
1859,matlab_sedumi,SeDuMi-1.3.7 (MATLAB 24.1.0.2537033 (R2024a)),SDPLIB,mcp250-3,SDP,"{""cpu"": {""cpu_count"": 8, ""cpu_count_physical"": 8, ""processor"": ""arm"", ""architecture"": ""64bit""}, ""memory"": {""total_gb"": 24.0}, ""os"": {""system"": ""Darwin"", ""machine"": ""arm64"", ""release"": ""23.5.0""}, ""python"": {""implementation"": ""CPython"", ""version"": ""3.12.2"", ""version_info"": ""3.12.2""}, ""git"": {""commit_hash"": ""d31cb7532a216fdc91b3add7143ef51aa6679c9d""}, ""timezone"": {""timezone_name"": ""UTC"", ""utc_offset_hours"": 0.0}, ""timestamp"": 1752926592.0}",d31cb7532a216fdc91b3add7143ef51aa6679c9d,2025-07-22T15:43:36,2.6032755416666666,OPTIMAL,-981.1725702362594,-981.172570225403,1.0856410881388001e-08,1.3408641864535708e-09,7.777848240269705e-12,19,"{""matlab_output"": {""solver_name"": ""SeDuMi"", ""status"": ""optimal"", ""solve_time"": 2.6032755416666666, ""setup_time"": [], ""iterations"": 19, ""primal_objective_value"": -981.1725702362594, ""dual_objective_value"": -981.172570225403, ""duality_gap"": 1.0856410881388001e-08, ""primal_infeasibility"": 1.3408641864535708e-09, ""dual_infeasibility"": 7.777848240269705e-12, ""solver_version"": ""SeDuMi-1.3.7"", ""solver_options"": {}, ""termination_reason"": """", ""error_message"": """", ""timestamp"": ""2025-07-23 00:43:34"", ""matlab_version"": ""24.1.0.2537033 (R2024a)""}, ""matlab_version"": ""24.1.0.2537033 (R2024a)"", ""solver_backend"": ""sedumi"", ""execution_environment"": ""matlab"", ""problem_class"": ""SDP""}"
1834,matlab_sdpt3,SDPT3-4.0-20240410 (MATLAB 24.1.0.2537033 (R2024a)),SDPLIB,mcp250-4,SDP,"{""cpu"": {""cpu_count"": 8, ""cpu_count_physical"": 8, ""processor"": ""arm"", ""architecture"": ""64bit""}, ""memory"": {""total_gb"": 24.0}, ""os"": {""system"": ""Darwin"", ""machine"": ""arm64"", ""release"": ""23.5.0""}, ""python"": {""implementation"": ""CPython"", ""version"": ""3.12.2"", ""version_info"": ""3.12.2""}, ""git"": {""commit_hash"": ""d31cb7532a216fdc91b3add7143ef51aa6679c9d""}, ""timezone"": {""timezone_name"": ""UTC"", ""utc_offset_hours"": 0.0}, ""timestamp"": 1752926592.0}",d31cb7532a216fdc91b3add7143ef51aa6679c9d,2025-07-22T15:40:26,0.9775438333333333,OPTIMAL,-1681.9600975043904,-1681.9601125495465,1.5045156033011153e-05,8.103865749540684e-13,0.0,14,"{""matlab_output"": {""solver_name"": ""SDPT3"", ""status"": ""optimal"", ""solve_time"": 0.9775438333333333, ""setup_time"": [], ""iterations"": 14, ""primal_objective_value"": -1681.9600975043904, ""dual_objective_value"": -1681.9601125495465, ""duality_gap"": 1.5045156033011153e-05, ""primal_infeasibility"": 8.103865749540684e-13, ""dual_infeasibility"": 0, ""solver_version"": ""SDPT3-4.0-20240410"", ""solver_options"": {}, ""termination_reason"": """", ""error_message"": """", ""timestamp"": ""2025-07-23 00:40:23"", ""matlab_version"": ""24.1.0.2537033 (R2024a)""}, ""matlab_version"": ""24.1.0.2537033 (R2024a)"", ""solver_backend"": ""sdpt3"", ""execution_environment"": ""matlab"", ""problem_class"": ""SDP""}"
1860,matlab_sedumi,SeDuMi-1.3.7 (MATLAB 24.1.0.2537033 (R2024a)),SDPLIB,mcp250-4,SDP,"{""cpu"": {""cpu_count"": 8, ""cpu_count_physical"": 8, ""processor"": ""arm"", ""architecture"": ""64bit""}, ""memory"": {""total_gb"": 24.0}, ""os"": {""system"": ""Darwin"", ""machine"": ""arm64"", ""release"": ""23.5.0""}, ""python"": {""implementation"": ""CPython"", ""version"": ""3.12.2"", ""version_info"": ""3.12.2""}, ""git"": {""commit_hash"": ""d31cb7532a216fdc91b3add7143ef51aa6679c9d""}, ""timezone"": {""timezone_name"": ""UTC"", ""utc_offset_hours"": 0.0}, ""timestamp"": 1752926592.0}",d31cb7532a216fdc91b3add7143ef51aa6679c9d,2025-07-22T15:43:44,2.581019125,OPTIMAL,-1681.9601099646616,-1681.9601099478573,1.680427885730751e-08,1.774438052229053e-09,3.5680044750280445e-12,21,"{""matlab_output"": {""solver_name"": ""SeDuMi"", ""status"": ""optimal"", ""solve_time"": 2.581019125, ""setup_time"": [], ""iterations"": 21, ""primal_objective_value"": -1681.9601099646616, ""dual_objective_value"": -1681.9601099478573, ""duality_gap"": 1.680427885730751e-08, ""primal_infeasibility"": 1.774438052229053e-09, ""dual_infeasibility"": 3.5680044750280445e-12, ""solver_version"": ""SeDuMi-1.3.7"", ""solver_options"": {}, ""termination_reason"": """", ""error_message"": """", ""timestamp"": ""2025-07-23 00:43:41"", ""matlab_version"": ""24.1.0.2537033 (R2024a)""}, ""matlab_version"": ""24.1.0.2537033 (R2024a)"", ""solver_backend"": ""sedumi"", ""execution_environment"": ""matlab"", ""problem_class"": ""SDP""}"
1835,matlab_sdpt3,SDPT3-4.0-20240410 (MATLAB 24.1.0.2537033 (R2024a)),SDPLIB,mcp500-1,SDP,"{""cpu"": {""cpu_count"": 8, ""cpu_count_physical"": 8, ""processor"": ""arm"", ""architecture"": ""64bit""}, ""memory"": {""total_gb"": 24.0}, ""os"": {""system"": ""Darwin"", ""machine"": ""arm64"", ""release"": ""23.5.0""}, ""python"": {""implementation"": ""CPython"", ""version"": ""3.12.2"", ""version_info"": ""3.12.2""}, ""git"": {""commit_hash"": ""d31cb7532a216fdc91b3add7143ef51aa6679c9d""}, ""timezone"": {""timezone_name"": ""UTC"", ""utc_offset_hours"": 0.0}, ""timestamp"": 1752926592.0}",d31cb7532a216fdc91b3add7143ef51aa6679c9d,2025-07-22T15:40:34,1.5547225,OPTIMAL,-598.1485163350332,-598.1485169989327,6.63899527353351e-07,5.203879178173194e-13,0.0,15,"{""matlab_output"": {""solver_name"": ""SDPT3"", ""status"": ""optimal"", ""solve_time"": 1.5547225, ""setup_time"": [], ""iterations"": 15, ""primal_objective_value"": -598.1485163350332, ""dual_objective_value"": -598.1485169989327, ""duality_gap"": 6.63899527353351e-07, ""primal_infeasibility"": 5.203879178173194e-13, ""dual_infeasibility"": 0, ""solver_version"": ""SDPT3-4.0-20240410"", ""solver_options"": {}, ""termination_reason"": """", ""error_message"": """", ""timestamp"": ""2025-07-23 00:40:31"", ""matlab_version"": ""24.1.0.2537033 (R2024a)""}, ""matlab_version"": ""24.1.0.2537033 (R2024a)"", ""solver_backend"": ""sdpt3"", ""execution_environment"": ""matlab"", ""problem_class"": ""SDP""}"
1861,matlab_sedumi,SeDuMi-1.3.7 (MATLAB 24.1.0.2537033 (R2024a)),SDPLIB,mcp500-1,SDP,"{""cpu"": {""cpu_count"": 8, ""cpu_count_physical"": 8, ""processor"": ""arm"", ""architecture"": ""64bit""}, ""memory"": {""total_gb"": 24.0}, ""os"": {""system"": ""Darwin"", ""machine"": ""arm64"", ""release"": ""23.5.0""}, ""python"": {""implementation"": ""CPython"", ""version"": ""3.12.2"", ""version_info"": ""3.12.2""}, ""git"": {""commit_hash"": ""d31cb7532a216fdc91b3add7143ef51aa6679c9d""}, ""timezone"": {""timezone_name"": ""UTC"", ""utc_offset_hours"": 0.0}, ""timestamp"": 1752926592.0}",d31cb7532a216fdc91b3add7143ef51aa6679c9d,2025-07-22T15:43:59,9.016883166666666,OPTIMAL,-598.1485152998665,-598.1485152939756,5.890910870220978e-09,1.2225054525178163e-09,2.5374934956038518e-11,21,"{""matlab_output"": {""solver_name"": ""SeDuMi"", ""status"": ""optimal"", ""solve_time"": 9.016883166666666, ""setup_time"": [], ""iterations"": 21, ""primal_objective_value"": -598.1485152998665, ""dual_objective_value"": -598.1485152939756, ""duality_gap"": 5.890910870220978e-09, ""primal_infeasibility"": 1.2225054525178163e-09, ""dual_infeasibility"": 2.5374934956038518e-11, ""solver_version"": ""SeDuMi-1.3.7"", ""solver_options"": {}, ""termination_reason"": """", ""error_message"": """", ""timestamp"": ""2025-07-23 00:43:57"", ""matlab_version"": ""24.1.0.2537033 (R2024a)""}, ""matlab_version"": ""24.1.0.2537033 (R2024a)"", ""solver_backend"": ""sedumi"", ""execution_environment"": ""matlab"", ""problem_class"": ""SDP""}"
1836,matlab_sdpt3,SDPT3-4.0-20240410 (MATLAB 24.1.0.2537033 (R2024a)),SDPLIB,mcp500-2,SDP,"{""cpu"": {""cpu_count"": 8, ""cpu_count_physical"": 8, ""processor"": ""arm"", ""architecture"": ""64bit""}, ""memory"": {""total_gb"": 24.0}, ""os"": {""system"": ""Darwin"", ""machine"": ""arm64"", ""release"": ""23.5.0""}, ""python"": {""implementation"": ""CPython"", ""version"": ""3.12.2"", ""version_info"": ""3.12.2""}, ""git"": {""commit_hash"": ""d31cb7532a216fdc91b3add7143ef51aa6679c9d""}, ""timezone"": {""timezone_name"": ""UTC"", ""utc_offset_hours"": 0.0}, ""timestamp"": 1752926592.0}",d31cb7532a216fdc91b3add7143ef51aa6679c9d,2025-07-22T15:40:41,1.5360105833333333,OPTIMAL,-1070.0567637418037,-1070.0567662625401,2.5207364160451107e-06,9.081847783622977e-13,0.0,16,"{""matlab_output"": {""solver_name"": ""SDPT3"", ""status"": ""optimal"", ""solve_time"": 1.5360105833333333, ""setup_time"": [], ""iterations"": 16, ""primal_objective_value"": -1070.0567637418037, ""dual_objective_value"": -1070.0567662625401, ""duality_gap"": 2.5207364160451107e-06, ""primal_infeasibility"": 9.081847783622977e-13, ""dual_infeasibility"": 0, ""solver_version"": ""SDPT3-4.0-20240410"", ""solver_options"": {}, ""termination_reason"": """", ""error_message"": """", ""timestamp"": ""2025-07-23 00:40:39"", ""matlab_version"": ""24.1.0.2537033 (R2024a)""}, ""matlab_version"": ""24.1.0.2537033 (R2024a)"", ""solver_backend"": ""sdpt3"", ""execution_environment"": ""matlab"", ""problem_class"": ""SDP""}"
1862,matlab_sedumi,SeDuMi-1.3.7 (MATLAB 24.1.0.2537033 (R2024a)),SDPLIB,mcp500-2,SDP,"{""cpu"": {""cpu_count"": 8, ""cpu_count_physical"": 8, ""processor"": ""arm"", ""architecture"": ""64bit""}, ""memory"": {""total_gb"": 24.0}, ""os"": {""system"": ""Darwin"", ""machine"": ""arm64"", ""release"": ""23.5.0""}, ""python"": {""implementation"": ""CPython"", ""version"": ""3.12.2"", ""version_info"": ""3.12.2""}, ""git"": {""commit_hash"": ""d31cb7532a216fdc91b3add7143ef51aa6679c9d""}, ""timezone"": {""timezone_name"": ""UTC"", ""utc_offset_hours"": 0.0}, ""timestamp"": 1752926592.0}",d31cb7532a216fdc91b3add7143ef51aa6679c9d,2025-07-22T15:44:13,9.306898791666667,OPTIMAL,-1070.0567627403077,-1070.0567627284877,1.1820020517916419e-08,1.9894116855005456e-09,1.83524722585802e-11,20,"{""matlab_output"": {""solver_name"": ""SeDuMi"", ""status"": ""optimal"", ""solve_time"": 9.306898791666667, ""setup_time"": [], ""iterations"": 20, ""primal_objective_value"": -1070.0567627403077, ""dual_objective_value"": -1070.0567627284877, ""duality_gap"": 1.1820020517916419e-08, ""primal_infeasibility"": 1.9894116855005456e-09, ""dual_infeasibility"": 1.83524722585802e-11, ""solver_version"": ""SeDuMi-1.3.7"", ""solver_options"": {}, ""termination_reason"": """", ""error_message"": """", ""timestamp"": ""2025-07-23 00:44:11"", ""matlab_version"": ""24.1.0.2537033 (R2024a)""}, ""matlab_version"": ""24.1.0.2537033 (R2024a)"", ""solver_backend"": ""sedumi"", ""execution_environment"": ""matlab"", ""problem_class"": ""SDP""}"
1837,matlab_sdpt3,SDPT3-4.0-20240410 (MATLAB 24.1.0.2537033 (R2024a)),SDPLIB,mcp500-3,SDP,"{""cpu"": {""cpu_count"": 8, ""cpu_count_physical"": 8, ""processor"": ""arm"", ""architecture"": ""64bit""}, ""memory"": {""total_gb"": 24.0}, ""os"": {""system"": ""Darwin"", ""machine"": ""arm64"", ""release"": ""23.5.0""}, ""python"": {""implementation"": ""CPython"", ""version"": ""3.12.2"", ""version_info"": ""3.12.2""}, ""git"": {""commit_hash"": ""d31cb7532a216fdc91b3add7143ef51aa6679c9d""}, ""timezone"": {""timezone_name"": ""UTC"", ""utc_offset_hours"": 0.0}, ""timestamp"": 1752926592.0}",d31cb7532a216fdc91b3add7143ef51aa6679c9d,2025-07-22T15:40:50,1.5978740833333334,OPTIMAL,-1847.9700088367038,-1847.9700217552486,1.2918544825879508e-05,1.3971950234132762e-12,0.0,14,"{""matlab_output"": {""solver_name"": ""SDPT3"", ""status"": ""optimal"", ""solve_time"": 1.5978740833333334, ""setup_time"": [], ""iterations"": 14, ""primal_objective_value"": -1847.9700088367038, ""dual_objective_value"": -1847.9700217552486, ""duality_gap"": 1.2918544825879508e-05, ""primal_infeasibility"": 1.3971950234132762e-12, ""dual_infeasibility"": 0, ""solver_version"": ""SDPT3-4.0-20240410"", ""solver_options"": {}, ""termination_reason"": """", ""error_message"": """", ""timestamp"": ""2025-07-23 00:40:46"", ""matlab_version"": ""24.1.0.2537033 (R2024a)""}, ""matlab_version"": ""24.1.0.2537033 (R2024a)"", ""solver_backend"": ""sdpt3"", ""execution_environment"": ""matlab"", ""problem_class"": ""SDP""}"
1863,matlab_sedumi,SeDuMi-1.3.7 (MATLAB 24.1.0.2537033 (R2024a)),SDPLIB,mcp500-3,SDP,"{""cpu"": {""cpu_count"": 8, ""cpu_count_physical"": 8, ""processor"": ""arm"", ""architecture"": ""64bit""}, ""memory"": {""total_gb"": 24.0}, ""os"": {""system"": ""Darwin"", ""machine"": ""arm64"", ""release"": ""23.5.0""}, ""python"": {""implementation"": ""CPython"", ""version"": ""3.12.2"", ""version_info"": ""3.12.2""}, ""git"": {""commit_hash"": ""d31cb7532a216fdc91b3add7143ef51aa6679c9d""}, ""timezone"": {""timezone_name"": ""UTC"", ""utc_offset_hours"": 0.0}, ""timestamp"": 1752926592.0}",d31cb7532a216fdc91b3add7143ef51aa6679c9d,2025-07-22T15:44:30,10.876570833333334,OPTIMAL,-1847.9700184528383,-1847.9700184414694,1.1368911145837046e-08,1.480896814122543e-09,5.281511248115392e-12,20,"{""matlab_output"": {""solver_name"": ""SeDuMi"", ""status"": ""optimal"", ""solve_time"": 10.876570833333334, ""setup_time"": [], ""iterations"": 20, ""primal_objective_value"": -1847.9700184528383, ""dual_objective_value"": -1847.9700184414694, ""duality_gap"": 1.1368911145837046e-08, ""primal_infeasibility"": 1.480896814122543e-09, ""dual_infeasibility"": 5.281511248115392e-12, ""solver_version"": ""SeDuMi-1.3.7"", ""solver_options"": {}, ""termination_reason"": """", ""error_message"": """", ""timestamp"": ""2025-07-23 00:44:27"", ""matlab_version"": ""24.1.0.2537033 (R2024a)""}, ""matlab_version"": ""24.1.0.2537033 (R2024a)"", ""solver_backend"": ""sedumi"", ""execution_environment"": ""matlab"", ""problem_class"": ""SDP""}"
1838,matlab_sdpt3,SDPT3-4.0-20240410 (MATLAB 24.1.0.2537033 (R2024a)),SDPLIB,mcp500-4,SDP,"{""cpu"": {""cpu_count"": 8, ""cpu_count_physical"": 8, ""processor"": ""arm"", ""architecture"": ""64bit""}, ""memory"": {""total_gb"": 24.0}, ""os"": {""system"": ""Darwin"", ""machine"": ""arm64"", ""release"": ""23.5.0""}, ""python"": {""implementation"": ""CPython"", ""version"": ""3.12.2"", ""version_info"": ""3.12.2""}, ""git"": {""commit_hash"": ""d31cb7532a216fdc91b3add7143ef51aa6679c9d""}, ""timezone"": {""timezone_name"": ""UTC"", ""utc_offset_hours"": 0.0}, ""timestamp"": 1752926592.0}",d31cb7532a216fdc91b3add7143ef51aa6679c9d,2025-07-22T15:40:58,1.5796517916666666,OPTIMAL,-3566.7379931729224,-3566.738052271622,5.909869969400461e-05,1.1792225585239736e-12,0.0,13,"{""matlab_output"": {""solver_name"": ""SDPT3"", ""status"": ""optimal"", ""solve_time"": 1.5796517916666666, ""setup_time"": [], ""iterations"": 13, ""primal_objective_value"": -3566.7379931729224, ""dual_objective_value"": -3566.738052271622, ""duality_gap"": 5.909869969400461e-05, ""primal_infeasibility"": 1.1792225585239736e-12, ""dual_infeasibility"": 0, ""solver_version"": ""SDPT3-4.0-20240410"", ""solver_options"": {}, ""termination_reason"": """", ""error_message"": """", ""timestamp"": ""2025-07-23 00:40:55"", ""matlab_version"": ""24.1.0.2537033 (R2024a)""}, ""matlab_version"": ""24.1.0.2537033 (R2024a)"", ""solver_backend"": ""sdpt3"", ""execution_environment"": ""matlab"", ""problem_class"": ""SDP""}"
1864,matlab_sedumi,SeDuMi-1.3.7 (MATLAB 24.1.0.2537033 (R2024a)),SDPLIB,mcp500-4,SDP,"{""cpu"": {""cpu_count"": 8, ""cpu_count_physical"": 8, ""processor"": ""arm"", ""architecture"": ""64bit""}, ""memory"": {""total_gb"": 24.0}, ""os"": {""system"": ""Darwin"", ""machine"": ""arm64"", ""release"": ""23.5.0""}, ""python"": {""implementation"": ""CPython"", ""version"": ""3.12.2"", ""version_info"": ""3.12.2""}, ""git"": {""commit_hash"": ""2ef15f0b24da1069f2b57592da99da5a647810c6""}, ""timezone"": {""timezone_name"": ""UTC"", ""utc_offset_hours"": 0.0}, ""timestamp"": 1752926592.0}",2ef15f0b24da1069f2b57592da99da5a647810c6,2025-07-22T15:44:46,9.711638,OPTIMAL,-3566.738045969509,-3566.7380459534215,1.608759703231044e-08,1.4561025810833674e-09,1.6673683400563527e-12,20,"{""matlab_output"": {""solver_name"": ""SeDuMi"", ""status"": ""optimal"", ""solve_time"": 9.711638, ""setup_time"": [], ""iterations"": 20, ""primal_objective_value"": -3566.738045969509, ""dual_objective_value"": -3566.7380459534215, ""duality_gap"": 1.608759703231044e-08, ""primal_infeasibility"": 1.4561025810833674e-09, ""dual_infeasibility"": 1.6673683400563527e-12, ""solver_version"": ""SeDuMi-1.3.7"", ""solver_options"": {}, ""termination_reason"": """", ""error_message"": """", ""timestamp"": ""2025-07-23 00:44:43"", ""matlab_version"": ""24.1.0.2537033 (R2024a)""}, ""matlab_version"": ""24.1.0.2537033 (R2024a)"", ""solver_backend"": ""sedumi"", ""execution_environment"": ""matlab"", ""problem_class"": ""SDP""}"
1207,cvxpy_clarabel,cvxpy-1.6.5-CLARABEL-0.11.0,SDPLIB,qap10,SDP,"{""cpu"": {""cpu_count"": 8, ""cpu_count_physical"": 8, ""processor"": ""arm"", ""architecture"": ""64bit""}, ""memory"": {""total_gb"": 24.0}, ""os"": {""system"": ""Darwin"", ""machine"": ""arm64"", ""release"": ""23.5.0""}, ""python"": {""implementation"": ""CPython"", ""version"": ""3.12.2"", ""version_info"": ""3.12.2""}, ""git"": {""commit_hash"": ""443b599dca6666ab5976e2cf184c9398d48cda2b""}, ""timezone"": {""timezone_name"": ""UTC"", ""utc_offset_hours"": 0.0}, ""timestamp"": 1752416768.0}",443b599dca6666ab5976e2cf184c9398d48cda2b,2025-07-18T13:11:11,25.793164014816284,OPTIMAL,1092.5981048387882,1092.5981049304173,-9.162909009319264e-08,5.720872373199901e-10,1.1890157244942814e-10,26,"{""solver_solve_time"": 25.738914749, ""problem_class"": ""SDP""}"
1208,cvxpy_cvxopt,unknown,SDPLIB,qap10,SDP,"{""cpu"": {""cpu_count"": 8, ""cpu_count_physical"": 8, ""processor"": ""arm"", ""architecture"": ""64bit""}, ""memory"": {""total_gb"": 24.0}, ""os"": {""system"": ""Darwin"", ""machine"": ""arm64"", ""release"": ""23.5.0""}, ""python"": {""implementation"": ""CPython"", ""version"": ""3.12.2"", ""version_info"": ""3.12.2""}, ""git"": {""commit_hash"": ""443b599dca6666ab5976e2cf184c9398d48cda2b""}, ""timezone"": {""timezone_name"": ""UTC"", ""utc_offset_hours"": 0.0}, ""timestamp"": 1752416768.0}",443b599dca6666ab5976e2cf184c9398d48cda2b,2025-07-18T13:11:16,4.625144004821777,ERROR,,,,,,,"{""error_message"": ""Solver 'CVXOPT' failed. Try another solver, or solve with verbose=True for more information."", ""problem_class"": ""SDP""}"
1210,cvxpy_ecos,cvxpy-1.6.5-ECOS-2.0.14,SDPLIB,qap10,SDP,"{""cpu"": {""cpu_count"": 8, ""cpu_count_physical"": 8, ""processor"": ""arm"", ""architecture"": ""64bit""}, ""memory"": {""total_gb"": 24.0}, ""os"": {""system"": ""Darwin"", ""machine"": ""arm64"", ""release"": ""23.5.0""}, ""python"": {""implementation"": ""CPython"", ""version"": ""3.12.2"", ""version_info"": ""3.12.2""}, ""git"": {""commit_hash"": ""443b599dca6666ab5976e2cf184c9398d48cda2b""}, ""timezone"": {""timezone_name"": ""UTC"", ""utc_offset_hours"": 0.0}, ""timestamp"": 1752416768.0}",443b599dca6666ab5976e2cf184c9398d48cda2b,2025-07-18T13:13:02,,UNSUPPORTED,,,,,,,"{""reason"": ""Solver does not support SDP problems"", ""problem_type"": ""SDP"", ""problem_class"": ""SDP""}"
1211,cvxpy_highs,cvxpy-1.6.5-HIGHS-1.11.0,SDPLIB,qap10,SDP,"{""cpu"": {""cpu_count"": 8, ""cpu_count_physical"": 8, ""processor"": ""arm"", ""architecture"": ""64bit""}, ""memory"": {""total_gb"": 24.0}, ""os"": {""system"": ""Darwin"", ""machine"": ""arm64"", ""release"": ""23.5.0""}, ""python"": {""implementation"": ""CPython"", ""version"": ""3.12.2"", ""version_info"": ""3.12.2""}, ""git"": {""commit_hash"": ""443b599dca6666ab5976e2cf184c9398d48cda2b""}, ""timezone"": {""timezone_name"": ""UTC"", ""utc_offset_hours"": 0.0}, ""timestamp"": 1752416768.0}",443b599dca6666ab5976e2cf184c9398d48cda2b,2025-07-18T13:13:02,,UNSUPPORTED,,,,,,,"{""reason"": ""Solver does not support SDP problems"", ""problem_type"": ""SDP"", ""problem_class"": ""SDP""}"
1212,cvxpy_osqp,cvxpy-1.6.5-OSQP-1.0.4,SDPLIB,qap10,SDP,"{""cpu"": {""cpu_count"": 8, ""cpu_count_physical"": 8, ""processor"": ""arm"", ""architecture"": ""64bit""}, ""memory"": {""total_gb"": 24.0}, ""os"": {""system"": ""Darwin"", ""machine"": ""arm64"", ""release"": ""23.5.0""}, ""python"": {""implementation"": ""CPython"", ""version"": ""3.12.2"", ""version_info"": ""3.12.2""}, ""git"": {""commit_hash"": ""443b599dca6666ab5976e2cf184c9398d48cda2b""}, ""timezone"": {""timezone_name"": ""UTC"", ""utc_offset_hours"": 0.0}, ""timestamp"": 1752416768.0}",443b599dca6666ab5976e2cf184c9398d48cda2b,2025-07-18T13:13:02,,UNSUPPORTED,,,,,,,"{""reason"": ""Solver does not support SDP problems"", ""problem_type"": ""SDP"", ""problem_class"": ""SDP""}"
1213,cvxpy_scip,cvxpy-1.6.5-SCIP-5.5.0,SDPLIB,qap10,SDP,"{""cpu"": {""cpu_count"": 8, ""cpu_count_physical"": 8, ""processor"": ""arm"", ""architecture"": ""64bit""}, ""memory"": {""total_gb"": 24.0}, ""os"": {""system"": ""Darwin"", ""machine"": ""arm64"", ""release"": ""23.5.0""}, ""python"": {""implementation"": ""CPython"", ""version"": ""3.12.2"", ""version_info"": ""3.12.2""}, ""git"": {""commit_hash"": ""443b599dca6666ab5976e2cf184c9398d48cda2b""}, ""timezone"": {""timezone_name"": ""UTC"", ""utc_offset_hours"": 0.0}, ""timestamp"": 1752416768.0}",443b599dca6666ab5976e2cf184c9398d48cda2b,2025-07-18T13:13:02,,UNSUPPORTED,,,,,,,"{""reason"": ""Solver does not support SDP problems"", ""problem_type"": ""SDP"", ""problem_class"": ""SDP""}"
1209,cvxpy_sdpa,cvxpy-1.6.5-SDPA-0.2.2,SDPLIB,qap10,SDP,"{""cpu"": {""cpu_count"": 8, ""cpu_count_physical"": 8, ""processor"": ""arm"", ""architecture"": ""64bit""}, ""memory"": {""total_gb"": 24.0}, ""os"": {""system"": ""Darwin"", ""machine"": ""arm64"", ""release"": ""23.5.0""}, ""python"": {""implementation"": ""CPython"", ""version"": ""3.12.2"", ""version_info"": ""3.12.2""}, ""git"": {""commit_hash"": ""443b599dca6666ab5976e2cf184c9398d48cda2b""}, ""timezone"": {""timezone_name"": ""UTC"", ""utc_offset_hours"": 0.0}, ""timestamp"": 1752416768.0}",443b599dca6666ab5976e2cf184c9398d48cda2b,2025-07-18T13:12:55,0.5981779098510742,OPTIMAL (INACCURATE),1093.0721614033846,1092.5599703709595,0.5121910324251076,2.3061857111994798e-08,0.0,,"{""iteration_info_limitation"": ""SDPA does not provide iteration count through CVXPY"", ""solver_solve_time"": null, ""problem_class"": ""SDP""}"
1610,matlab_sdpt3,SDPT3-4.0-20240410 (MATLAB 24.1.0.2537033 (R2024a)),SDPLIB,qap10,SDP,"{""cpu"": {""cpu_count"": 8, ""cpu_count_physical"": 8, ""processor"": ""arm"", ""architecture"": ""64bit""}, ""memory"": {""total_gb"": 24.0}, ""os"": {""system"": ""Darwin"", ""machine"": ""arm64"", ""release"": ""23.5.0""}, ""python"": {""implementation"": ""CPython"", ""version"": ""3.12.2"", ""version_info"": ""3.12.2""}, ""git"": {""commit_hash"": ""96ca043787ef8c38515cfa8d108d16b61b823e04""}, ""timezone"": {""timezone_name"": ""UTC"", ""utc_offset_hours"": 0.0}, ""timestamp"": 1752926592.0}",96ca043787ef8c38515cfa8d108d16b61b823e04,2025-07-19T14:01:26,0.8021789583333333,UNKNOWN,1092.5398261865366,1092.5738677926238,0.03404160608715756,2.2324924926700836e-07,0.0,14,"{""matlab_output"": {""solver_name"": ""SDPT3"", ""status"": ""unknown"", ""solve_time"": 0.8021789583333333, ""setup_time"": [], ""iterations"": 14, ""primal_objective_value"": 1092.5398261865366, ""dual_objective_value"": 1092.5738677926238, ""duality_gap"": 0.03404160608715756, ""primal_infeasibility"": 2.2324924926700836e-07, ""dual_infeasibility"": 0, ""solver_version"": ""SDPT3-4.0-20240410"", ""solver_options"": {}, ""termination_reason"": """", ""error_message"": """", ""timestamp"": ""2025-07-19 23:01:23"", ""matlab_version"": ""24.1.0.2537033 (R2024a)""}, ""matlab_version"": ""24.1.0.2537033 (R2024a)"", ""solver_backend"": ""sdpt3"", ""execution_environment"": ""matlab"", ""problem_class"": ""SDP""}"
1495,matlab_sedumi,SeDuMi-1.3.7 (MATLAB 24.1.0.2537033 (R2024a)),SDPLIB,qap10,SDP,"{""cpu"": {""cpu_count"": 8, ""cpu_count_physical"": 8, ""processor"": ""arm"", ""architecture"": ""64bit""}, ""memory"": {""total_gb"": 24.0}, ""os"": {""system"": ""Darwin"", ""machine"": ""arm64"", ""release"": ""23.5.0""}, ""python"": {""implementation"": ""CPython"", ""version"": ""3.12.2"", ""version_info"": ""3.12.2""}, ""git"": {""commit_hash"": ""96ca043787ef8c38515cfa8d108d16b61b823e04""}, ""timezone"": {""timezone_name"": ""UTC"", ""utc_offset_hours"": 0.0}, ""timestamp"": 1752926592.0}",96ca043787ef8c38515cfa8d108d16b61b823e04,2025-07-19T12:40:50,2.500351125,NUM_ERROR,1092.5803930728775,1092.5806235221098,0.00023044923227644176,5.983215930617338e-08,0.0,26,"{""matlab_output"": {""solver_name"": ""SeDuMi"", ""status"": ""num_error"", ""solve_time"": 2.500351125, ""setup_time"": [], ""iterations"": 26, ""primal_objective_value"": 1092.5803930728775, ""dual_objective_value"": 1092.5806235221098, ""duality_gap"": 0.00023044923227644176, ""primal_infeasibility"": 5.983215930617338e-08, ""dual_infeasibility"": 0, ""solver_version"": ""SeDuMi-1.3.7"", ""solver_options"": {}, ""termination_reason"": """", ""error_message"": """", ""timestamp"": ""2025-07-19 21:40:47"", ""matlab_version"": ""24.1.0.2537033 (R2024a)""}, ""matlab_version"": ""24.1.0.2537033 (R2024a)"", ""solver_backend"": ""sedumi"", ""execution_environment"": ""matlab"", ""problem_class"": ""SDP""}"
1214,scipy_linprog,scipy-1.15.3,SDPLIB,qap10,SDP,"{""cpu"": {""cpu_count"": 8, ""cpu_count_physical"": 8, ""processor"": ""arm"", ""architecture"": ""64bit""}, ""memory"": {""total_gb"": 24.0}, ""os"": {""system"": ""Darwin"", ""machine"": ""arm64"", ""release"": ""23.5.0""}, ""python"": {""implementation"": ""CPython"", ""version"": ""3.12.2"", ""version_info"": ""3.12.2""}, ""git"": {""commit_hash"": ""443b599dca6666ab5976e2cf184c9398d48cda2b""}, ""timezone"": {""timezone_name"": ""UTC"", ""utc_offset_hours"": 0.0}, ""timestamp"": 1752416768.0}",443b599dca6666ab5976e2cf184c9398d48cda2b,2025-07-18T13:13:02,,UNSUPPORTED,,,,,,,"{""reason"": ""Solver does not support SDP problems"", ""problem_type"": ""SDP"", ""problem_class"": ""SDP""}"
1152,cvxpy_clarabel,cvxpy-1.6.5-CLARABEL-0.11.0,SDPLIB,qap5,SDP,"{""cpu"": {""cpu_count"": 8, ""cpu_count_physical"": 8, ""processor"": ""arm"", ""architecture"": ""64bit""}, ""memory"": {""total_gb"": 24.0}, ""os"": {""system"": ""Darwin"", ""machine"": ""arm64"", ""release"": ""23.5.0""}, ""python"": {""implementation"": ""CPython"", ""version"": ""3.12.2"", ""version_info"": ""3.12.2""}, ""git"": {""commit_hash"": ""443b599dca6666ab5976e2cf184c9398d48cda2b""}, ""timezone"": {""timezone_name"": ""UTC"", ""utc_offset_hours"": 0.0}, ""timestamp"": 1752416768.0}",443b599dca6666ab5976e2cf184c9398d48cda2b,2025-07-18T13:01:58,0.039627790451049805,OPTIMAL,436.00000012500374,436.0000001787257,-5.3721976200904464e-08,8.543064997221504e-10,8.700480256542984e-14,9,"{""solver_solve_time"": 0.036510792, ""problem_class"": ""SDP""}"
1153,cvxpy_cvxopt,cvxpy-1.6.5-CVXOPT-1.3.2,SDPLIB,qap5,SDP,"{""cpu"": {""cpu_count"": 8, ""cpu_count_physical"": 8, ""processor"": ""arm"", ""architecture"": ""64bit""}, ""memory"": {""total_gb"": 24.0}, ""os"": {""system"": ""Darwin"", ""machine"": ""arm64"", ""release"": ""23.5.0""}, ""python"": {""implementation"": ""CPython"", ""version"": ""3.12.2"", ""version_info"": ""3.12.2""}, ""git"": {""commit_hash"": ""443b599dca6666ab5976e2cf184c9398d48cda2b""}, ""timezone"": {""timezone_name"": ""UTC"", ""utc_offset_hours"": 0.0}, ""timestamp"": 1752416768.0}",443b599dca6666ab5976e2cf184c9398d48cda2b,2025-07-18T13:01:58,0.05824089050292969,OPTIMAL,436.00000638953816,436.0000103135326,-3.923994427168509e-06,6.573074355875933e-08,5.296699388254977e-12,,"{""iteration_info_limitation"": ""CVXOPT does not provide iteration count through CVXPY"", ""solver_solve_time"": null, ""problem_class"": ""SDP""}"
1156,cvxpy_ecos,cvxpy-1.6.5-ECOS-2.0.14,SDPLIB,qap5,SDP,"{""cpu"": {""cpu_count"": 8, ""cpu_count_physical"": 8, ""processor"": ""arm"", ""architecture"": ""64bit""}, ""memory"": {""total_gb"": 24.0}, ""os"": {""system"": ""Darwin"", ""machine"": ""arm64"", ""release"": ""23.5.0""}, ""python"": {""implementation"": ""CPython"", ""version"": ""3.12.2"", ""version_info"": ""3.12.2""}, ""git"": {""commit_hash"": ""443b599dca6666ab5976e2cf184c9398d48cda2b""}, ""timezone"": {""timezone_name"": ""UTC"", ""utc_offset_hours"": 0.0}, ""timestamp"": 1752416768.0}",443b599dca6666ab5976e2cf184c9398d48cda2b,2025-07-18T13:03:31,,UNSUPPORTED,,,,,,,"{""reason"": ""Solver does not support SDP problems"", ""problem_type"": ""SDP"", ""problem_class"": ""SDP""}"
1157,cvxpy_highs,cvxpy-1.6.5-HIGHS-1.11.0,SDPLIB,qap5,SDP,"{""cpu"": {""cpu_count"": 8, ""cpu_count_physical"": 8, ""processor"": ""arm"", ""architecture"": ""64bit""}, ""memory"": {""total_gb"": 24.0}, ""os"": {""system"": ""Darwin"", ""machine"": ""arm64"", ""release"": ""23.5.0""}, ""python"": {""implementation"": ""CPython"", ""version"": ""3.12.2"", ""version_info"": ""3.12.2""}, ""git"": {""commit_hash"": ""443b599dca6666ab5976e2cf184c9398d48cda2b""}, ""timezone"": {""timezone_name"": ""UTC"", ""utc_offset_hours"": 0.0}, ""timestamp"": 1752416768.0}",443b599dca6666ab5976e2cf184c9398d48cda2b,2025-07-18T13:03:31,,UNSUPPORTED,,,,,,,"{""reason"": ""Solver does not support SDP problems"", ""problem_type"": ""SDP"", ""problem_class"": ""SDP""}"
1158,cvxpy_osqp,cvxpy-1.6.5-OSQP-1.0.4,SDPLIB,qap5,SDP,"{""cpu"": {""cpu_count"": 8, ""cpu_count_physical"": 8, ""processor"": ""arm"", ""architecture"": ""64bit""}, ""memory"": {""total_gb"": 24.0}, ""os"": {""system"": ""Darwin"", ""machine"": ""arm64"", ""release"": ""23.5.0""}, ""python"": {""implementation"": ""CPython"", ""version"": ""3.12.2"", ""version_info"": ""3.12.2""}, ""git"": {""commit_hash"": ""443b599dca6666ab5976e2cf184c9398d48cda2b""}, ""timezone"": {""timezone_name"": ""UTC"", ""utc_offset_hours"": 0.0}, ""timestamp"": 1752416768.0}",443b599dca6666ab5976e2cf184c9398d48cda2b,2025-07-18T13:03:31,,UNSUPPORTED,,,,,,,"{""reason"": ""Solver does not support SDP problems"", ""problem_type"": ""SDP"", ""problem_class"": ""SDP""}"
1159,cvxpy_scip,cvxpy-1.6.5-SCIP-5.5.0,SDPLIB,qap5,SDP,"{""cpu"": {""cpu_count"": 8, ""cpu_count_physical"": 8, ""processor"": ""arm"", ""architecture"": ""64bit""}, ""memory"": {""total_gb"": 24.0}, ""os"": {""system"": ""Darwin"", ""machine"": ""arm64"", ""release"": ""23.5.0""}, ""python"": {""implementation"": ""CPython"", ""version"": ""3.12.2"", ""version_info"": ""3.12.2""}, ""git"": {""commit_hash"": ""443b599dca6666ab5976e2cf184c9398d48cda2b""}, ""timezone"": {""timezone_name"": ""UTC"", ""utc_offset_hours"": 0.0}, ""timestamp"": 1752416768.0}",443b599dca6666ab5976e2cf184c9398d48cda2b,2025-07-18T13:03:31,,UNSUPPORTED,,,,,,,"{""reason"": ""Solver does not support SDP problems"", ""problem_type"": ""SDP"", ""problem_class"": ""SDP""}"
1154,cvxpy_scs,cvxpy-1.6.5-SCS-3.2.7.post2,SDPLIB,qap5,SDP,"{""cpu"": {""cpu_count"": 8, ""cpu_count_physical"": 8, ""processor"": ""arm"", ""architecture"": ""64bit""}, ""memory"": {""total_gb"": 24.0}, ""os"": {""system"": ""Darwin"", ""machine"": ""arm64"", ""release"": ""23.5.0""}, ""python"": {""implementation"": ""CPython"", ""version"": ""3.12.2"", ""version_info"": ""3.12.2""}, ""git"": {""commit_hash"": ""443b599dca6666ab5976e2cf184c9398d48cda2b""}, ""timezone"": {""timezone_name"": ""UTC"", ""utc_offset_hours"": 0.0}, ""timestamp"": 1752416768.0}",443b599dca6666ab5976e2cf184c9398d48cda2b,2025-07-18T13:01:58,0.015094995498657227,OPTIMAL,436.00007269274516,435.9998052039491,0.00026748879605520415,2.3053436931048306e-07,0.0,225,"{""solver_solve_time"": 0.012320290999999999, ""problem_class"": ""SDP""}"
1155,cvxpy_sdpa,cvxpy-1.6.5-SDPA-0.2.2,SDPLIB,qap5,SDP,"{""cpu"": {""cpu_count"": 8, ""cpu_count_physical"": 8, ""processor"": ""arm"", ""architecture"": ""64bit""}, ""memory"": {""total_gb"": 24.0}, ""os"": {""system"": ""Darwin"", ""machine"": ""arm64"", ""release"": ""23.5.0""}, ""python"": {""implementation"": ""CPython"", ""version"": ""3.12.2"", ""version_info"": ""3.12.2""}, ""git"": {""commit_hash"": ""443b599dca6666ab5976e2cf184c9398d48cda2b""}, ""timezone"": {""timezone_name"": ""UTC"", ""utc_offset_hours"": 0.0}, ""timestamp"": 1752416768.0}",443b599dca6666ab5976e2cf184c9398d48cda2b,2025-07-18T13:01:58,0.020327091217041016,OPTIMAL (INACCURATE),436.0403897924358,435.9998304004548,0.04055939198099168,9.059329771695843e-08,0.0,,"{""iteration_info_limitation"": ""SDPA does not provide iteration count through CVXPY"", ""solver_solve_time"": null, ""problem_class"": ""SDP""}"
1605,matlab_sdpt3,SDPT3-4.0-20240410 (MATLAB 24.1.0.2537033 (R2024a)),SDPLIB,qap5,SDP,"{""cpu"": {""cpu_count"": 8, ""cpu_count_physical"": 8, ""processor"": ""arm"", ""architecture"": ""64bit""}, ""memory"": {""total_gb"": 24.0}, ""os"": {""system"": ""Darwin"", ""machine"": ""arm64"", ""release"": ""23.5.0""}, ""python"": {""implementation"": ""CPython"", ""version"": ""3.12.2"", ""version_info"": ""3.12.2""}, ""git"": {""commit_hash"": ""96ca043787ef8c38515cfa8d108d16b61b823e04""}, ""timezone"": {""timezone_name"": ""UTC"", ""utc_offset_hours"": 0.0}, ""timestamp"": 1752926592.0}",96ca043787ef8c38515cfa8d108d16b61b823e04,2025-07-19T14:00:56,0.4685420416666667,OPTIMAL,436.000000302473,435.9999999151769,3.872960974149464e-07,1.0352572932812939e-11,0.0,10,"{""matlab_output"": {""solver_name"": ""SDPT3"", ""status"": ""optimal"", ""solve_time"": 0.4685420416666667, ""setup_time"": [], ""iterations"": 10, ""primal_objective_value"": 436.000000302473, ""dual_objective_value"": 435.9999999151769, ""duality_gap"": 3.872960974149464e-07, ""primal_infeasibility"": 1.0352572932812939e-11, ""dual_infeasibility"": 0, ""solver_version"": ""SDPT3-4.0-20240410"", ""solver_options"": {}, ""termination_reason"": """", ""error_message"": """", ""timestamp"": ""2025-07-19 23:00:53"", ""matlab_version"": ""24.1.0.2537033 (R2024a)""}, ""matlab_version"": ""24.1.0.2537033 (R2024a)"", ""solver_backend"": ""sdpt3"", ""execution_environment"": ""matlab"", ""problem_class"": ""SDP""}"
1490,matlab_sedumi,SeDuMi-1.3.7 (MATLAB 24.1.0.2537033 (R2024a)),SDPLIB,qap5,SDP,"{""cpu"": {""cpu_count"": 8, ""cpu_count_physical"": 8, ""processor"": ""arm"", ""architecture"": ""64bit""}, ""memory"": {""total_gb"": 24.0}, ""os"": {""system"": ""Darwin"", ""machine"": ""arm64"", ""release"": ""23.5.0""}, ""python"": {""implementation"": ""CPython"", ""version"": ""3.12.2"", ""version_info"": ""3.12.2""}, ""git"": {""commit_hash"": ""96ca043787ef8c38515cfa8d108d16b61b823e04""}, ""timezone"": {""timezone_name"": ""UTC"", ""utc_offset_hours"": 0.0}, ""timestamp"": 1752926592.0}",96ca043787ef8c38515cfa8d108d16b61b823e04,2025-07-19T12:40:19,0.2549562083333333,OPTIMAL,435.99999879051774,435.9999990246588,2.3414105498886784e-07,6.0506510269859365e-09,0.0,14,"{""matlab_output"": {""solver_name"": ""SeDuMi"", ""status"": ""optimal"", ""solve_time"": 0.2549562083333333, ""setup_time"": [], ""iterations"": 14, ""primal_objective_value"": 435.99999879051774, ""dual_objective_value"": 435.9999990246588, ""duality_gap"": 2.3414105498886784e-07, ""primal_infeasibility"": 6.0506510269859365e-09, ""dual_infeasibility"": 0, ""solver_version"": ""SeDuMi-1.3.7"", ""solver_options"": {}, ""termination_reason"": """", ""error_message"": """", ""timestamp"": ""2025-07-19 21:40:17"", ""matlab_version"": ""24.1.0.2537033 (R2024a)""}, ""matlab_version"": ""24.1.0.2537033 (R2024a)"", ""solver_backend"": ""sedumi"", ""execution_environment"": ""matlab"", ""problem_class"": ""SDP""}"
1160,scipy_linprog,scipy-1.15.3,SDPLIB,qap5,SDP,"{""cpu"": {""cpu_count"": 8, ""cpu_count_physical"": 8, ""processor"": ""arm"", ""architecture"": ""64bit""}, ""memory"": {""total_gb"": 24.0}, ""os"": {""system"": ""Darwin"", ""machine"": ""arm64"", ""release"": ""23.5.0""}, ""python"": {""implementation"": ""CPython"", ""version"": ""3.12.2"", ""version_info"": ""3.12.2""}, ""git"": {""commit_hash"": ""443b599dca6666ab5976e2cf184c9398d48cda2b""}, ""timezone"": {""timezone_name"": ""UTC"", ""utc_offset_hours"": 0.0}, ""timestamp"": 1752416768.0}",443b599dca6666ab5976e2cf184c9398d48cda2b,2025-07-18T13:03:31,,UNSUPPORTED,,,,,,,"{""reason"": ""Solver does not support SDP problems"", ""problem_type"": ""SDP"", ""problem_class"": ""SDP""}"
1163,cvxpy_clarabel,cvxpy-1.6.5-CLARABEL-0.11.0,SDPLIB,qap6,SDP,"{""cpu"": {""cpu_count"": 8, ""cpu_count_physical"": 8, ""processor"": ""arm"", ""architecture"": ""64bit""}, ""memory"": {""total_gb"": 24.0}, ""os"": {""system"": ""Darwin"", ""machine"": ""arm64"", ""release"": ""23.5.0""}, ""python"": {""implementation"": ""CPython"", ""version"": ""3.12.2"", ""version_info"": ""3.12.2""}, ""git"": {""commit_hash"": ""443b599dca6666ab5976e2cf184c9398d48cda2b""}, ""timezone"": {""timezone_name"": ""UTC"", ""utc_offset_hours"": 0.0}, ""timestamp"": 1752416768.0}",443b599dca6666ab5976e2cf184c9398d48cda2b,2025-07-18T13:04:47,0.3584439754486084,OPTIMAL (INACCURATE),381.43279582401055,381.4327960779774,-2.539668457757216e-07,9.455201134480351e-10,4.251389530798158e-09,26,"{""solver_solve_time"": 0.353374376, ""problem_class"": ""SDP""}"
1164,cvxpy_cvxopt,unknown,SDPLIB,qap6,SDP,"{""cpu"": {""cpu_count"": 8, ""cpu_count_physical"": 8, ""processor"": ""arm"", ""architecture"": ""64bit""}, ""memory"": {""total_gb"": 24.0}, ""os"": {""system"": ""Darwin"", ""machine"": ""arm64"", ""release"": ""23.5.0""}, ""python"": {""implementation"": ""CPython"", ""version"": ""3.12.2"", ""version_info"": ""3.12.2""}, ""git"": {""commit_hash"": ""443b599dca6666ab5976e2cf184c9398d48cda2b""}, ""timezone"": {""timezone_name"": ""UTC"", ""utc_offset_hours"": 0.0}, ""timestamp"": 1752416768.0}",443b599dca6666ab5976e2cf184c9398d48cda2b,2025-07-18T13:04:48,0.4547898769378662,ERROR,,,,,,,"{""error_message"": ""Solver 'CVXOPT' failed. Try another solver, or solve with verbose=True for more information."", ""problem_class"": ""SDP""}"
1167,cvxpy_ecos,cvxpy-1.6.5-ECOS-2.0.14,SDPLIB,qap6,SDP,"{""cpu"": {""cpu_count"": 8, ""cpu_count_physical"": 8, ""processor"": ""arm"", ""architecture"": ""64bit""}, ""memory"": {""total_gb"": 24.0}, ""os"": {""system"": ""Darwin"", ""machine"": ""arm64"", ""release"": ""23.5.0""}, ""python"": {""implementation"": ""CPython"", ""version"": ""3.12.2"", ""version_info"": ""3.12.2""}, ""git"": {""commit_hash"": ""443b599dca6666ab5976e2cf184c9398d48cda2b""}, ""timezone"": {""timezone_name"": ""UTC"", ""utc_offset_hours"": 0.0}, ""timestamp"": 1752416768.0}",443b599dca6666ab5976e2cf184c9398d48cda2b,2025-07-18T13:05:07,,UNSUPPORTED,,,,,,,"{""reason"": ""Solver does not support SDP problems"", ""problem_type"": ""SDP"", ""problem_class"": ""SDP""}"
1168,cvxpy_highs,cvxpy-1.6.5-HIGHS-1.11.0,SDPLIB,qap6,SDP,"{""cpu"": {""cpu_count"": 8, ""cpu_count_physical"": 8, ""processor"": ""arm"", ""architecture"": ""64bit""}, ""memory"": {""total_gb"": 24.0}, ""os"": {""system"": ""Darwin"", ""machine"": ""arm64"", ""release"": ""23.5.0""}, ""python"": {""implementation"": ""CPython"", ""version"": ""3.12.2"", ""version_info"": ""3.12.2""}, ""git"": {""commit_hash"": ""443b599dca6666ab5976e2cf184c9398d48cda2b""}, ""timezone"": {""timezone_name"": ""UTC"", ""utc_offset_hours"": 0.0}, ""timestamp"": 1752416768.0}",443b599dca6666ab5976e2cf184c9398d48cda2b,2025-07-18T13:05:07,,UNSUPPORTED,,,,,,,"{""reason"": ""Solver does not support SDP problems"", ""problem_type"": ""SDP"", ""problem_class"": ""SDP""}"
1169,cvxpy_osqp,cvxpy-1.6.5-OSQP-1.0.4,SDPLIB,qap6,SDP,"{""cpu"": {""cpu_count"": 8, ""cpu_count_physical"": 8, ""processor"": ""arm"", ""architecture"": ""64bit""}, ""memory"": {""total_gb"": 24.0}, ""os"": {""system"": ""Darwin"", ""machine"": ""arm64"", ""release"": ""23.5.0""}, ""python"": {""implementation"": ""CPython"", ""version"": ""3.12.2"", ""version_info"": ""3.12.2""}, ""git"": {""commit_hash"": ""443b599dca6666ab5976e2cf184c9398d48cda2b""}, ""timezone"": {""timezone_name"": ""UTC"", ""utc_offset_hours"": 0.0}, ""timestamp"": 1752416768.0}",443b599dca6666ab5976e2cf184c9398d48cda2b,2025-07-18T13:05:07,,UNSUPPORTED,,,,,,,"{""reason"": ""Solver does not support SDP problems"", ""problem_type"": ""SDP"", ""problem_class"": ""SDP""}"
1170,cvxpy_scip,cvxpy-1.6.5-SCIP-5.5.0,SDPLIB,qap6,SDP,"{""cpu"": {""cpu_count"": 8, ""cpu_count_physical"": 8, ""processor"": ""arm"", ""architecture"": ""64bit""}, ""memory"": {""total_gb"": 24.0}, ""os"": {""system"": ""Darwin"", ""machine"": ""arm64"", ""release"": ""23.5.0""}, ""python"": {""implementation"": ""CPython"", ""version"": ""3.12.2"", ""version_info"": ""3.12.2""}, ""git"": {""commit_hash"": ""443b599dca6666ab5976e2cf184c9398d48cda2b""}, ""timezone"": {""timezone_name"": ""UTC"", ""utc_offset_hours"": 0.0}, ""timestamp"": 1752416768.0}",443b599dca6666ab5976e2cf184c9398d48cda2b,2025-07-18T13:05:07,,UNSUPPORTED,,,,,,,"{""reason"": ""Solver does not support SDP problems"", ""problem_type"": ""SDP"", ""problem_class"": ""SDP""}"
1165,cvxpy_scs,cvxpy-1.6.5-SCS-3.2.7.post2,SDPLIB,qap6,SDP,"{""cpu"": {""cpu_count"": 8, ""cpu_count_physical"": 8, ""processor"": ""arm"", ""architecture"": ""64bit""}, ""memory"": {""total_gb"": 24.0}, ""os"": {""system"": ""Darwin"", ""machine"": ""arm64"", ""release"": ""23.5.0""}, ""python"": {""implementation"": ""CPython"", ""version"": ""3.12.2"", ""version_info"": ""3.12.2""}, ""git"": {""commit_hash"": ""443b599dca6666ab5976e2cf184c9398d48cda2b""}, ""timezone"": {""timezone_name"": ""UTC"", ""utc_offset_hours"": 0.0}, ""timestamp"": 1752416768.0}",443b599dca6666ab5976e2cf184c9398d48cda2b,2025-07-18T13:04:59,11.140121698379517,OPTIMAL (INACCURATE),381.1579788447341,381.2947477911839,-0.13676894644981985,2.5734585406151894e-06,0.0,100000,"{""solver_solve_time"": 11.135406458, ""problem_class"": ""SDP""}"
1166,cvxpy_sdpa,cvxpy-1.6.5-SDPA-0.2.2,SDPLIB,qap6,SDP,"{""cpu"": {""cpu_count"": 8, ""cpu_count_physical"": 8, ""processor"": ""arm"", ""architecture"": ""64bit""}, ""memory"": {""total_gb"": 24.0}, ""os"": {""system"": ""Darwin"", ""machine"": ""arm64"", ""release"": ""23.5.0""}, ""python"": {""implementation"": ""CPython"", ""version"": ""3.12.2"", ""version_info"": ""3.12.2""}, ""git"": {""commit_hash"": ""443b599dca6666ab5976e2cf184c9398d48cda2b""}, ""timezone"": {""timezone_name"": ""UTC"", ""utc_offset_hours"": 0.0}, ""timestamp"": 1752416768.0}",443b599dca6666ab5976e2cf184c9398d48cda2b,2025-07-18T13:04:59,0.09423494338989258,OPTIMAL (INACCURATE),381.5253368559963,381.38626400064095,0.1390728553553231,4.7219042964099784e-08,0.0,,"{""iteration_info_limitation"": ""SDPA does not provide iteration count through CVXPY"", ""solver_solve_time"": null, ""problem_class"": ""SDP""}"
1606,matlab_sdpt3,SDPT3-4.0-20240410 (MATLAB 24.1.0.2537033 (R2024a)),SDPLIB,qap6,SDP,"{""cpu"": {""cpu_count"": 8, ""cpu_count_physical"": 8, ""processor"": ""arm"", ""architecture"": ""64bit""}, ""memory"": {""total_gb"": 24.0}, ""os"": {""system"": ""Darwin"", ""machine"": ""arm64"", ""release"": ""23.5.0""}, ""python"": {""implementation"": ""CPython"", ""version"": ""3.12.2"", ""version_info"": ""3.12.2""}, ""git"": {""commit_hash"": ""96ca043787ef8c38515cfa8d108d16b61b823e04""}, ""timezone"": {""timezone_name"": ""UTC"", ""utc_offset_hours"": 0.0}, ""timestamp"": 1752926592.0}",96ca043787ef8c38515cfa8d108d16b61b823e04,2025-07-19T14:01:02,0.7566619166666667,OPTIMAL,381.39365405504674,381.41637577242363,0.022721717376896322,2.8681423726442413e-07,0.0,19,"{""matlab_output"": {""solver_name"": ""SDPT3"", ""status"": ""optimal"", ""solve_time"": 0.7566619166666667, ""setup_time"": [], ""iterations"": 19, ""primal_objective_value"": 381.39365405504674, ""dual_objective_value"": 381.41637577242363, ""duality_gap"": 0.022721717376896322, ""primal_infeasibility"": 2.8681423726442413e-07, ""dual_infeasibility"": 0, ""solver_version"": ""SDPT3-4.0-20240410"", ""solver_options"": {}, ""termination_reason"": """", ""error_message"": """", ""timestamp"": ""2025-07-19 23:00:59"", ""matlab_version"": ""24.1.0.2537033 (R2024a)""}, ""matlab_version"": ""24.1.0.2537033 (R2024a)"", ""solver_backend"": ""sdpt3"", ""execution_environment"": ""matlab"", ""problem_class"": ""SDP""}"
1491,matlab_sedumi,SeDuMi-1.3.7 (MATLAB 24.1.0.2537033 (R2024a)),SDPLIB,qap6,SDP,"{""cpu"": {""cpu_count"": 8, ""cpu_count_physical"": 8, ""processor"": ""arm"", ""architecture"": ""64bit""}, ""memory"": {""total_gb"": 24.0}, ""os"": {""system"": ""Darwin"", ""machine"": ""arm64"", ""release"": ""23.5.0""}, ""python"": {""implementation"": ""CPython"", ""version"": ""3.12.2"", ""version_info"": ""3.12.2""}, ""git"": {""commit_hash"": ""96ca043787ef8c38515cfa8d108d16b61b823e04""}, ""timezone"": {""timezone_name"": ""UTC"", ""utc_offset_hours"": 0.0}, ""timestamp"": 1752926592.0}",96ca043787ef8c38515cfa8d108d16b61b823e04,2025-07-19T12:40:25,0.3632245416666667,NUM_ERROR,381.4236687453082,381.4240243638051,0.0003556184968829257,1.0256556673173296e-07,0.0,22,"{""matlab_output"": {""solver_name"": ""SeDuMi"", ""status"": ""num_error"", ""solve_time"": 0.3632245416666667, ""setup_time"": [], ""iterations"": 22, ""primal_objective_value"": 381.4236687453082, ""dual_objective_value"": 381.4240243638051, ""duality_gap"": 0.0003556184968829257, ""primal_infeasibility"": 1.0256556673173296e-07, ""dual_infeasibility"": 0, ""solver_version"": ""SeDuMi-1.3.7"", ""solver_options"": {}, ""termination_reason"": """", ""error_message"": """", ""timestamp"": ""2025-07-19 21:40:22"", ""matlab_version"": ""24.1.0.2537033 (R2024a)""}, ""matlab_version"": ""24.1.0.2537033 (R2024a)"", ""solver_backend"": ""sedumi"", ""execution_environment"": ""matlab"", ""problem_class"": ""SDP""}"
1171,scipy_linprog,scipy-1.15.3,SDPLIB,qap6,SDP,"{""cpu"": {""cpu_count"": 8, ""cpu_count_physical"": 8, ""processor"": ""arm"", ""architecture"": ""64bit""}, ""memory"": {""total_gb"": 24.0}, ""os"": {""system"": ""Darwin"", ""machine"": ""arm64"", ""release"": ""23.5.0""}, ""python"": {""implementation"": ""CPython"", ""version"": ""3.12.2"", ""version_info"": ""3.12.2""}, ""git"": {""commit_hash"": ""443b599dca6666ab5976e2cf184c9398d48cda2b""}, ""timezone"": {""timezone_name"": ""UTC"", ""utc_offset_hours"": 0.0}, ""timestamp"": 1752416768.0}",443b599dca6666ab5976e2cf184c9398d48cda2b,2025-07-18T13:05:07,,UNSUPPORTED,,,,,,,"{""reason"": ""Solver does not support SDP problems"", ""problem_type"": ""SDP"", ""problem_class"": ""SDP""}"
1174,cvxpy_clarabel,cvxpy-1.6.5-CLARABEL-0.11.0,SDPLIB,qap7,SDP,"{""cpu"": {""cpu_count"": 8, ""cpu_count_physical"": 8, ""processor"": ""arm"", ""architecture"": ""64bit""}, ""memory"": {""total_gb"": 24.0}, ""os"": {""system"": ""Darwin"", ""machine"": ""arm64"", ""release"": ""23.5.0""}, ""python"": {""implementation"": ""CPython"", ""version"": ""3.12.2"", ""version_info"": ""3.12.2""}, ""git"": {""commit_hash"": ""443b599dca6666ab5976e2cf184c9398d48cda2b""}, ""timezone"": {""timezone_name"": ""UTC"", ""utc_offset_hours"": 0.0}, ""timestamp"": 1752416768.0}",443b599dca6666ab5976e2cf184c9398d48cda2b,2025-07-18T13:05:49,1.2171392440795898,OPTIMAL (INACCURATE),424.81215093653674,424.8121509794146,-4.28778434979904e-08,1.4814603139603626e-09,2.3106894516466327e-09,26,"{""solver_solve_time"": 1.208488294, ""problem_class"": ""SDP""}"
1175,cvxpy_cvxopt,unknown,SDPLIB,qap7,SDP,"{""cpu"": {""cpu_count"": 8, ""cpu_count_physical"": 8, ""processor"": ""arm"", ""architecture"": ""64bit""}, ""memory"": {""total_gb"": 24.0}, ""os"": {""system"": ""Darwin"", ""machine"": ""arm64"", ""release"": ""23.5.0""}, ""python"": {""implementation"": ""CPython"", ""version"": ""3.12.2"", ""version_info"": ""3.12.2""}, ""git"": {""commit_hash"": ""443b599dca6666ab5976e2cf184c9398d48cda2b""}, ""timezone"": {""timezone_name"": ""UTC"", ""utc_offset_hours"": 0.0}, ""timestamp"": 1752416768.0}",443b599dca6666ab5976e2cf184c9398d48cda2b,2025-07-18T13:05:50,0.7405779361724854,ERROR,,,,,,,"{""error_message"": ""Solver 'CVXOPT' failed. Try another solver, or solve with verbose=True for more information."", ""problem_class"": ""SDP""}"
1178,cvxpy_ecos,cvxpy-1.6.5-ECOS-2.0.14,SDPLIB,qap7,SDP,"{""cpu"": {""cpu_count"": 8, ""cpu_count_physical"": 8, ""processor"": ""arm"", ""architecture"": ""64bit""}, ""memory"": {""total_gb"": 24.0}, ""os"": {""system"": ""Darwin"", ""machine"": ""arm64"", ""release"": ""23.5.0""}, ""python"": {""implementation"": ""CPython"", ""version"": ""3.12.2"", ""version_info"": ""3.12.2""}, ""git"": {""commit_hash"": ""443b599dca6666ab5976e2cf184c9398d48cda2b""}, ""timezone"": {""timezone_name"": ""UTC"", ""utc_offset_hours"": 0.0}, ""timestamp"": 1752416768.0}",443b599dca6666ab5976e2cf184c9398d48cda2b,2025-07-18T13:06:18,,UNSUPPORTED,,,,,,,"{""reason"": ""Solver does not support SDP problems"", ""problem_type"": ""SDP"", ""problem_class"": ""SDP""}"
1179,cvxpy_highs,cvxpy-1.6.5-HIGHS-1.11.0,SDPLIB,qap7,SDP,"{""cpu"": {""cpu_count"": 8, ""cpu_count_physical"": 8, ""processor"": ""arm"", ""architecture"": ""64bit""}, ""memory"": {""total_gb"": 24.0}, ""os"": {""system"": ""Darwin"", ""machine"": ""arm64"", ""release"": ""23.5.0""}, ""python"": {""implementation"": ""CPython"", ""version"": ""3.12.2"", ""version_info"": ""3.12.2""}, ""git"": {""commit_hash"": ""443b599dca6666ab5976e2cf184c9398d48cda2b""}, ""timezone"": {""timezone_name"": ""UTC"", ""utc_offset_hours"": 0.0}, ""timestamp"": 1752416768.0}",443b599dca6666ab5976e2cf184c9398d48cda2b,2025-07-18T13:06:18,,UNSUPPORTED,,,,,,,"{""reason"": ""Solver does not support SDP problems"", ""problem_type"": ""SDP"", ""problem_class"": ""SDP""}"
1180,cvxpy_osqp,cvxpy-1.6.5-OSQP-1.0.4,SDPLIB,qap7,SDP,"{""cpu"": {""cpu_count"": 8, ""cpu_count_physical"": 8, ""processor"": ""arm"", ""architecture"": ""64bit""}, ""memory"": {""total_gb"": 24.0}, ""os"": {""system"": ""Darwin"", ""machine"": ""arm64"", ""release"": ""23.5.0""}, ""python"": {""implementation"": ""CPython"", ""version"": ""3.12.2"", ""version_info"": ""3.12.2""}, ""git"": {""commit_hash"": ""443b599dca6666ab5976e2cf184c9398d48cda2b""}, ""timezone"": {""timezone_name"": ""UTC"", ""utc_offset_hours"": 0.0}, ""timestamp"": 1752416768.0}",443b599dca6666ab5976e2cf184c9398d48cda2b,2025-07-18T13:06:19,,UNSUPPORTED,,,,,,,"{""reason"": ""Solver does not support SDP problems"", ""problem_type"": ""SDP"", ""problem_class"": ""SDP""}"
1181,cvxpy_scip,cvxpy-1.6.5-SCIP-5.5.0,SDPLIB,qap7,SDP,"{""cpu"": {""cpu_count"": 8, ""cpu_count_physical"": 8, ""processor"": ""arm"", ""architecture"": ""64bit""}, ""memory"": {""total_gb"": 24.0}, ""os"": {""system"": ""Darwin"", ""machine"": ""arm64"", ""release"": ""23.5.0""}, ""python"": {""implementation"": ""CPython"", ""version"": ""3.12.2"", ""version_info"": ""3.12.2""}, ""git"": {""commit_hash"": ""443b599dca6666ab5976e2cf184c9398d48cda2b""}, ""timezone"": {""timezone_name"": ""UTC"", ""utc_offset_hours"": 0.0}, ""timestamp"": 1752416768.0}",443b599dca6666ab5976e2cf184c9398d48cda2b,2025-07-18T13:06:19,,UNSUPPORTED,,,,,,,"{""reason"": ""Solver does not support SDP problems"", ""problem_type"": ""SDP"", ""problem_class"": ""SDP""}"
1176,cvxpy_scs,cvxpy-1.6.5-SCS-3.2.7.post2,SDPLIB,qap7,SDP,"{""cpu"": {""cpu_count"": 8, ""cpu_count_physical"": 8, ""processor"": ""arm"", ""architecture"": ""64bit""}, ""memory"": {""total_gb"": 24.0}, ""os"": {""system"": ""Darwin"", ""machine"": ""arm64"", ""release"": ""23.5.0""}, ""python"": {""implementation"": ""CPython"", ""version"": ""3.12.2"", ""version_info"": ""3.12.2""}, ""git"": {""commit_hash"": ""443b599dca6666ab5976e2cf184c9398d48cda2b""}, ""timezone"": {""timezone_name"": ""UTC"", ""utc_offset_hours"": 0.0}, ""timestamp"": 1752416768.0}",443b599dca6666ab5976e2cf184c9398d48cda2b,2025-07-18T13:06:10,20.12582302093506,OPTIMAL (INACCURATE),424.5225849795715,424.66763159392576,-0.14504661435427124,2.5643940808572178e-06,0.0,100000,"{""solver_solve_time"": 20.117360833, ""problem_class"": ""SDP""}"
1177,cvxpy_sdpa,cvxpy-1.6.5-SDPA-0.2.2,SDPLIB,qap7,SDP,"{""cpu"": {""cpu_count"": 8, ""cpu_count_physical"": 8, ""processor"": ""arm"", ""architecture"": ""64bit""}, ""memory"": {""total_gb"": 24.0}, ""os"": {""system"": ""Darwin"", ""machine"": ""arm64"", ""release"": ""23.5.0""}, ""python"": {""implementation"": ""CPython"", ""version"": ""3.12.2"", ""version_info"": ""3.12.2""}, ""git"": {""commit_hash"": ""443b599dca6666ab5976e2cf184c9398d48cda2b""}, ""timezone"": {""timezone_name"": ""UTC"", ""utc_offset_hours"": 0.0}, ""timestamp"": 1752416768.0}",443b599dca6666ab5976e2cf184c9398d48cda2b,2025-07-18T13:06:10,0.1465590000152588,OPTIMAL (INACCURATE),424.8762477985437,424.79985124990344,0.07639654864027534,2.3370667875751253e-08,0.0,,"{""iteration_info_limitation"": ""SDPA does not provide iteration count through CVXPY"", ""solver_solve_time"": null, ""problem_class"": ""SDP""}"
1607,matlab_sdpt3,SDPT3-4.0-20240410 (MATLAB 24.1.0.2537033 (R2024a)),SDPLIB,qap7,SDP,"{""cpu"": {""cpu_count"": 8, ""cpu_count_physical"": 8, ""processor"": ""arm"", ""architecture"": ""64bit""}, ""memory"": {""total_gb"": 24.0}, ""os"": {""system"": ""Darwin"", ""machine"": ""arm64"", ""release"": ""23.5.0""}, ""python"": {""implementation"": ""CPython"", ""version"": ""3.12.2"", ""version_info"": ""3.12.2""}, ""git"": {""commit_hash"": ""96ca043787ef8c38515cfa8d108d16b61b823e04""}, ""timezone"": {""timezone_name"": ""UTC"", ""utc_offset_hours"": 0.0}, ""timestamp"": 1752926592.0}",96ca043787ef8c38515cfa8d108d16b61b823e04,2025-07-19T14:01:08,0.6350701666666667,UNKNOWN,424.7884026413741,424.8042332891782,0.015830647804136788,2.244805558197445e-07,1.0208979903820277e-13,19,"{""matlab_output"": {""solver_name"": ""SDPT3"", ""status"": ""unknown"", ""solve_time"": 0.6350701666666667, ""setup_time"": [], ""iterations"": 19, ""primal_objective_value"": 424.7884026413741, ""dual_objective_value"": 424.8042332891782, ""duality_gap"": 0.015830647804136788, ""primal_infeasibility"": 2.244805558197445e-07, ""dual_infeasibility"": 1.0208979903820277e-13, ""solver_version"": ""SDPT3-4.0-20240410"", ""solver_options"": {}, ""termination_reason"": """", ""error_message"": """", ""timestamp"": ""2025-07-19 23:01:05"", ""matlab_version"": ""24.1.0.2537033 (R2024a)""}, ""matlab_version"": ""24.1.0.2537033 (R2024a)"", ""solver_backend"": ""sdpt3"", ""execution_environment"": ""matlab"", ""problem_class"": ""SDP""}"
1492,matlab_sedumi,SeDuMi-1.3.7 (MATLAB 24.1.0.2537033 (R2024a)),SDPLIB,qap7,SDP,"{""cpu"": {""cpu_count"": 8, ""cpu_count_physical"": 8, ""processor"": ""arm"", ""architecture"": ""64bit""}, ""memory"": {""total_gb"": 24.0}, ""os"": {""system"": ""Darwin"", ""machine"": ""arm64"", ""release"": ""23.5.0""}, ""python"": {""implementation"": ""CPython"", ""version"": ""3.12.2"", ""version_info"": ""3.12.2""}, ""git"": {""commit_hash"": ""96ca043787ef8c38515cfa8d108d16b61b823e04""}, ""timezone"": {""timezone_name"": ""UTC"", ""utc_offset_hours"": 0.0}, ""timestamp"": 1752926592.0}",96ca043787ef8c38515cfa8d108d16b61b823e04,2025-07-19T12:40:30,0.5065246666666666,NUM_ERROR,424.8083811224529,424.80858176294714,0.00020064049425627672,7.622887967153097e-08,0.0,24,"{""matlab_output"": {""solver_name"": ""SeDuMi"", ""status"": ""num_error"", ""solve_time"": 0.5065246666666666, ""setup_time"": [], ""iterations"": 24, ""primal_objective_value"": 424.8083811224529, ""dual_objective_value"": 424.80858176294714, ""duality_gap"": 0.00020064049425627672, ""primal_infeasibility"": 7.622887967153097e-08, ""dual_infeasibility"": 0, ""solver_version"": ""SeDuMi-1.3.7"", ""solver_options"": {}, ""termination_reason"": """", ""error_message"": """", ""timestamp"": ""2025-07-19 21:40:28"", ""matlab_version"": ""24.1.0.2537033 (R2024a)""}, ""matlab_version"": ""24.1.0.2537033 (R2024a)"", ""solver_backend"": ""sedumi"", ""execution_environment"": ""matlab"", ""problem_class"": ""SDP""}"
1182,scipy_linprog,scipy-1.15.3,SDPLIB,qap7,SDP,"{""cpu"": {""cpu_count"": 8, ""cpu_count_physical"": 8, ""processor"": ""arm"", ""architecture"": ""64bit""}, ""memory"": {""total_gb"": 24.0}, ""os"": {""system"": ""Darwin"", ""machine"": ""arm64"", ""release"": ""23.5.0""}, ""python"": {""implementation"": ""CPython"", ""version"": ""3.12.2"", ""version_info"": ""3.12.2""}, ""git"": {""commit_hash"": ""443b599dca6666ab5976e2cf184c9398d48cda2b""}, ""timezone"": {""timezone_name"": ""UTC"", ""utc_offset_hours"": 0.0}, ""timestamp"": 1752416768.0}",443b599dca6666ab5976e2cf184c9398d48cda2b,2025-07-18T13:06:19,,UNSUPPORTED,,,,,,,"{""reason"": ""Solver does not support SDP problems"", ""problem_type"": ""SDP"", ""problem_class"": ""SDP""}"
1185,cvxpy_clarabel,cvxpy-1.6.5-CLARABEL-0.11.0,SDPLIB,qap8,SDP,"{""cpu"": {""cpu_count"": 8, ""cpu_count_physical"": 8, ""processor"": ""arm"", ""architecture"": ""64bit""}, ""memory"": {""total_gb"": 24.0}, ""os"": {""system"": ""Darwin"", ""machine"": ""arm64"", ""release"": ""23.5.0""}, ""python"": {""implementation"": ""CPython"", ""version"": ""3.12.2"", ""version_info"": ""3.12.2""}, ""git"": {""commit_hash"": ""443b599dca6666ab5976e2cf184c9398d48cda2b""}, ""timezone"": {""timezone_name"": ""UTC"", ""utc_offset_hours"": 0.0}, ""timestamp"": 1752416768.0}",443b599dca6666ab5976e2cf184c9398d48cda2b,2025-07-18T13:07:08,3.9440019130706787,OPTIMAL (INACCURATE),756.9434336934269,756.9434339047293,-2.1130244931555353e-07,1.1033134136067158e-09,1.8036454579220684e-09,29,"{""solver_solve_time"": 3.928795753, ""problem_class"": ""SDP""}"
1186,cvxpy_cvxopt,unknown,SDPLIB,qap8,SDP,"{""cpu"": {""cpu_count"": 8, ""cpu_count_physical"": 8, ""processor"": ""arm"", ""architecture"": ""64bit""}, ""memory"": {""total_gb"": 24.0}, ""os"": {""system"": ""Darwin"", ""machine"": ""arm64"", ""release"": ""23.5.0""}, ""python"": {""implementation"": ""CPython"", ""version"": ""3.12.2"", ""version_info"": ""3.12.2""}, ""git"": {""commit_hash"": ""443b599dca6666ab5976e2cf184c9398d48cda2b""}, ""timezone"": {""timezone_name"": ""UTC"", ""utc_offset_hours"": 0.0}, ""timestamp"": 1752416768.0}",443b599dca6666ab5976e2cf184c9398d48cda2b,2025-07-18T13:07:09,1.6612441539764404,ERROR,,,,,,,"{""error_message"": ""Solver 'CVXOPT' failed. Try another solver, or solve with verbose=True for more information."", ""problem_class"": ""SDP""}"
1189,cvxpy_ecos,cvxpy-1.6.5-ECOS-2.0.14,SDPLIB,qap8,SDP,"{""cpu"": {""cpu_count"": 8, ""cpu_count_physical"": 8, ""processor"": ""arm"", ""architecture"": ""64bit""}, ""memory"": {""total_gb"": 24.0}, ""os"": {""system"": ""Darwin"", ""machine"": ""arm64"", ""release"": ""23.5.0""}, ""python"": {""implementation"": ""CPython"", ""version"": ""3.12.2"", ""version_info"": ""3.12.2""}, ""git"": {""commit_hash"": ""443b599dca6666ab5976e2cf184c9398d48cda2b""}, ""timezone"": {""timezone_name"": ""UTC"", ""utc_offset_hours"": 0.0}, ""timestamp"": 1752416768.0}",443b599dca6666ab5976e2cf184c9398d48cda2b,2025-07-18T13:07:55,,UNSUPPORTED,,,,,,,"{""reason"": ""Solver does not support SDP problems"", ""problem_type"": ""SDP"", ""problem_class"": ""SDP""}"
1190,cvxpy_highs,cvxpy-1.6.5-HIGHS-1.11.0,SDPLIB,qap8,SDP,"{""cpu"": {""cpu_count"": 8, ""cpu_count_physical"": 8, ""processor"": ""arm"", ""architecture"": ""64bit""}, ""memory"": {""total_gb"": 24.0}, ""os"": {""system"": ""Darwin"", ""machine"": ""arm64"", ""release"": ""23.5.0""}, ""python"": {""implementation"": ""CPython"", ""version"": ""3.12.2"", ""version_info"": ""3.12.2""}, ""git"": {""commit_hash"": ""443b599dca6666ab5976e2cf184c9398d48cda2b""}, ""timezone"": {""timezone_name"": ""UTC"", ""utc_offset_hours"": 0.0}, ""timestamp"": 1752416768.0}",443b599dca6666ab5976e2cf184c9398d48cda2b,2025-07-18T13:07:55,,UNSUPPORTED,,,,,,,"{""reason"": ""Solver does not support SDP problems"", ""problem_type"": ""SDP"", ""problem_class"": ""SDP""}"
1191,cvxpy_osqp,cvxpy-1.6.5-OSQP-1.0.4,SDPLIB,qap8,SDP,"{""cpu"": {""cpu_count"": 8, ""cpu_count_physical"": 8, ""processor"": ""arm"", ""architecture"": ""64bit""}, ""memory"": {""total_gb"": 24.0}, ""os"": {""system"": ""Darwin"", ""machine"": ""arm64"", ""release"": ""23.5.0""}, ""python"": {""implementation"": ""CPython"", ""version"": ""3.12.2"", ""version_info"": ""3.12.2""}, ""git"": {""commit_hash"": ""443b599dca6666ab5976e2cf184c9398d48cda2b""}, ""timezone"": {""timezone_name"": ""UTC"", ""utc_offset_hours"": 0.0}, ""timestamp"": 1752416768.0}",443b599dca6666ab5976e2cf184c9398d48cda2b,2025-07-18T13:07:55,,UNSUPPORTED,,,,,,,"{""reason"": ""Solver does not support SDP problems"", ""problem_type"": ""SDP"", ""problem_class"": ""SDP""}"
1192,cvxpy_scip,cvxpy-1.6.5-SCIP-5.5.0,SDPLIB,qap8,SDP,"{""cpu"": {""cpu_count"": 8, ""cpu_count_physical"": 8, ""processor"": ""arm"", ""architecture"": ""64bit""}, ""memory"": {""total_gb"": 24.0}, ""os"": {""system"": ""Darwin"", ""machine"": ""arm64"", ""release"": ""23.5.0""}, ""python"": {""implementation"": ""CPython"", ""version"": ""3.12.2"", ""version_info"": ""3.12.2""}, ""git"": {""commit_hash"": ""443b599dca6666ab5976e2cf184c9398d48cda2b""}, ""timezone"": {""timezone_name"": ""UTC"", ""utc_offset_hours"": 0.0}, ""timestamp"": 1752416768.0}",443b599dca6666ab5976e2cf184c9398d48cda2b,2025-07-18T13:07:55,,UNSUPPORTED,,,,,,,"{""reason"": ""Solver does not support SDP problems"", ""problem_type"": ""SDP"", ""problem_class"": ""SDP""}"
1187,cvxpy_scs,cvxpy-1.6.5-SCS-3.2.7.post2,SDPLIB,qap8,SDP,"{""cpu"": {""cpu_count"": 8, ""cpu_count_physical"": 8, ""processor"": ""arm"", ""architecture"": ""64bit""}, ""memory"": {""total_gb"": 24.0}, ""os"": {""system"": ""Darwin"", ""machine"": ""arm64"", ""release"": ""23.5.0""}, ""python"": {""implementation"": ""CPython"", ""version"": ""3.12.2"", ""version_info"": ""3.12.2""}, ""git"": {""commit_hash"": ""443b599dca6666ab5976e2cf184c9398d48cda2b""}, ""timezone"": {""timezone_name"": ""UTC"", ""utc_offset_hours"": 0.0}, ""timestamp"": 1752416768.0}",443b599dca6666ab5976e2cf184c9398d48cda2b,2025-07-18T13:07:46,36.509506940841675,OPTIMAL (INACCURATE),756.5711755506155,756.7533977873954,-0.18222223677992133,1.7661078048246205e-06,0.0,100000,"{""solver_solve_time"": 36.495549333, ""problem_class"": ""SDP""}"
1188,cvxpy_sdpa,cvxpy-1.6.5-SDPA-0.2.2,SDPLIB,qap8,SDP,"{""cpu"": {""cpu_count"": 8, ""cpu_count_physical"": 8, ""processor"": ""arm"", ""architecture"": ""64bit""}, ""memory"": {""total_gb"": 24.0}, ""os"": {""system"": ""Darwin"", ""machine"": ""arm64"", ""release"": ""23.5.0""}, ""python"": {""implementation"": ""CPython"", ""version"": ""3.12.2"", ""version_info"": ""3.12.2""}, ""git"": {""commit_hash"": ""443b599dca6666ab5976e2cf184c9398d48cda2b""}, ""timezone"": {""timezone_name"": ""UTC"", ""utc_offset_hours"": 0.0}, ""timestamp"": 1752416768.0}",443b599dca6666ab5976e2cf184c9398d48cda2b,2025-07-18T13:07:46,0.23933076858520508,OPTIMAL (INACCURATE),757.0347850401854,756.9408334188629,0.09395162132250334,1.6356761098055173e-08,0.0,,"{""iteration_info_limitation"": ""SDPA does not provide iteration count through CVXPY"", ""solver_solve_time"": null, ""problem_class"": ""SDP""}"
1608,matlab_sdpt3,SDPT3-4.0-20240410 (MATLAB 24.1.0.2537033 (R2024a)),SDPLIB,qap8,SDP,"{""cpu"": {""cpu_count"": 8, ""cpu_count_physical"": 8, ""processor"": ""arm"", ""architecture"": ""64bit""}, ""memory"": {""total_gb"": 24.0}, ""os"": {""system"": ""Darwin"", ""machine"": ""arm64"", ""release"": ""23.5.0""}, ""python"": {""implementation"": ""CPython"", ""version"": ""3.12.2"", ""version_info"": ""3.12.2""}, ""git"": {""commit_hash"": ""96ca043787ef8c38515cfa8d108d16b61b823e04""}, ""timezone"": {""timezone_name"": ""UTC"", ""utc_offset_hours"": 0.0}, ""timestamp"": 1752926592.0}",96ca043787ef8c38515cfa8d108d16b61b823e04,2025-07-19T14:01:14,0.5659632083333334,OPTIMAL,756.8395594287458,756.8977747654171,0.05821533667131007,6.256731733516596e-07,0.0,15,"{""matlab_output"": {""solver_name"": ""SDPT3"", ""status"": ""optimal"", ""solve_time"": 0.5659632083333334, ""setup_time"": [], ""iterations"": 15, ""primal_objective_value"": 756.8395594287458, ""dual_objective_value"": 756.8977747654171, ""duality_gap"": 0.05821533667131007, ""primal_infeasibility"": 6.256731733516596e-07, ""dual_infeasibility"": 0, ""solver_version"": ""SDPT3-4.0-20240410"", ""solver_options"": {}, ""termination_reason"": """", ""error_message"": """", ""timestamp"": ""2025-07-19 23:01:11"", ""matlab_version"": ""24.1.0.2537033 (R2024a)""}, ""matlab_version"": ""24.1.0.2537033 (R2024a)"", ""solver_backend"": ""sdpt3"", ""execution_environment"": ""matlab"", ""problem_class"": ""SDP""}"
1493,matlab_sedumi,SeDuMi-1.3.7 (MATLAB 24.1.0.2537033 (R2024a)),SDPLIB,qap8,SDP,"{""cpu"": {""cpu_count"": 8, ""cpu_count_physical"": 8, ""processor"": ""arm"", ""architecture"": ""64bit""}, ""memory"": {""total_gb"": 24.0}, ""os"": {""system"": ""Darwin"", ""machine"": ""arm64"", ""release"": ""23.5.0""}, ""python"": {""implementation"": ""CPython"", ""version"": ""3.12.2"", ""version_info"": ""3.12.2""}, ""git"": {""commit_hash"": ""96ca043787ef8c38515cfa8d108d16b61b823e04""}, ""timezone"": {""timezone_name"": ""UTC"", ""utc_offset_hours"": 0.0}, ""timestamp"": 1752926592.0}",96ca043787ef8c38515cfa8d108d16b61b823e04,2025-07-19T12:40:36,0.8749054583333333,NUM_ERROR,756.9340877297344,756.934375193232,0.0002874634975569279,3.486442395574242e-08,0.0,27,"{""matlab_output"": {""solver_name"": ""SeDuMi"", ""status"": ""num_error"", ""solve_time"": 0.8749054583333333, ""setup_time"": [], ""iterations"": 27, ""primal_objective_value"": 756.9340877297344, ""dual_objective_value"": 756.934375193232, ""duality_gap"": 0.0002874634975569279, ""primal_infeasibility"": 3.486442395574242e-08, ""dual_infeasibility"": 0, ""solver_version"": ""SeDuMi-1.3.7"", ""solver_options"": {}, ""termination_reason"": """", ""error_message"": """", ""timestamp"": ""2025-07-19 21:40:33"", ""matlab_version"": ""24.1.0.2537033 (R2024a)""}, ""matlab_version"": ""24.1.0.2537033 (R2024a)"", ""solver_backend"": ""sedumi"", ""execution_environment"": ""matlab"", ""problem_class"": ""SDP""}"
1193,scipy_linprog,scipy-1.15.3,SDPLIB,qap8,SDP,"{""cpu"": {""cpu_count"": 8, ""cpu_count_physical"": 8, ""processor"": ""arm"", ""architecture"": ""64bit""}, ""memory"": {""total_gb"": 24.0}, ""os"": {""system"": ""Darwin"", ""machine"": ""arm64"", ""release"": ""23.5.0""}, ""python"": {""implementation"": ""CPython"", ""version"": ""3.12.2"", ""version_info"": ""3.12.2""}, ""git"": {""commit_hash"": ""443b599dca6666ab5976e2cf184c9398d48cda2b""}, ""timezone"": {""timezone_name"": ""UTC"", ""utc_offset_hours"": 0.0}, ""timestamp"": 1752416768.0}",443b599dca6666ab5976e2cf184c9398d48cda2b,2025-07-18T13:07:55,,UNSUPPORTED,,,,,,,"{""reason"": ""Solver does not support SDP problems"", ""problem_type"": ""SDP"", ""problem_class"": ""SDP""}"
1196,cvxpy_clarabel,cvxpy-1.6.5-CLARABEL-0.11.0,SDPLIB,qap9,SDP,"{""cpu"": {""cpu_count"": 8, ""cpu_count_physical"": 8, ""processor"": ""arm"", ""architecture"": ""64bit""}, ""memory"": {""total_gb"": 24.0}, ""os"": {""system"": ""Darwin"", ""machine"": ""arm64"", ""release"": ""23.5.0""}, ""python"": {""implementation"": ""CPython"", ""version"": ""3.12.2"", ""version_info"": ""3.12.2""}, ""git"": {""commit_hash"": ""443b599dca6666ab5976e2cf184c9398d48cda2b""}, ""timezone"": {""timezone_name"": ""UTC"", ""utc_offset_hours"": 0.0}, ""timestamp"": 1752416768.0}",443b599dca6666ab5976e2cf184c9398d48cda2b,2025-07-18T13:08:56,9.71919322013855,OPTIMAL (INACCURATE),1409.9415896092542,1409.941617901437,-2.8292182832956314e-05,7.656624897637267e-08,8.594780663566562e-10,24,"{""solver_solve_time"": 9.690633708, ""problem_class"": ""SDP""}"
1197,cvxpy_cvxopt,unknown,SDPLIB,qap9,SDP,"{""cpu"": {""cpu_count"": 8, ""cpu_count_physical"": 8, ""processor"": ""arm"", ""architecture"": ""64bit""}, ""memory"": {""total_gb"": 24.0}, ""os"": {""system"": ""Darwin"", ""machine"": ""arm64"", ""release"": ""23.5.0""}, ""python"": {""implementation"": ""CPython"", ""version"": ""3.12.2"", ""version_info"": ""3.12.2""}, ""git"": {""commit_hash"": ""443b599dca6666ab5976e2cf184c9398d48cda2b""}, ""timezone"": {""timezone_name"": ""UTC"", ""utc_offset_hours"": 0.0}, ""timestamp"": 1752416768.0}",443b599dca6666ab5976e2cf184c9398d48cda2b,2025-07-18T13:08:59,2.7372238636016846,ERROR,,,,,,,"{""error_message"": ""Solver 'CVXOPT' failed. Try another solver, or solve with verbose=True for more information."", ""problem_class"": ""SDP""}"
1200,cvxpy_ecos,cvxpy-1.6.5-ECOS-2.0.14,SDPLIB,qap9,SDP,"{""cpu"": {""cpu_count"": 8, ""cpu_count_physical"": 8, ""processor"": ""arm"", ""architecture"": ""64bit""}, ""memory"": {""total_gb"": 24.0}, ""os"": {""system"": ""Darwin"", ""machine"": ""arm64"", ""release"": ""23.5.0""}, ""python"": {""implementation"": ""CPython"", ""version"": ""3.12.2"", ""version_info"": ""3.12.2""}, ""git"": {""commit_hash"": ""443b599dca6666ab5976e2cf184c9398d48cda2b""}, ""timezone"": {""timezone_name"": ""UTC"", ""utc_offset_hours"": 0.0}, ""timestamp"": 1752416768.0}",443b599dca6666ab5976e2cf184c9398d48cda2b,2025-07-18T13:09:54,,UNSUPPORTED,,,,,,,"{""reason"": ""Solver does not support SDP problems"", ""problem_type"": ""SDP"", ""problem_class"": ""SDP""}"
1201,cvxpy_highs,cvxpy-1.6.5-HIGHS-1.11.0,SDPLIB,qap9,SDP,"{""cpu"": {""cpu_count"": 8, ""cpu_count_physical"": 8, ""processor"": ""arm"", ""architecture"": ""64bit""}, ""memory"": {""total_gb"": 24.0}, ""os"": {""system"": ""Darwin"", ""machine"": ""arm64"", ""release"": ""23.5.0""}, ""python"": {""implementation"": ""CPython"", ""version"": ""3.12.2"", ""version_info"": ""3.12.2""}, ""git"": {""commit_hash"": ""443b599dca6666ab5976e2cf184c9398d48cda2b""}, ""timezone"": {""timezone_name"": ""UTC"", ""utc_offset_hours"": 0.0}, ""timestamp"": 1752416768.0}",443b599dca6666ab5976e2cf184c9398d48cda2b,2025-07-18T13:09:54,,UNSUPPORTED,,,,,,,"{""reason"": ""Solver does not support SDP problems"", ""problem_type"": ""SDP"", ""problem_class"": ""SDP""}"
1202,cvxpy_osqp,cvxpy-1.6.5-OSQP-1.0.4,SDPLIB,qap9,SDP,"{""cpu"": {""cpu_count"": 8, ""cpu_count_physical"": 8, ""processor"": ""arm"", ""architecture"": ""64bit""}, ""memory"": {""total_gb"": 24.0}, ""os"": {""system"": ""Darwin"", ""machine"": ""arm64"", ""release"": ""23.5.0""}, ""python"": {""implementation"": ""CPython"", ""version"": ""3.12.2"", ""version_info"": ""3.12.2""}, ""git"": {""commit_hash"": ""443b599dca6666ab5976e2cf184c9398d48cda2b""}, ""timezone"": {""timezone_name"": ""UTC"", ""utc_offset_hours"": 0.0}, ""timestamp"": 1752416768.0}",443b599dca6666ab5976e2cf184c9398d48cda2b,2025-07-18T13:09:54,,UNSUPPORTED,,,,,,,"{""reason"": ""Solver does not support SDP problems"", ""problem_type"": ""SDP"", ""problem_class"": ""SDP""}"
1203,cvxpy_scip,cvxpy-1.6.5-SCIP-5.5.0,SDPLIB,qap9,SDP,"{""cpu"": {""cpu_count"": 8, ""cpu_count_physical"": 8, ""processor"": ""arm"", ""architecture"": ""64bit""}, ""memory"": {""total_gb"": 24.0}, ""os"": {""system"": ""Darwin"", ""machine"": ""arm64"", ""release"": ""23.5.0""}, ""python"": {""implementation"": ""CPython"", ""version"": ""3.12.2"", ""version_info"": ""3.12.2""}, ""git"": {""commit_hash"": ""443b599dca6666ab5976e2cf184c9398d48cda2b""}, ""timezone"": {""timezone_name"": ""UTC"", ""utc_offset_hours"": 0.0}, ""timestamp"": 1752416768.0}",443b599dca6666ab5976e2cf184c9398d48cda2b,2025-07-18T13:09:55,,UNSUPPORTED,,,,,,,"{""reason"": ""Solver does not support SDP problems"", ""problem_type"": ""SDP"", ""problem_class"": ""SDP""}"
1198,cvxpy_scs,cvxpy-1.6.5-SCS-3.2.7.post2,SDPLIB,qap9,SDP,"{""cpu"": {""cpu_count"": 8, ""cpu_count_physical"": 8, ""processor"": ""arm"", ""architecture"": ""64bit""}, ""memory"": {""total_gb"": 24.0}, ""os"": {""system"": ""Darwin"", ""machine"": ""arm64"", ""release"": ""23.5.0""}, ""python"": {""implementation"": ""CPython"", ""version"": ""3.12.2"", ""version_info"": ""3.12.2""}, ""git"": {""commit_hash"": ""443b599dca6666ab5976e2cf184c9398d48cda2b""}, ""timezone"": {""timezone_name"": ""UTC"", ""utc_offset_hours"": 0.0}, ""timestamp"": 1752416768.0}",443b599dca6666ab5976e2cf184c9398d48cda2b,2025-07-18T13:09:44,44.790440797805786,OPTIMAL,1409.9180851457008,1409.9311892082915,-0.013104062590628018,2.0332473972900747e-05,1.2215291832739586e-08,74700,"{""solver_solve_time"": 44.763336166, ""problem_class"": ""SDP""}"
1199,cvxpy_sdpa,cvxpy-1.6.5-SDPA-0.2.2,SDPLIB,qap9,SDP,"{""cpu"": {""cpu_count"": 8, ""cpu_count_physical"": 8, ""processor"": ""arm"", ""architecture"": ""64bit""}, ""memory"": {""total_gb"": 24.0}, ""os"": {""system"": ""Darwin"", ""machine"": ""arm64"", ""release"": ""23.5.0""}, ""python"": {""implementation"": ""CPython"", ""version"": ""3.12.2"", ""version_info"": ""3.12.2""}, ""git"": {""commit_hash"": ""443b599dca6666ab5976e2cf184c9398d48cda2b""}, ""timezone"": {""timezone_name"": ""UTC"", ""utc_offset_hours"": 0.0}, ""timestamp"": 1752416768.0}",443b599dca6666ab5976e2cf184c9398d48cda2b,2025-07-18T13:09:45,0.36574411392211914,OPTIMAL (INACCURATE),1410.25627924329,1409.8952495753765,0.361029667913499,4.0892029004511786e-08,0.0,,"{""iteration_info_limitation"": ""SDPA does not provide iteration count through CVXPY"", ""solver_solve_time"": null, ""problem_class"": ""SDP""}"
1609,matlab_sdpt3,SDPT3-4.0-20240410 (MATLAB 24.1.0.2537033 (R2024a)),SDPLIB,qap9,SDP,"{""cpu"": {""cpu_count"": 8, ""cpu_count_physical"": 8, ""processor"": ""arm"", ""architecture"": ""64bit""}, ""memory"": {""total_gb"": 24.0}, ""os"": {""system"": ""Darwin"", ""machine"": ""arm64"", ""release"": ""23.5.0""}, ""python"": {""implementation"": ""CPython"", ""version"": ""3.12.2"", ""version_info"": ""3.12.2""}, ""git"": {""commit_hash"": ""96ca043787ef8c38515cfa8d108d16b61b823e04""}, ""timezone"": {""timezone_name"": ""UTC"", ""utc_offset_hours"": 0.0}, ""timestamp"": 1752926592.0}",96ca043787ef8c38515cfa8d108d16b61b823e04,2025-07-19T14:01:19,0.8991597916666667,OPTIMAL,1409.9186636560362,1409.9299342574086,0.011270601372416422,5.8123518858196593e-08,0.0,17,"{""matlab_output"": {""solver_name"": ""SDPT3"", ""status"": ""optimal"", ""solve_time"": 0.8991597916666667, ""setup_time"": [], ""iterations"": 17, ""primal_objective_value"": 1409.9186636560362, ""dual_objective_value"": 1409.9299342574086, ""duality_gap"": 0.011270601372416422, ""primal_infeasibility"": 5.8123518858196593e-08, ""dual_infeasibility"": 0, ""solver_version"": ""SDPT3-4.0-20240410"", ""solver_options"": {}, ""termination_reason"": """", ""error_message"": """", ""timestamp"": ""2025-07-19 23:01:17"", ""matlab_version"": ""24.1.0.2537033 (R2024a)""}, ""matlab_version"": ""24.1.0.2537033 (R2024a)"", ""solver_backend"": ""sdpt3"", ""execution_environment"": ""matlab"", ""problem_class"": ""SDP""}"
1494,matlab_sedumi,SeDuMi-1.3.7 (MATLAB 24.1.0.2537033 (R2024a)),SDPLIB,qap9,SDP,"{""cpu"": {""cpu_count"": 8, ""cpu_count_physical"": 8, ""processor"": ""arm"", ""architecture"": ""64bit""}, ""memory"": {""total_gb"": 24.0}, ""os"": {""system"": ""Darwin"", ""machine"": ""arm64"", ""release"": ""23.5.0""}, ""python"": {""implementation"": ""CPython"", ""version"": ""3.12.2"", ""version_info"": ""3.12.2""}, ""git"": {""commit_hash"": ""96ca043787ef8c38515cfa8d108d16b61b823e04""}, ""timezone"": {""timezone_name"": ""UTC"", ""utc_offset_hours"": 0.0}, ""timestamp"": 1752926592.0}",96ca043787ef8c38515cfa8d108d16b61b823e04,2025-07-19T12:40:42,1.283624125,NUM_ERROR,1409.918321784674,1409.918571432121,0.00024964744716271525,9.550174489527122e-08,0.0,25,"{""matlab_output"": {""solver_name"": ""SeDuMi"", ""status"": ""num_error"", ""solve_time"": 1.283624125, ""setup_time"": [], ""iterations"": 25, ""primal_objective_value"": 1409.918321784674, ""dual_objective_value"": 1409.918571432121, ""duality_gap"": 0.00024964744716271525, ""primal_infeasibility"": 9.550174489527122e-08, ""dual_infeasibility"": 0, ""solver_version"": ""SeDuMi-1.3.7"", ""solver_options"": {}, ""termination_reason"": """", ""error_message"": """", ""timestamp"": ""2025-07-19 21:40:40"", ""matlab_version"": ""24.1.0.2537033 (R2024a)""}, ""matlab_version"": ""24.1.0.2537033 (R2024a)"", ""solver_backend"": ""sedumi"", ""execution_environment"": ""matlab"", ""problem_class"": ""SDP""}"
1204,scipy_linprog,scipy-1.15.3,SDPLIB,qap9,SDP,"{""cpu"": {""cpu_count"": 8, ""cpu_count_physical"": 8, ""processor"": ""arm"", ""architecture"": ""64bit""}, ""memory"": {""total_gb"": 24.0}, ""os"": {""system"": ""Darwin"", ""machine"": ""arm64"", ""release"": ""23.5.0""}, ""python"": {""implementation"": ""CPython"", ""version"": ""3.12.2"", ""version_info"": ""3.12.2""}, ""git"": {""commit_hash"": ""443b599dca6666ab5976e2cf184c9398d48cda2b""}, ""timezone"": {""timezone_name"": ""UTC"", ""utc_offset_hours"": 0.0}, ""timestamp"": 1752416768.0}",443b599dca6666ab5976e2cf184c9398d48cda2b,2025-07-18T13:09:55,,UNSUPPORTED,,,,,,,"{""reason"": ""Solver does not support SDP problems"", ""problem_type"": ""SDP"", ""problem_class"": ""SDP""}"
1216,cvxpy_clarabel,cvxpy-1.6.5-CLARABEL-0.11.0,SDPLIB,qpG11,SDP,"{""cpu"": {""cpu_count"": 8, ""cpu_count_physical"": 8, ""processor"": ""arm"", ""architecture"": ""64bit""}, ""memory"": {""total_gb"": 24.0}, ""os"": {""system"": ""Darwin"", ""machine"": ""arm64"", ""release"": ""23.5.0""}, ""python"": {""implementation"": ""CPython"", ""version"": ""3.12.2"", ""version_info"": ""3.12.2""}, ""git"": {""commit_hash"": ""443b599dca6666ab5976e2cf184c9398d48cda2b""}, ""timezone"": {""timezone_name"": ""UTC"", ""utc_offset_hours"": 0.0}, ""timestamp"": 1752416768.0}",443b599dca6666ab5976e2cf184c9398d48cda2b,2025-07-18T13:49:36,20.110408067703247,OPTIMAL,-2448.659092952946,-2448.6590929340227,-1.892340151243843e-08,1.7496194581406766e-08,3.538743119610824e-11,15,"{""solver_solve_time"": 3.195941749, ""problem_class"": ""SDP""}"
1218,cvxpy_ecos,cvxpy-1.6.5-ECOS-2.0.14,SDPLIB,qpG11,SDP,"{""cpu"": {""cpu_count"": 8, ""cpu_count_physical"": 8, ""processor"": ""arm"", ""architecture"": ""64bit""}, ""memory"": {""total_gb"": 24.0}, ""os"": {""system"": ""Darwin"", ""machine"": ""arm64"", ""release"": ""23.5.0""}, ""python"": {""implementation"": ""CPython"", ""version"": ""3.12.2"", ""version_info"": ""3.12.2""}, ""git"": {""commit_hash"": ""443b599dca6666ab5976e2cf184c9398d48cda2b""}, ""timezone"": {""timezone_name"": ""UTC"", ""utc_offset_hours"": 0.0}, ""timestamp"": 1752416768.0}",443b599dca6666ab5976e2cf184c9398d48cda2b,2025-07-18T13:54:31,,UNSUPPORTED,,,,,,,"{""reason"": ""Solver does not support SDP problems"", ""problem_type"": ""SDP"", ""problem_class"": ""SDP""}"
1219,cvxpy_highs,cvxpy-1.6.5-HIGHS-1.11.0,SDPLIB,qpG11,SDP,"{""cpu"": {""cpu_count"": 8, ""cpu_count_physical"": 8, ""processor"": ""arm"", ""architecture"": ""64bit""}, ""memory"": {""total_gb"": 24.0}, ""os"": {""system"": ""Darwin"", ""machine"": ""arm64"", ""release"": ""23.5.0""}, ""python"": {""implementation"": ""CPython"", ""version"": ""3.12.2"", ""version_info"": ""3.12.2""}, ""git"": {""commit_hash"": ""443b599dca6666ab5976e2cf184c9398d48cda2b""}, ""timezone"": {""timezone_name"": ""UTC"", ""utc_offset_hours"": 0.0}, ""timestamp"": 1752416768.0}",443b599dca6666ab5976e2cf184c9398d48cda2b,2025-07-18T13:54:31,,UNSUPPORTED,,,,,,,"{""reason"": ""Solver does not support SDP problems"", ""problem_type"": ""SDP"", ""problem_class"": ""SDP""}"
1220,cvxpy_osqp,cvxpy-1.6.5-OSQP-1.0.4,SDPLIB,qpG11,SDP,"{""cpu"": {""cpu_count"": 8, ""cpu_count_physical"": 8, ""processor"": ""arm"", ""architecture"": ""64bit""}, ""memory"": {""total_gb"": 24.0}, ""os"": {""system"": ""Darwin"", ""machine"": ""arm64"", ""release"": ""23.5.0""}, ""python"": {""implementation"": ""CPython"", ""version"": ""3.12.2"", ""version_info"": ""3.12.2""}, ""git"": {""commit_hash"": ""443b599dca6666ab5976e2cf184c9398d48cda2b""}, ""timezone"": {""timezone_name"": ""UTC"", ""utc_offset_hours"": 0.0}, ""timestamp"": 1752416768.0}",443b599dca6666ab5976e2cf184c9398d48cda2b,2025-07-18T13:54:32,,UNSUPPORTED,,,,,,,"{""reason"": ""Solver does not support SDP problems"", ""problem_type"": ""SDP"", ""problem_class"": ""SDP""}"
1221,cvxpy_scip,cvxpy-1.6.5-SCIP-5.5.0,SDPLIB,qpG11,SDP,"{""cpu"": {""cpu_count"": 8, ""cpu_count_physical"": 8, ""processor"": ""arm"", ""architecture"": ""64bit""}, ""memory"": {""total_gb"": 24.0}, ""os"": {""system"": ""Darwin"", ""machine"": ""arm64"", ""release"": ""23.5.0""}, ""python"": {""implementation"": ""CPython"", ""version"": ""3.12.2"", ""version_info"": ""3.12.2""}, ""git"": {""commit_hash"": ""443b599dca6666ab5976e2cf184c9398d48cda2b""}, ""timezone"": {""timezone_name"": ""UTC"", ""utc_offset_hours"": 0.0}, ""timestamp"": 1752416768.0}",443b599dca6666ab5976e2cf184c9398d48cda2b,2025-07-18T13:54:32,,UNSUPPORTED,,,,,,,"{""reason"": ""Solver does not support SDP problems"", ""problem_type"": ""SDP"", ""problem_class"": ""SDP""}"
1217,cvxpy_sdpa,cvxpy-1.6.5-SDPA-0.2.2,SDPLIB,qpG11,SDP,"{""cpu"": {""cpu_count"": 8, ""cpu_count_physical"": 8, ""processor"": ""arm"", ""architecture"": ""64bit""}, ""memory"": {""total_gb"": 24.0}, ""os"": {""system"": ""Darwin"", ""machine"": ""arm64"", ""release"": ""23.5.0""}, ""python"": {""implementation"": ""CPython"", ""version"": ""3.12.2"", ""version_info"": ""3.12.2""}, ""git"": {""commit_hash"": ""443b599dca6666ab5976e2cf184c9398d48cda2b""}, ""timezone"": {""timezone_name"": ""UTC"", ""utc_offset_hours"": 0.0}, ""timestamp"": 1752416768.0}",443b599dca6666ab5976e2cf184c9398d48cda2b,2025-07-18T13:54:23,29.925652980804443,OPTIMAL,-2448.6590489835125,-2448.6591322561353,8.327262275997782e-05,2.3298734319033554e-14,0.0,,"{""iteration_info_limitation"": ""SDPA does not provide iteration count through CVXPY"", ""solver_solve_time"": null, ""problem_class"": ""SDP""}"
1712,matlab_sdpt3,SDPT3-4.0-20240410 (MATLAB 24.1.0.2537033 (R2024a)),SDPLIB,qpG11,SDP,"{""cpu"": {""cpu_count"": 8, ""cpu_count_physical"": 8, ""processor"": ""arm"", ""architecture"": ""64bit""}, ""memory"": {""total_gb"": 24.0}, ""os"": {""system"": ""Darwin"", ""machine"": ""arm64"", ""release"": ""23.5.0""}, ""python"": {""implementation"": ""CPython"", ""version"": ""3.12.2"", ""version_info"": ""3.12.2""}, ""git"": {""commit_hash"": ""96ca043787ef8c38515cfa8d108d16b61b823e04""}, ""timezone"": {""timezone_name"": ""UTC"", ""utc_offset_hours"": 0.0}, ""timestamp"": 1752926592.0}",96ca043787ef8c38515cfa8d108d16b61b823e04,2025-07-19T14:45:28,3.4544910833333335,OPTIMAL,-2448.659090183629,-2448.65913216471,4.198108126729494e-05,3.2288322455640034e-12,0.0,15,"{""matlab_output"": {""solver_name"": ""SDPT3"", ""status"": ""optimal"", ""solve_time"": 3.4544910833333335, ""setup_time"": [], ""iterations"": 15, ""primal_objective_value"": -2448.659090183629, ""dual_objective_value"": -2448.65913216471, ""duality_gap"": 4.198108126729494e-05, ""primal_infeasibility"": 3.2288322455640034e-12, ""dual_infeasibility"": 0, ""solver_version"": ""SDPT3-4.0-20240410"", ""solver_options"": {}, ""termination_reason"": """", ""error_message"": """", ""timestamp"": ""2025-07-19 23:45:24"", ""matlab_version"": ""24.1.0.2537033 (R2024a)""}, ""matlab_version"": ""24.1.0.2537033 (R2024a)"", ""solver_backend"": ""sdpt3"", ""execution_environment"": ""matlab"", ""problem_class"": ""SDP""}"
1578,matlab_sedumi,SeDuMi-1.3.7 (MATLAB 24.1.0.2537033 (R2024a)),SDPLIB,qpG11,SDP,"{""cpu"": {""cpu_count"": 8, ""cpu_count_physical"": 8, ""processor"": ""arm"", ""architecture"": ""64bit""}, ""memory"": {""total_gb"": 24.0}, ""os"": {""system"": ""Darwin"", ""machine"": ""arm64"", ""release"": ""23.5.0""}, ""python"": {""implementation"": ""CPython"", ""version"": ""3.12.2"", ""version_info"": ""3.12.2""}, ""git"": {""commit_hash"": ""96ca043787ef8c38515cfa8d108d16b61b823e04""}, ""timezone"": {""timezone_name"": ""UTC"", ""utc_offset_hours"": 0.0}, ""timestamp"": 1752926592.0}",96ca043787ef8c38515cfa8d108d16b61b823e04,2025-07-19T13:30:50,142.55485320833333,OPTIMAL,-2448.659124217068,-2448.659124204988,1.2079908628948033e-08,4.663936345007886e-09,7.389642148204685e-12,17,"{""matlab_output"": {""solver_name"": ""SeDuMi"", ""status"": ""optimal"", ""solve_time"": 142.55485320833333, ""setup_time"": [], ""iterations"": 17, ""primal_objective_value"": -2448.659124217068, ""dual_objective_value"": -2448.659124204988, ""duality_gap"": 1.2079908628948033e-08, ""primal_infeasibility"": 4.663936345007886e-09, ""dual_infeasibility"": 7.389642148204685e-12, ""solver_version"": ""SeDuMi-1.3.7"", ""solver_options"": {}, ""termination_reason"": """", ""error_message"": """", ""timestamp"": ""2025-07-19 22:30:47"", ""matlab_version"": ""24.1.0.2537033 (R2024a)""}, ""matlab_version"": ""24.1.0.2537033 (R2024a)"", ""solver_backend"": ""sedumi"", ""execution_environment"": ""matlab"", ""problem_class"": ""SDP""}"
1222,scipy_linprog,scipy-1.15.3,SDPLIB,qpG11,SDP,"{""cpu"": {""cpu_count"": 8, ""cpu_count_physical"": 8, ""processor"": ""arm"", ""architecture"": ""64bit""}, ""memory"": {""total_gb"": 24.0}, ""os"": {""system"": ""Darwin"", ""machine"": ""arm64"", ""release"": ""23.5.0""}, ""python"": {""implementation"": ""CPython"", ""version"": ""3.12.2"", ""version_info"": ""3.12.2""}, ""git"": {""commit_hash"": ""443b599dca6666ab5976e2cf184c9398d48cda2b""}, ""timezone"": {""timezone_name"": ""UTC"", ""utc_offset_hours"": 0.0}, ""timestamp"": 1752416768.0}",443b599dca6666ab5976e2cf184c9398d48cda2b,2025-07-18T13:54:32,,UNSUPPORTED,,,,,,,"{""reason"": ""Solver does not support SDP problems"", ""problem_type"": ""SDP"", ""problem_class"": ""SDP""}"
1224,cvxpy_ecos,cvxpy-1.6.5-ECOS-2.0.14,SDPLIB,qpG51,SDP,"{""cpu"": {""cpu_count"": 8, ""cpu_count_physical"": 8, ""processor"": ""arm"", ""architecture"": ""64bit""}, ""memory"": {""total_gb"": 24.0}, ""os"": {""system"": ""Darwin"", ""machine"": ""arm64"", ""release"": ""23.5.0""}, ""python"": {""implementation"": ""CPython"", ""version"": ""3.12.2"", ""version_info"": ""3.12.2""}, ""git"": {""commit_hash"": ""443b599dca6666ab5976e2cf184c9398d48cda2b""}, ""timezone"": {""timezone_name"": ""UTC"", ""utc_offset_hours"": 0.0}, ""timestamp"": 1752416768.0}",443b599dca6666ab5976e2cf184c9398d48cda2b,2025-07-18T14:03:32,,UNSUPPORTED,,,,,,,"{""reason"": ""Solver does not support SDP problems"", ""problem_type"": ""SDP"", ""problem_class"": ""SDP""}"
1225,cvxpy_highs,cvxpy-1.6.5-HIGHS-1.11.0,SDPLIB,qpG51,SDP,"{""cpu"": {""cpu_count"": 8, ""cpu_count_physical"": 8, ""processor"": ""arm"", ""architecture"": ""64bit""}, ""memory"": {""total_gb"": 24.0}, ""os"": {""system"": ""Darwin"", ""machine"": ""arm64"", ""release"": ""23.5.0""}, ""python"": {""implementation"": ""CPython"", ""version"": ""3.12.2"", ""version_info"": ""3.12.2""}, ""git"": {""commit_hash"": ""443b599dca6666ab5976e2cf184c9398d48cda2b""}, ""timezone"": {""timezone_name"": ""UTC"", ""utc_offset_hours"": 0.0}, ""timestamp"": 1752416768.0}",443b599dca6666ab5976e2cf184c9398d48cda2b,2025-07-18T14:03:32,,UNSUPPORTED,,,,,,,"{""reason"": ""Solver does not support SDP problems"", ""problem_type"": ""SDP"", ""problem_class"": ""SDP""}"
1226,cvxpy_osqp,cvxpy-1.6.5-OSQP-1.0.4,SDPLIB,qpG51,SDP,"{""cpu"": {""cpu_count"": 8, ""cpu_count_physical"": 8, ""processor"": ""arm"", ""architecture"": ""64bit""}, ""memory"": {""total_gb"": 24.0}, ""os"": {""system"": ""Darwin"", ""machine"": ""arm64"", ""release"": ""23.5.0""}, ""python"": {""implementation"": ""CPython"", ""version"": ""3.12.2"", ""version_info"": ""3.12.2""}, ""git"": {""commit_hash"": ""443b599dca6666ab5976e2cf184c9398d48cda2b""}, ""timezone"": {""timezone_name"": ""UTC"", ""utc_offset_hours"": 0.0}, ""timestamp"": 1752416768.0}",443b599dca6666ab5976e2cf184c9398d48cda2b,2025-07-18T14:03:33,,UNSUPPORTED,,,,,,,"{""reason"": ""Solver does not support SDP problems"", ""problem_type"": ""SDP"", ""problem_class"": ""SDP""}"
1227,cvxpy_scip,cvxpy-1.6.5-SCIP-5.5.0,SDPLIB,qpG51,SDP,"{""cpu"": {""cpu_count"": 8, ""cpu_count_physical"": 8, ""processor"": ""arm"", ""architecture"": ""64bit""}, ""memory"": {""total_gb"": 24.0}, ""os"": {""system"": ""Darwin"", ""machine"": ""arm64"", ""release"": ""23.5.0""}, ""python"": {""implementation"": ""CPython"", ""version"": ""3.12.2"", ""version_info"": ""3.12.2""}, ""git"": {""commit_hash"": ""443b599dca6666ab5976e2cf184c9398d48cda2b""}, ""timezone"": {""timezone_name"": ""UTC"", ""utc_offset_hours"": 0.0}, ""timestamp"": 1752416768.0}",443b599dca6666ab5976e2cf184c9398d48cda2b,2025-07-18T14:03:33,,UNSUPPORTED,,,,,,,"{""reason"": ""Solver does not support SDP problems"", ""problem_type"": ""SDP"", ""problem_class"": ""SDP""}"
1713,matlab_sdpt3,SDPT3-4.0-20240410 (MATLAB 24.1.0.2537033 (R2024a)),SDPLIB,qpG51,SDP,"{""cpu"": {""cpu_count"": 8, ""cpu_count_physical"": 8, ""processor"": ""arm"", ""architecture"": ""64bit""}, ""memory"": {""total_gb"": 24.0}, ""os"": {""system"": ""Darwin"", ""machine"": ""arm64"", ""release"": ""23.5.0""}, ""python"": {""implementation"": ""CPython"", ""version"": ""3.12.2"", ""version_info"": ""3.12.2""}, ""git"": {""commit_hash"": ""96ca043787ef8c38515cfa8d108d16b61b823e04""}, ""timezone"": {""timezone_name"": ""UTC"", ""utc_offset_hours"": 0.0}, ""timestamp"": 1752926592.0}",96ca043787ef8c38515cfa8d108d16b61b823e04,2025-07-19T14:46:39,6.199770916666667,OPTIMAL,-11817.999949825342,-11818.000000034852,5.020950993639417e-05,1.691030179875868e-11,0.0,17,"{""matlab_output"": {""solver_name"": ""SDPT3"", ""status"": ""optimal"", ""solve_time"": 6.199770916666667, ""setup_time"": [], ""iterations"": 17, ""primal_objective_value"": -11817.999949825342, ""dual_objective_value"": -11818.000000034852, ""duality_gap"": 5.020950993639417e-05, ""primal_infeasibility"": 1.691030179875868e-11, ""dual_infeasibility"": 0, ""solver_version"": ""SDPT3-4.0-20240410"", ""solver_options"": {}, ""termination_reason"": """", ""error_message"": """", ""timestamp"": ""2025-07-19 23:46:35"", ""matlab_version"": ""24.1.0.2537033 (R2024a)""}, ""matlab_version"": ""24.1.0.2537033 (R2024a)"", ""solver_backend"": ""sdpt3"", ""execution_environment"": ""matlab"", ""problem_class"": ""SDP""}"
1228,scipy_linprog,scipy-1.15.3,SDPLIB,qpG51,SDP,"{""cpu"": {""cpu_count"": 8, ""cpu_count_physical"": 8, ""processor"": ""arm"", ""architecture"": ""64bit""}, ""memory"": {""total_gb"": 24.0}, ""os"": {""system"": ""Darwin"", ""machine"": ""arm64"", ""release"": ""23.5.0""}, ""python"": {""implementation"": ""CPython"", ""version"": ""3.12.2"", ""version_info"": ""3.12.2""}, ""git"": {""commit_hash"": ""443b599dca6666ab5976e2cf184c9398d48cda2b""}, ""timezone"": {""timezone_name"": ""UTC"", ""utc_offset_hours"": 0.0}, ""timestamp"": 1752416768.0}",443b599dca6666ab5976e2cf184c9398d48cda2b,2025-07-18T14:03:33,,UNSUPPORTED,,,,,,,"{""reason"": ""Solver does not support SDP problems"", ""problem_type"": ""SDP"", ""problem_class"": ""SDP""}"
1231,cvxpy_clarabel,cvxpy-1.6.5-CLARABEL-0.11.0,SDPLIB,ss30,SDP,"{""cpu"": {""cpu_count"": 8, ""cpu_count_physical"": 8, ""processor"": ""arm"", ""architecture"": ""64bit""}, ""memory"": {""total_gb"": 24.0}, ""os"": {""system"": ""Darwin"", ""machine"": ""arm64"", ""release"": ""23.5.0""}, ""python"": {""implementation"": ""CPython"", ""version"": ""3.12.2"", ""version_info"": ""3.12.2""}, ""git"": {""commit_hash"": ""443b599dca6666ab5976e2cf184c9398d48cda2b""}, ""timezone"": {""timezone_name"": ""UTC"", ""utc_offset_hours"": 0.0}, ""timestamp"": 1752416768.0}",443b599dca6666ab5976e2cf184c9398d48cda2b,2025-07-18T14:06:06,41.18780493736267,OPTIMAL,-20.239510587223354,-20.239510586816014,-4.0733993955655023e-10,9.912076322563995e-08,0.0,29,"{""solver_solve_time"": 34.756203417, ""problem_class"": ""SDP""}"
1232,cvxpy_cvxopt,cvxpy-1.6.5-CVXOPT-1.3.2,SDPLIB,ss30,SDP,"{""cpu"": {""cpu_count"": 8, ""cpu_count_physical"": 8, ""processor"": ""arm"", ""architecture"": ""64bit""}, ""memory"": {""total_gb"": 24.0}, ""os"": {""system"": ""Darwin"", ""machine"": ""arm64"", ""release"": ""23.5.0""}, ""python"": {""implementation"": ""CPython"", ""version"": ""3.12.2"", ""version_info"": ""3.12.2""}, ""git"": {""commit_hash"": ""443b599dca6666ab5976e2cf184c9398d48cda2b""}, ""timezone"": {""timezone_name"": ""UTC"", ""utc_offset_hours"": 0.0}, ""timestamp"": 1752416768.0}",443b599dca6666ab5976e2cf184c9398d48cda2b,2025-07-18T14:06:28,21.264667987823486,OPTIMAL,-20.239510644969997,-20.239510638137972,-6.8320247237352305e-09,8.94817783016025e-08,5.0557558792995994e-11,,"{""iteration_info_limitation"": ""CVXOPT does not provide iteration count through CVXPY"", ""solver_solve_time"": null, ""problem_class"": ""SDP""}"
1234,cvxpy_ecos,cvxpy-1.6.5-ECOS-2.0.14,SDPLIB,ss30,SDP,"{""cpu"": {""cpu_count"": 8, ""cpu_count_physical"": 8, ""processor"": ""arm"", ""architecture"": ""64bit""}, ""memory"": {""total_gb"": 24.0}, ""os"": {""system"": ""Darwin"", ""machine"": ""arm64"", ""release"": ""23.5.0""}, ""python"": {""implementation"": ""CPython"", ""version"": ""3.12.2"", ""version_info"": ""3.12.2""}, ""git"": {""commit_hash"": ""443b599dca6666ab5976e2cf184c9398d48cda2b""}, ""timezone"": {""timezone_name"": ""UTC"", ""utc_offset_hours"": 0.0}, ""timestamp"": 1752416768.0}",443b599dca6666ab5976e2cf184c9398d48cda2b,2025-07-18T14:10:03,,UNSUPPORTED,,,,,,,"{""reason"": ""Solver does not support SDP problems"", ""problem_type"": ""SDP"", ""problem_class"": ""SDP""}"
1235,cvxpy_highs,cvxpy-1.6.5-HIGHS-1.11.0,SDPLIB,ss30,SDP,"{""cpu"": {""cpu_count"": 8, ""cpu_count_physical"": 8, ""processor"": ""arm"", ""architecture"": ""64bit""}, ""memory"": {""total_gb"": 24.0}, ""os"": {""system"": ""Darwin"", ""machine"": ""arm64"", ""release"": ""23.5.0""}, ""python"": {""implementation"": ""CPython"", ""version"": ""3.12.2"", ""version_info"": ""3.12.2""}, ""git"": {""commit_hash"": ""443b599dca6666ab5976e2cf184c9398d48cda2b""}, ""timezone"": {""timezone_name"": ""UTC"", ""utc_offset_hours"": 0.0}, ""timestamp"": 1752416768.0}",443b599dca6666ab5976e2cf184c9398d48cda2b,2025-07-18T14:10:03,,UNSUPPORTED,,,,,,,"{""reason"": ""Solver does not support SDP problems"", ""problem_type"": ""SDP"", ""problem_class"": ""SDP""}"
1236,cvxpy_osqp,cvxpy-1.6.5-OSQP-1.0.4,SDPLIB,ss30,SDP,"{""cpu"": {""cpu_count"": 8, ""cpu_count_physical"": 8, ""processor"": ""arm"", ""architecture"": ""64bit""}, ""memory"": {""total_gb"": 24.0}, ""os"": {""system"": ""Darwin"", ""machine"": ""arm64"", ""release"": ""23.5.0""}, ""python"": {""implementation"": ""CPython"", ""version"": ""3.12.2"", ""version_info"": ""3.12.2""}, ""git"": {""commit_hash"": ""443b599dca6666ab5976e2cf184c9398d48cda2b""}, ""timezone"": {""timezone_name"": ""UTC"", ""utc_offset_hours"": 0.0}, ""timestamp"": 1752416768.0}",443b599dca6666ab5976e2cf184c9398d48cda2b,2025-07-18T14:10:03,,UNSUPPORTED,,,,,,,"{""reason"": ""Solver does not support SDP problems"", ""problem_type"": ""SDP"", ""problem_class"": ""SDP""}"
1237,cvxpy_scip,cvxpy-1.6.5-SCIP-5.5.0,SDPLIB,ss30,SDP,"{""cpu"": {""cpu_count"": 8, ""cpu_count_physical"": 8, ""processor"": ""arm"", ""architecture"": ""64bit""}, ""memory"": {""total_gb"": 24.0}, ""os"": {""system"": ""Darwin"", ""machine"": ""arm64"", ""release"": ""23.5.0""}, ""python"": {""implementation"": ""CPython"", ""version"": ""3.12.2"", ""version_info"": ""3.12.2""}, ""git"": {""commit_hash"": ""443b599dca6666ab5976e2cf184c9398d48cda2b""}, ""timezone"": {""timezone_name"": ""UTC"", ""utc_offset_hours"": 0.0}, ""timestamp"": 1752416768.0}",443b599dca6666ab5976e2cf184c9398d48cda2b,2025-07-18T14:10:03,,UNSUPPORTED,,,,,,,"{""reason"": ""Solver does not support SDP problems"", ""problem_type"": ""SDP"", ""problem_class"": ""SDP""}"
1233,cvxpy_sdpa,cvxpy-1.6.5-SDPA-0.2.2,SDPLIB,ss30,SDP,"{""cpu"": {""cpu_count"": 8, ""cpu_count_physical"": 8, ""processor"": ""arm"", ""architecture"": ""64bit""}, ""memory"": {""total_gb"": 24.0}, ""os"": {""system"": ""Darwin"", ""machine"": ""arm64"", ""release"": ""23.5.0""}, ""python"": {""implementation"": ""CPython"", ""version"": ""3.12.2"", ""version_info"": ""3.12.2""}, ""git"": {""commit_hash"": ""443b599dca6666ab5976e2cf184c9398d48cda2b""}, ""timezone"": {""timezone_name"": ""UTC"", ""utc_offset_hours"": 0.0}, ""timestamp"": 1752416768.0}",443b599dca6666ab5976e2cf184c9398d48cda2b,2025-07-18T14:09:55,7.810168981552124,OPTIMAL (INACCURATE),-20.239507687488363,-20.23951064833439,2.960846028798869e-06,1.5496658619045873e-08,0.0,,"{""iteration_info_limitation"": ""SDPA does not provide iteration count through CVXPY"", ""solver_solve_time"": null, ""problem_class"": ""SDP""}"
1611,matlab_sdpt3,SDPT3-4.0-20240410 (MATLAB 24.1.0.2537033 (R2024a)),SDPLIB,ss30,SDP,"{""cpu"": {""cpu_count"": 8, ""cpu_count_physical"": 8, ""processor"": ""arm"", ""architecture"": ""64bit""}, ""memory"": {""total_gb"": 24.0}, ""os"": {""system"": ""Darwin"", ""machine"": ""arm64"", ""release"": ""23.5.0""}, ""python"": {""implementation"": ""CPython"", ""version"": ""3.12.2"", ""version_info"": ""3.12.2""}, ""git"": {""commit_hash"": ""96ca043787ef8c38515cfa8d108d16b61b823e04""}, ""timezone"": {""timezone_name"": ""UTC"", ""utc_offset_hours"": 0.0}, ""timestamp"": 1752926592.0}",96ca043787ef8c38515cfa8d108d16b61b823e04,2025-07-19T14:01:35,2.882202875,UNKNOWN,-20.239507562642537,-20.23951068538981,3.122747273209825e-06,1.0755657434415856e-07,0.0,21,"{""matlab_output"": {""solver_name"": ""SDPT3"", ""status"": ""unknown"", ""solve_time"": 2.882202875, ""setup_time"": [], ""iterations"": 21, ""primal_objective_value"": -20.239507562642537, ""dual_objective_value"": -20.23951068538981, ""duality_gap"": 3.122747273209825e-06, ""primal_infeasibility"": 1.0755657434415856e-07, ""dual_infeasibility"": 0, ""solver_version"": ""SDPT3-4.0-20240410"", ""solver_options"": {}, ""termination_reason"": """", ""error_message"": """", ""timestamp"": ""2025-07-19 23:01:31"", ""matlab_version"": ""24.1.0.2537033 (R2024a)""}, ""matlab_version"": ""24.1.0.2537033 (R2024a)"", ""solver_backend"": ""sdpt3"", ""execution_environment"": ""matlab"", ""problem_class"": ""SDP""}"
1496,matlab_sedumi,SeDuMi-1.3.7 (MATLAB 24.1.0.2537033 (R2024a)),SDPLIB,ss30,SDP,"{""cpu"": {""cpu_count"": 8, ""cpu_count_physical"": 8, ""processor"": ""arm"", ""architecture"": ""64bit""}, ""memory"": {""total_gb"": 24.0}, ""os"": {""system"": ""Darwin"", ""machine"": ""arm64"", ""release"": ""23.5.0""}, ""python"": {""implementation"": ""CPython"", ""version"": ""3.12.2"", ""version_info"": ""3.12.2""}, ""git"": {""commit_hash"": ""96ca043787ef8c38515cfa8d108d16b61b823e04""}, ""timezone"": {""timezone_name"": ""UTC"", ""utc_offset_hours"": 0.0}, ""timestamp"": 1752926592.0}",96ca043787ef8c38515cfa8d108d16b61b823e04,2025-07-19T12:41:03,6.760695833333333,NUM_ERROR,-20.239510592874606,-20.239510589127317,3.747288701561047e-09,3.232622404503955e-08,0.0,37,"{""matlab_output"": {""solver_name"": ""SeDuMi"", ""status"": ""num_error"", ""solve_time"": 6.760695833333333, ""setup_time"": [], ""iterations"": 37, ""primal_objective_value"": -20.239510592874606, ""dual_objective_value"": -20.239510589127317, ""duality_gap"": 3.747288701561047e-09, ""primal_infeasibility"": 3.232622404503955e-08, ""dual_infeasibility"": 0, ""solver_version"": ""SeDuMi-1.3.7"", ""solver_options"": {}, ""termination_reason"": """", ""error_message"": """", ""timestamp"": ""2025-07-19 21:41:00"", ""matlab_version"": ""24.1.0.2537033 (R2024a)""}, ""matlab_version"": ""24.1.0.2537033 (R2024a)"", ""solver_backend"": ""sedumi"", ""execution_environment"": ""matlab"", ""problem_class"": ""SDP""}"
1238,scipy_linprog,scipy-1.15.3,SDPLIB,ss30,SDP,"{""cpu"": {""cpu_count"": 8, ""cpu_count_physical"": 8, ""processor"": ""arm"", ""architecture"": ""64bit""}, ""memory"": {""total_gb"": 24.0}, ""os"": {""system"": ""Darwin"", ""machine"": ""arm64"", ""release"": ""23.5.0""}, ""python"": {""implementation"": ""CPython"", ""version"": ""3.12.2"", ""version_info"": ""3.12.2""}, ""git"": {""commit_hash"": ""443b599dca6666ab5976e2cf184c9398d48cda2b""}, ""timezone"": {""timezone_name"": ""UTC"", ""utc_offset_hours"": 0.0}, ""timestamp"": 1752416768.0}",443b599dca6666ab5976e2cf184c9398d48cda2b,2025-07-18T14:10:03,,UNSUPPORTED,,,,,,,"{""reason"": ""Solver does not support SDP problems"", ""problem_type"": ""SDP"", ""problem_class"": ""SDP""}"
1241,cvxpy_clarabel,cvxpy-1.6.5-CLARABEL-0.11.0,SDPLIB,theta1,SDP,"{""cpu"": {""cpu_count"": 8, ""cpu_count_physical"": 8, ""processor"": ""arm"", ""architecture"": ""64bit""}, ""memory"": {""total_gb"": 24.0}, ""os"": {""system"": ""Darwin"", ""machine"": ""arm64"", ""release"": ""23.5.0""}, ""python"": {""implementation"": ""CPython"", ""version"": ""3.12.2"", ""version_info"": ""3.12.2""}, ""git"": {""commit_hash"": ""443b599dca6666ab5976e2cf184c9398d48cda2b""}, ""timezone"": {""timezone_name"": ""UTC"", ""utc_offset_hours"": 0.0}, ""timestamp"": 1752416768.0}",443b599dca6666ab5976e2cf184c9398d48cda2b,2025-07-18T14:11:05,0.5781240463256836,OPTIMAL,-23.000000113696405,-23.00000006485042,-4.884598681087482e-08,1.7021181449260494e-08,1.1944769291368984e-11,12,"{""solver_solve_time"": 0.573968168, ""problem_class"": ""SDP""}"
1242,cvxpy_cvxopt,cvxpy-1.6.5-CVXOPT-1.3.2,SDPLIB,theta1,SDP,"{""cpu"": {""cpu_count"": 8, ""cpu_count_physical"": 8, ""processor"": ""arm"", ""architecture"": ""64bit""}, ""memory"": {""total_gb"": 24.0}, ""os"": {""system"": ""Darwin"", ""machine"": ""arm64"", ""release"": ""23.5.0""}, ""python"": {""implementation"": ""CPython"", ""version"": ""3.12.2"", ""version_info"": ""3.12.2""}, ""git"": {""commit_hash"": ""443b599dca6666ab5976e2cf184c9398d48cda2b""}, ""timezone"": {""timezone_name"": ""UTC"", ""utc_offset_hours"": 0.0}, ""timestamp"": 1752416768.0}",443b599dca6666ab5976e2cf184c9398d48cda2b,2025-07-18T14:11:05,0.30235886573791504,OPTIMAL,-22.99999992045278,-22.999999920596142,1.4336265508063661e-10,1.1739084766113277e-16,4.107080131386077e-11,,"{""iteration_info_limitation"": ""CVXOPT does not provide iteration count through CVXPY"", ""solver_solve_time"": null, ""problem_class"": ""SDP""}"
1245,cvxpy_ecos,cvxpy-1.6.5-ECOS-2.0.14,SDPLIB,theta1,SDP,"{""cpu"": {""cpu_count"": 8, ""cpu_count_physical"": 8, ""processor"": ""arm"", ""architecture"": ""64bit""}, ""memory"": {""total_gb"": 24.0}, ""os"": {""system"": ""Darwin"", ""machine"": ""arm64"", ""release"": ""23.5.0""}, ""python"": {""implementation"": ""CPython"", ""version"": ""3.12.2"", ""version_info"": ""3.12.2""}, ""git"": {""commit_hash"": ""443b599dca6666ab5976e2cf184c9398d48cda2b""}, ""timezone"": {""timezone_name"": ""UTC"", ""utc_offset_hours"": 0.0}, ""timestamp"": 1752416768.0}",443b599dca6666ab5976e2cf184c9398d48cda2b,2025-07-18T14:11:22,,UNSUPPORTED,,,,,,,"{""reason"": ""Solver does not support SDP problems"", ""problem_type"": ""SDP"", ""problem_class"": ""SDP""}"
1246,cvxpy_highs,cvxpy-1.6.5-HIGHS-1.11.0,SDPLIB,theta1,SDP,"{""cpu"": {""cpu_count"": 8, ""cpu_count_physical"": 8, ""processor"": ""arm"", ""architecture"": ""64bit""}, ""memory"": {""total_gb"": 24.0}, ""os"": {""system"": ""Darwin"", ""machine"": ""arm64"", ""release"": ""23.5.0""}, ""python"": {""implementation"": ""CPython"", ""version"": ""3.12.2"", ""version_info"": ""3.12.2""}, ""git"": {""commit_hash"": ""443b599dca6666ab5976e2cf184c9398d48cda2b""}, ""timezone"": {""timezone_name"": ""UTC"", ""utc_offset_hours"": 0.0}, ""timestamp"": 1752416768.0}",443b599dca6666ab5976e2cf184c9398d48cda2b,2025-07-18T14:11:22,,UNSUPPORTED,,,,,,,"{""reason"": ""Solver does not support SDP problems"", ""problem_type"": ""SDP"", ""problem_class"": ""SDP""}"
1247,cvxpy_osqp,cvxpy-1.6.5-OSQP-1.0.4,SDPLIB,theta1,SDP,"{""cpu"": {""cpu_count"": 8, ""cpu_count_physical"": 8, ""processor"": ""arm"", ""architecture"": ""64bit""}, ""memory"": {""total_gb"": 24.0}, ""os"": {""system"": ""Darwin"", ""machine"": ""arm64"", ""release"": ""23.5.0""}, ""python"": {""implementation"": ""CPython"", ""version"": ""3.12.2"", ""version_info"": ""3.12.2""}, ""git"": {""commit_hash"": ""443b599dca6666ab5976e2cf184c9398d48cda2b""}, ""timezone"": {""timezone_name"": ""UTC"", ""utc_offset_hours"": 0.0}, ""timestamp"": 1752416768.0}",443b599dca6666ab5976e2cf184c9398d48cda2b,2025-07-18T14:11:22,,UNSUPPORTED,,,,,,,"{""reason"": ""Solver does not support SDP problems"", ""problem_type"": ""SDP"", ""problem_class"": ""SDP""}"
1248,cvxpy_scip,cvxpy-1.6.5-SCIP-5.5.0,SDPLIB,theta1,SDP,"{""cpu"": {""cpu_count"": 8, ""cpu_count_physical"": 8, ""processor"": ""arm"", ""architecture"": ""64bit""}, ""memory"": {""total_gb"": 24.0}, ""os"": {""system"": ""Darwin"", ""machine"": ""arm64"", ""release"": ""23.5.0""}, ""python"": {""implementation"": ""CPython"", ""version"": ""3.12.2"", ""version_info"": ""3.12.2""}, ""git"": {""commit_hash"": ""443b599dca6666ab5976e2cf184c9398d48cda2b""}, ""timezone"": {""timezone_name"": ""UTC"", ""utc_offset_hours"": 0.0}, ""timestamp"": 1752416768.0}",443b599dca6666ab5976e2cf184c9398d48cda2b,2025-07-18T14:11:22,,UNSUPPORTED,,,,,,,"{""reason"": ""Solver does not support SDP problems"", ""problem_type"": ""SDP"", ""problem_class"": ""SDP""}"
1243,cvxpy_scs,cvxpy-1.6.5-SCS-3.2.7.post2,SDPLIB,theta1,SDP,"{""cpu"": {""cpu_count"": 8, ""cpu_count_physical"": 8, ""processor"": ""arm"", ""architecture"": ""64bit""}, ""memory"": {""total_gb"": 24.0}, ""os"": {""system"": ""Darwin"", ""machine"": ""arm64"", ""release"": ""23.5.0""}, ""python"": {""implementation"": ""CPython"", ""version"": ""3.12.2"", ""version_info"": ""3.12.2""}, ""git"": {""commit_hash"": ""443b599dca6666ab5976e2cf184c9398d48cda2b""}, ""timezone"": {""timezone_name"": ""UTC"", ""utc_offset_hours"": 0.0}, ""timestamp"": 1752416768.0}",443b599dca6666ab5976e2cf184c9398d48cda2b,2025-07-18T14:11:05,0.059606075286865234,OPTIMAL,-22.99957523727033,-22.999473468676786,-0.00010176859354515955,8.547389016417847e-06,2.873384339106012e-07,250,"{""solver_solve_time"": 0.055213041, ""problem_class"": ""SDP""}"
1244,cvxpy_sdpa,cvxpy-1.6.5-SDPA-0.2.2,SDPLIB,theta1,SDP,"{""cpu"": {""cpu_count"": 8, ""cpu_count_physical"": 8, ""processor"": ""arm"", ""architecture"": ""64bit""}, ""memory"": {""total_gb"": 24.0}, ""os"": {""system"": ""Darwin"", ""machine"": ""arm64"", ""release"": ""23.5.0""}, ""python"": {""implementation"": ""CPython"", ""version"": ""3.12.2"", ""version_info"": ""3.12.2""}, ""git"": {""commit_hash"": ""443b599dca6666ab5976e2cf184c9398d48cda2b""}, ""timezone"": {""timezone_name"": ""UTC"", ""utc_offset_hours"": 0.0}, ""timestamp"": 1752416768.0}",443b599dca6666ab5976e2cf184c9398d48cda2b,2025-07-18T14:11:05,0.025326967239379883,OPTIMAL,-22.99999909785378,-23.000000314920484,1.217066703418368e-06,5.552518868004142e-16,0.0,,"{""iteration_info_limitation"": ""SDPA does not provide iteration count through CVXPY"", ""solver_solve_time"": null, ""problem_class"": ""SDP""}"
1646,matlab_sdpt3,SDPT3-4.0-20240410 (MATLAB 24.1.0.2537033 (R2024a)),SDPLIB,theta1,SDP,"{""cpu"": {""cpu_count"": 8, ""cpu_count_physical"": 8, ""processor"": ""arm"", ""architecture"": ""64bit""}, ""memory"": {""total_gb"": 24.0}, ""os"": {""system"": ""Darwin"", ""machine"": ""arm64"", ""release"": ""23.5.0""}, ""python"": {""implementation"": ""CPython"", ""version"": ""3.12.2"", ""version_info"": ""3.12.2""}, ""git"": {""commit_hash"": ""96ca043787ef8c38515cfa8d108d16b61b823e04""}, ""timezone"": {""timezone_name"": ""UTC"", ""utc_offset_hours"": 0.0}, ""timestamp"": 1752926592.0}",96ca043787ef8c38515cfa8d108d16b61b823e04,2025-07-19T14:06:19,0.3554101666666667,OPTIMAL,-22.99999966935091,-23.000000054814368,3.854634584854466e-07,1.08019134049444e-11,0.0,11,"{""matlab_output"": {""solver_name"": ""SDPT3"", ""status"": ""optimal"", ""solve_time"": 0.3554101666666667, ""setup_time"": [], ""iterations"": 11, ""primal_objective_value"": -22.99999966935091, ""dual_objective_value"": -23.000000054814368, ""duality_gap"": 3.854634584854466e-07, ""primal_infeasibility"": 1.08019134049444e-11, ""dual_infeasibility"": 0, ""solver_version"": ""SDPT3-4.0-20240410"", ""solver_options"": {}, ""termination_reason"": """", ""error_message"": """", ""timestamp"": ""2025-07-19 23:06:16"", ""matlab_version"": ""24.1.0.2537033 (R2024a)""}, ""matlab_version"": ""24.1.0.2537033 (R2024a)"", ""solver_backend"": ""sdpt3"", ""execution_environment"": ""matlab"", ""problem_class"": ""SDP""}"
1516,matlab_sedumi,SeDuMi-1.3.7 (MATLAB 24.1.0.2537033 (R2024a)),SDPLIB,theta1,SDP,"{""cpu"": {""cpu_count"": 8, ""cpu_count_physical"": 8, ""processor"": ""arm"", ""architecture"": ""64bit""}, ""memory"": {""total_gb"": 24.0}, ""os"": {""system"": ""Darwin"", ""machine"": ""arm64"", ""release"": ""23.5.0""}, ""python"": {""implementation"": ""CPython"", ""version"": ""3.12.2"", ""version_info"": ""3.12.2""}, ""git"": {""commit_hash"": ""96ca043787ef8c38515cfa8d108d16b61b823e04""}, ""timezone"": {""timezone_name"": ""UTC"", ""utc_offset_hours"": 0.0}, ""timestamp"": 1752926592.0}",96ca043787ef8c38515cfa8d108d16b61b823e04,2025-07-19T12:46:55,0.2917774166666667,OPTIMAL,-23.00000001877833,-23.000000013317347,5.460982777094614e-09,2.5321435718789402e-09,0.0,19,"{""matlab_output"": {""solver_name"": ""SeDuMi"", ""status"": ""optimal"", ""solve_time"": 0.2917774166666667, ""setup_time"": [], ""iterations"": 19, ""primal_objective_value"": -23.00000001877833, ""dual_objective_value"": -23.000000013317347, ""duality_gap"": 5.460982777094614e-09, ""primal_infeasibility"": 2.5321435718789402e-09, ""dual_infeasibility"": 0, ""solver_version"": ""SeDuMi-1.3.7"", ""solver_options"": {}, ""termination_reason"": """", ""error_message"": """", ""timestamp"": ""2025-07-19 21:46:52"", ""matlab_version"": ""24.1.0.2537033 (R2024a)""}, ""matlab_version"": ""24.1.0.2537033 (R2024a)"", ""solver_backend"": ""sedumi"", ""execution_environment"": ""matlab"", ""problem_class"": ""SDP""}"
1249,scipy_linprog,scipy-1.15.3,SDPLIB,theta1,SDP,"{""cpu"": {""cpu_count"": 8, ""cpu_count_physical"": 8, ""processor"": ""arm"", ""architecture"": ""64bit""}, ""memory"": {""total_gb"": 24.0}, ""os"": {""system"": ""Darwin"", ""machine"": ""arm64"", ""release"": ""23.5.0""}, ""python"": {""implementation"": ""CPython"", ""version"": ""3.12.2"", ""version_info"": ""3.12.2""}, ""git"": {""commit_hash"": ""443b599dca6666ab5976e2cf184c9398d48cda2b""}, ""timezone"": {""timezone_name"": ""UTC"", ""utc_offset_hours"": 0.0}, ""timestamp"": 1752416768.0}",443b599dca6666ab5976e2cf184c9398d48cda2b,2025-07-18T14:11:22,,UNSUPPORTED,,,,,,,"{""reason"": ""Solver does not support SDP problems"", ""problem_type"": ""SDP"", ""problem_class"": ""SDP""}"
1252,cvxpy_clarabel,cvxpy-1.6.5-CLARABEL-0.11.0,SDPLIB,theta2,SDP,"{""cpu"": {""cpu_count"": 8, ""cpu_count_physical"": 8, ""processor"": ""arm"", ""architecture"": ""64bit""}, ""memory"": {""total_gb"": 24.0}, ""os"": {""system"": ""Darwin"", ""machine"": ""arm64"", ""release"": ""23.5.0""}, ""python"": {""implementation"": ""CPython"", ""version"": ""3.12.2"", ""version_info"": ""3.12.2""}, ""git"": {""commit_hash"": ""443b599dca6666ab5976e2cf184c9398d48cda2b""}, ""timezone"": {""timezone_name"": ""UTC"", ""utc_offset_hours"": 0.0}, ""timestamp"": 1752416768.0}",443b599dca6666ab5976e2cf184c9398d48cda2b,2025-07-18T14:12:36,10.558916091918945,OPTIMAL,-32.87916985873813,-32.87916961787732,-2.4086081396035297e-07,9.043557291921717e-08,6.7143730115455886e-12,10,"{""solver_solve_time"": 10.531377999, ""problem_class"": ""SDP""}"
1253,cvxpy_cvxopt,cvxpy-1.6.5-CVXOPT-1.3.2,SDPLIB,theta2,SDP,"{""cpu"": {""cpu_count"": 8, ""cpu_count_physical"": 8, ""processor"": ""arm"", ""architecture"": ""64bit""}, ""memory"": {""total_gb"": 24.0}, ""os"": {""system"": ""Darwin"", ""machine"": ""arm64"", ""release"": ""23.5.0""}, ""python"": {""implementation"": ""CPython"", ""version"": ""3.12.2"", ""version_info"": ""3.12.2""}, ""git"": {""commit_hash"": ""443b599dca6666ab5976e2cf184c9398d48cda2b""}, ""timezone"": {""timezone_name"": ""UTC"", ""utc_offset_hours"": 0.0}, ""timestamp"": 1752416768.0}",443b599dca6666ab5976e2cf184c9398d48cda2b,2025-07-18T14:12:38,2.042449951171875,OPTIMAL,-32.87916894882581,-32.87916894877984,-4.596500957632088e-11,1.4343967695977949e-12,2.2664637685921277e-11,,"{""iteration_info_limitation"": ""CVXOPT does not provide iteration count through CVXPY"", ""solver_solve_time"": null, ""problem_class"": ""SDP""}"
1256,cvxpy_ecos,cvxpy-1.6.5-ECOS-2.0.14,SDPLIB,theta2,SDP,"{""cpu"": {""cpu_count"": 8, ""cpu_count_physical"": 8, ""processor"": ""arm"", ""architecture"": ""64bit""}, ""memory"": {""total_gb"": 24.0}, ""os"": {""system"": ""Darwin"", ""machine"": ""arm64"", ""release"": ""23.5.0""}, ""python"": {""implementation"": ""CPython"", ""version"": ""3.12.2"", ""version_info"": ""3.12.2""}, ""git"": {""commit_hash"": ""443b599dca6666ab5976e2cf184c9398d48cda2b""}, ""timezone"": {""timezone_name"": ""UTC"", ""utc_offset_hours"": 0.0}, ""timestamp"": 1752416768.0}",443b599dca6666ab5976e2cf184c9398d48cda2b,2025-07-18T14:12:50,,UNSUPPORTED,,,,,,,"{""reason"": ""Solver does not support SDP problems"", ""problem_type"": ""SDP"", ""problem_class"": ""SDP""}"
1257,cvxpy_highs,cvxpy-1.6.5-HIGHS-1.11.0,SDPLIB,theta2,SDP,"{""cpu"": {""cpu_count"": 8, ""cpu_count_physical"": 8, ""processor"": ""arm"", ""architecture"": ""64bit""}, ""memory"": {""total_gb"": 24.0}, ""os"": {""system"": ""Darwin"", ""machine"": ""arm64"", ""release"": ""23.5.0""}, ""python"": {""implementation"": ""CPython"", ""version"": ""3.12.2"", ""version_info"": ""3.12.2""}, ""git"": {""commit_hash"": ""443b599dca6666ab5976e2cf184c9398d48cda2b""}, ""timezone"": {""timezone_name"": ""UTC"", ""utc_offset_hours"": 0.0}, ""timestamp"": 1752416768.0}",443b599dca6666ab5976e2cf184c9398d48cda2b,2025-07-18T14:12:50,,UNSUPPORTED,,,,,,,"{""reason"": ""Solver does not support SDP problems"", ""problem_type"": ""SDP"", ""problem_class"": ""SDP""}"
1258,cvxpy_osqp,cvxpy-1.6.5-OSQP-1.0.4,SDPLIB,theta2,SDP,"{""cpu"": {""cpu_count"": 8, ""cpu_count_physical"": 8, ""processor"": ""arm"", ""architecture"": ""64bit""}, ""memory"": {""total_gb"": 24.0}, ""os"": {""system"": ""Darwin"", ""machine"": ""arm64"", ""release"": ""23.5.0""}, ""python"": {""implementation"": ""CPython"", ""version"": ""3.12.2"", ""version_info"": ""3.12.2""}, ""git"": {""commit_hash"": ""443b599dca6666ab5976e2cf184c9398d48cda2b""}, ""timezone"": {""timezone_name"": ""UTC"", ""utc_offset_hours"": 0.0}, ""timestamp"": 1752416768.0}",443b599dca6666ab5976e2cf184c9398d48cda2b,2025-07-18T14:12:50,,UNSUPPORTED,,,,,,,"{""reason"": ""Solver does not support SDP problems"", ""problem_type"": ""SDP"", ""problem_class"": ""SDP""}"
1259,cvxpy_scip,cvxpy-1.6.5-SCIP-5.5.0,SDPLIB,theta2,SDP,"{""cpu"": {""cpu_count"": 8, ""cpu_count_physical"": 8, ""processor"": ""arm"", ""architecture"": ""64bit""}, ""memory"": {""total_gb"": 24.0}, ""os"": {""system"": ""Darwin"", ""machine"": ""arm64"", ""release"": ""23.5.0""}, ""python"": {""implementation"": ""CPython"", ""version"": ""3.12.2"", ""version_info"": ""3.12.2""}, ""git"": {""commit_hash"": ""443b599dca6666ab5976e2cf184c9398d48cda2b""}, ""timezone"": {""timezone_name"": ""UTC"", ""utc_offset_hours"": 0.0}, ""timestamp"": 1752416768.0}",443b599dca6666ab5976e2cf184c9398d48cda2b,2025-07-18T14:12:50,,UNSUPPORTED,,,,,,,"{""reason"": ""Solver does not support SDP problems"", ""problem_type"": ""SDP"", ""problem_class"": ""SDP""}"
1254,cvxpy_scs,cvxpy-1.6.5-SCS-3.2.7.post2,SDPLIB,theta2,SDP,"{""cpu"": {""cpu_count"": 8, ""cpu_count_physical"": 8, ""processor"": ""arm"", ""architecture"": ""64bit""}, ""memory"": {""total_gb"": 24.0}, ""os"": {""system"": ""Darwin"", ""machine"": ""arm64"", ""release"": ""23.5.0""}, ""python"": {""implementation"": ""CPython"", ""version"": ""3.12.2"", ""version_info"": ""3.12.2""}, ""git"": {""commit_hash"": ""443b599dca6666ab5976e2cf184c9398d48cda2b""}, ""timezone"": {""timezone_name"": ""UTC"", ""utc_offset_hours"": 0.0}, ""timestamp"": 1752416768.0}",443b599dca6666ab5976e2cf184c9398d48cda2b,2025-07-18T14:12:38,0.41171908378601074,OPTIMAL,-32.879092775414236,-32.87901385888463,-7.891652960267947e-05,1.00022956740785e-06,2.3274278129605833e-07,350,"{""solver_solve_time"": 0.3871845, ""problem_class"": ""SDP""}"
1255,cvxpy_sdpa,cvxpy-1.6.5-SDPA-0.2.2,SDPLIB,theta2,SDP,"{""cpu"": {""cpu_count"": 8, ""cpu_count_physical"": 8, ""processor"": ""arm"", ""architecture"": ""64bit""}, ""memory"": {""total_gb"": 24.0}, ""os"": {""system"": ""Darwin"", ""machine"": ""arm64"", ""release"": ""23.5.0""}, ""python"": {""implementation"": ""CPython"", ""version"": ""3.12.2"", ""version_info"": ""3.12.2""}, ""git"": {""commit_hash"": ""443b599dca6666ab5976e2cf184c9398d48cda2b""}, ""timezone"": {""timezone_name"": ""UTC"", ""utc_offset_hours"": 0.0}, ""timestamp"": 1752416768.0}",443b599dca6666ab5976e2cf184c9398d48cda2b,2025-07-18T14:12:39,0.47716593742370605,OPTIMAL,-32.87916857824288,-32.87916905441676,4.761738736647203e-07,4.57224779883188e-15,0.0,,"{""iteration_info_limitation"": ""SDPA does not provide iteration count through CVXPY"", ""solver_solve_time"": null, ""problem_class"": ""SDP""}"
1647,matlab_sdpt3,SDPT3-4.0-20240410 (MATLAB 24.1.0.2537033 (R2024a)),SDPLIB,theta2,SDP,"{""cpu"": {""cpu_count"": 8, ""cpu_count_physical"": 8, ""processor"": ""arm"", ""architecture"": ""64bit""}, ""memory"": {""total_gb"": 24.0}, ""os"": {""system"": ""Darwin"", ""machine"": ""arm64"", ""release"": ""23.5.0""}, ""python"": {""implementation"": ""CPython"", ""version"": ""3.12.2"", ""version_info"": ""3.12.2""}, ""git"": {""commit_hash"": ""96ca043787ef8c38515cfa8d108d16b61b823e04""}, ""timezone"": {""timezone_name"": ""UTC"", ""utc_offset_hours"": 0.0}, ""timestamp"": 1752926592.0}",96ca043787ef8c38515cfa8d108d16b61b823e04,2025-07-19T14:06:25,0.5580662916666667,OPTIMAL,-32.87916893679436,-32.87916903116265,9.436828918296669e-08,1.2482387284479412e-12,0.0,13,"{""matlab_output"": {""solver_name"": ""SDPT3"", ""status"": ""optimal"", ""solve_time"": 0.5580662916666667, ""setup_time"": [], ""iterations"": 13, ""primal_objective_value"": -32.87916893679436, ""dual_objective_value"": -32.87916903116265, ""duality_gap"": 9.436828918296669e-08, ""primal_infeasibility"": 1.2482387284479412e-12, ""dual_infeasibility"": 0, ""solver_version"": ""SDPT3-4.0-20240410"", ""solver_options"": {}, ""termination_reason"": """", ""error_message"": """", ""timestamp"": ""2025-07-19 23:06:22"", ""matlab_version"": ""24.1.0.2537033 (R2024a)""}, ""matlab_version"": ""24.1.0.2537033 (R2024a)"", ""solver_backend"": ""sdpt3"", ""execution_environment"": ""matlab"", ""problem_class"": ""SDP""}"
1517,matlab_sedumi,SeDuMi-1.3.7 (MATLAB 24.1.0.2537033 (R2024a)),SDPLIB,theta2,SDP,"{""cpu"": {""cpu_count"": 8, ""cpu_count_physical"": 8, ""processor"": ""arm"", ""architecture"": ""64bit""}, ""memory"": {""total_gb"": 24.0}, ""os"": {""system"": ""Darwin"", ""machine"": ""arm64"", ""release"": ""23.5.0""}, ""python"": {""implementation"": ""CPython"", ""version"": ""3.12.2"", ""version_info"": ""3.12.2""}, ""git"": {""commit_hash"": ""96ca043787ef8c38515cfa8d108d16b61b823e04""}, ""timezone"": {""timezone_name"": ""UTC"", ""utc_offset_hours"": 0.0}, ""timestamp"": 1752926592.0}",96ca043787ef8c38515cfa8d108d16b61b823e04,2025-07-19T12:47:01,0.631585375,OPTIMAL,-32.879169040448566,-32.87916903780507,2.643496088694519e-09,2.2690844865871237e-09,0.0,20,"{""matlab_output"": {""solver_name"": ""SeDuMi"", ""status"": ""optimal"", ""solve_time"": 0.631585375, ""setup_time"": [], ""iterations"": 20, ""primal_objective_value"": -32.879169040448566, ""dual_objective_value"": -32.87916903780507, ""duality_gap"": 2.643496088694519e-09, ""primal_infeasibility"": 2.2690844865871237e-09, ""dual_infeasibility"": 0, ""solver_version"": ""SeDuMi-1.3.7"", ""solver_options"": {}, ""termination_reason"": """", ""error_message"": """", ""timestamp"": ""2025-07-19 21:46:58"", ""matlab_version"": ""24.1.0.2537033 (R2024a)""}, ""matlab_version"": ""24.1.0.2537033 (R2024a)"", ""solver_backend"": ""sedumi"", ""execution_environment"": ""matlab"", ""problem_class"": ""SDP""}"
1260,scipy_linprog,scipy-1.15.3,SDPLIB,theta2,SDP,"{""cpu"": {""cpu_count"": 8, ""cpu_count_physical"": 8, ""processor"": ""arm"", ""architecture"": ""64bit""}, ""memory"": {""total_gb"": 24.0}, ""os"": {""system"": ""Darwin"", ""machine"": ""arm64"", ""release"": ""23.5.0""}, ""python"": {""implementation"": ""CPython"", ""version"": ""3.12.2"", ""version_info"": ""3.12.2""}, ""git"": {""commit_hash"": ""443b599dca6666ab5976e2cf184c9398d48cda2b""}, ""timezone"": {""timezone_name"": ""UTC"", ""utc_offset_hours"": 0.0}, ""timestamp"": 1752416768.0}",443b599dca6666ab5976e2cf184c9398d48cda2b,2025-07-18T14:12:50,,UNSUPPORTED,,,,,,,"{""reason"": ""Solver does not support SDP problems"", ""problem_type"": ""SDP"", ""problem_class"": ""SDP""}"
1263,cvxpy_clarabel,cvxpy-1.6.5-CLARABEL-0.11.0,SDPLIB,theta3,SDP,"{""cpu"": {""cpu_count"": 8, ""cpu_count_physical"": 8, ""processor"": ""arm"", ""architecture"": ""64bit""}, ""memory"": {""total_gb"": 24.0}, ""os"": {""system"": ""Darwin"", ""machine"": ""arm64"", ""release"": ""23.5.0""}, ""python"": {""implementation"": ""CPython"", ""version"": ""3.12.2"", ""version_info"": ""3.12.2""}, ""git"": {""commit_hash"": ""443b599dca6666ab5976e2cf184c9398d48cda2b""}, ""timezone"": {""timezone_name"": ""UTC"", ""utc_offset_hours"": 0.0}, ""timestamp"": 1752416768.0}",443b599dca6666ab5976e2cf184c9398d48cda2b,2025-07-18T14:24:54,67.7079222202301,OPTIMAL,-42.16698181950611,-42.16698175324743,-6.625868564924531e-08,2.566384582637676e-08,6.118994005248439e-14,10,"{""solver_solve_time"": 67.592432958, ""problem_class"": ""SDP""}"
1264,cvxpy_cvxopt,cvxpy-1.6.5-CVXOPT-1.3.2,SDPLIB,theta3,SDP,"{""cpu"": {""cpu_count"": 8, ""cpu_count_physical"": 8, ""processor"": ""arm"", ""architecture"": ""64bit""}, ""memory"": {""total_gb"": 24.0}, ""os"": {""system"": ""Darwin"", ""machine"": ""arm64"", ""release"": ""23.5.0""}, ""python"": {""implementation"": ""CPython"", ""version"": ""3.12.2"", ""version_info"": ""3.12.2""}, ""git"": {""commit_hash"": ""443b599dca6666ab5976e2cf184c9398d48cda2b""}, ""timezone"": {""timezone_name"": ""UTC"", ""utc_offset_hours"": 0.0}, ""timestamp"": 1752416768.0}",443b599dca6666ab5976e2cf184c9398d48cda2b,2025-07-18T14:25:02,7.798202753067017,OPTIMAL,-42.166981272985936,-42.166981273163785,1.7784884676075308e-10,3.401035803092698e-15,3.975102289462933e-11,,"{""iteration_info_limitation"": ""CVXOPT does not provide iteration count through CVXPY"", ""solver_solve_time"": null, ""problem_class"": ""SDP""}"
1267,cvxpy_ecos,cvxpy-1.6.5-ECOS-2.0.14,SDPLIB,theta3,SDP,"{""cpu"": {""cpu_count"": 8, ""cpu_count_physical"": 8, ""processor"": ""arm"", ""architecture"": ""64bit""}, ""memory"": {""total_gb"": 24.0}, ""os"": {""system"": ""Darwin"", ""machine"": ""arm64"", ""release"": ""23.5.0""}, ""python"": {""implementation"": ""CPython"", ""version"": ""3.12.2"", ""version_info"": ""3.12.2""}, ""git"": {""commit_hash"": ""443b599dca6666ab5976e2cf184c9398d48cda2b""}, ""timezone"": {""timezone_name"": ""UTC"", ""utc_offset_hours"": 0.0}, ""timestamp"": 1752416768.0}",443b599dca6666ab5976e2cf184c9398d48cda2b,2025-07-18T14:25:15,,UNSUPPORTED,,,,,,,"{""reason"": ""Solver does not support SDP problems"", ""problem_type"": ""SDP"", ""problem_class"": ""SDP""}"
1268,cvxpy_highs,cvxpy-1.6.5-HIGHS-1.11.0,SDPLIB,theta3,SDP,"{""cpu"": {""cpu_count"": 8, ""cpu_count_physical"": 8, ""processor"": ""arm"", ""architecture"": ""64bit""}, ""memory"": {""total_gb"": 24.0}, ""os"": {""system"": ""Darwin"", ""machine"": ""arm64"", ""release"": ""23.5.0""}, ""python"": {""implementation"": ""CPython"", ""version"": ""3.12.2"", ""version_info"": ""3.12.2""}, ""git"": {""commit_hash"": ""443b599dca6666ab5976e2cf184c9398d48cda2b""}, ""timezone"": {""timezone_name"": ""UTC"", ""utc_offset_hours"": 0.0}, ""timestamp"": 1752416768.0}",443b599dca6666ab5976e2cf184c9398d48cda2b,2025-07-18T14:25:15,,UNSUPPORTED,,,,,,,"{""reason"": ""Solver does not support SDP problems"", ""problem_type"": ""SDP"", ""problem_class"": ""SDP""}"
1269,cvxpy_osqp,cvxpy-1.6.5-OSQP-1.0.4,SDPLIB,theta3,SDP,"{""cpu"": {""cpu_count"": 8, ""cpu_count_physical"": 8, ""processor"": ""arm"", ""architecture"": ""64bit""}, ""memory"": {""total_gb"": 24.0}, ""os"": {""system"": ""Darwin"", ""machine"": ""arm64"", ""release"": ""23.5.0""}, ""python"": {""implementation"": ""CPython"", ""version"": ""3.12.2"", ""version_info"": ""3.12.2""}, ""git"": {""commit_hash"": ""443b599dca6666ab5976e2cf184c9398d48cda2b""}, ""timezone"": {""timezone_name"": ""UTC"", ""utc_offset_hours"": 0.0}, ""timestamp"": 1752416768.0}",443b599dca6666ab5976e2cf184c9398d48cda2b,2025-07-18T14:25:15,,UNSUPPORTED,,,,,,,"{""reason"": ""Solver does not support SDP problems"", ""problem_type"": ""SDP"", ""problem_class"": ""SDP""}"
1270,cvxpy_scip,cvxpy-1.6.5-SCIP-5.5.0,SDPLIB,theta3,SDP,"{""cpu"": {""cpu_count"": 8, ""cpu_count_physical"": 8, ""processor"": ""arm"", ""architecture"": ""64bit""}, ""memory"": {""total_gb"": 24.0}, ""os"": {""system"": ""Darwin"", ""machine"": ""arm64"", ""release"": ""23.5.0""}, ""python"": {""implementation"": ""CPython"", ""version"": ""3.12.2"", ""version_info"": ""3.12.2""}, ""git"": {""commit_hash"": ""443b599dca6666ab5976e2cf184c9398d48cda2b""}, ""timezone"": {""timezone_name"": ""UTC"", ""utc_offset_hours"": 0.0}, ""timestamp"": 1752416768.0}",443b599dca6666ab5976e2cf184c9398d48cda2b,2025-07-18T14:25:15,,UNSUPPORTED,,,,,,,"{""reason"": ""Solver does not support SDP problems"", ""problem_type"": ""SDP"", ""problem_class"": ""SDP""}"
1265,cvxpy_scs,cvxpy-1.6.5-SCS-3.2.7.post2,SDPLIB,theta3,SDP,"{""cpu"": {""cpu_count"": 8, ""cpu_count_physical"": 8, ""processor"": ""arm"", ""architecture"": ""64bit""}, ""memory"": {""total_gb"": 24.0}, ""os"": {""system"": ""Darwin"", ""machine"": ""arm64"", ""release"": ""23.5.0""}, ""python"": {""implementation"": ""CPython"", ""version"": ""3.12.2"", ""version_info"": ""3.12.2""}, ""git"": {""commit_hash"": ""443b599dca6666ab5976e2cf184c9398d48cda2b""}, ""timezone"": {""timezone_name"": ""UTC"", ""utc_offset_hours"": 0.0}, ""timestamp"": 1752416768.0}",443b599dca6666ab5976e2cf184c9398d48cda2b,2025-07-18T14:25:03,1.58660888671875,OPTIMAL,-42.166983999600596,-42.166985728095874,1.7284952775753482e-06,2.2777817734753627e-08,6.1942128146186496e-09,450,"{""solver_solve_time"": 1.477760083, ""problem_class"": ""SDP""}"
1266,cvxpy_sdpa,cvxpy-1.6.5-SDPA-0.2.2,SDPLIB,theta3,SDP,"{""cpu"": {""cpu_count"": 8, ""cpu_count_physical"": 8, ""processor"": ""arm"", ""architecture"": ""64bit""}, ""memory"": {""total_gb"": 24.0}, ""os"": {""system"": ""Darwin"", ""machine"": ""arm64"", ""release"": ""23.5.0""}, ""python"": {""implementation"": ""CPython"", ""version"": ""3.12.2"", ""version_info"": ""3.12.2""}, ""git"": {""commit_hash"": ""443b599dca6666ab5976e2cf184c9398d48cda2b""}, ""timezone"": {""timezone_name"": ""UTC"", ""utc_offset_hours"": 0.0}, ""timestamp"": 1752416768.0}",443b599dca6666ab5976e2cf184c9398d48cda2b,2025-07-18T14:25:05,1.048050880432129,OPTIMAL,-42.16698095442231,-42.166981616724364,6.623020567531057e-07,2.3718112851955558e-15,0.0,,"{""iteration_info_limitation"": ""SDPA does not provide iteration count through CVXPY"", ""solver_solve_time"": null, ""problem_class"": ""SDP""}"
1648,matlab_sdpt3,SDPT3-4.0-20240410 (MATLAB 24.1.0.2537033 (R2024a)),SDPLIB,theta3,SDP,"{""cpu"": {""cpu_count"": 8, ""cpu_count_physical"": 8, ""processor"": ""arm"", ""architecture"": ""64bit""}, ""memory"": {""total_gb"": 24.0}, ""os"": {""system"": ""Darwin"", ""machine"": ""arm64"", ""release"": ""23.5.0""}, ""python"": {""implementation"": ""CPython"", ""version"": ""3.12.2"", ""version_info"": ""3.12.2""}, ""git"": {""commit_hash"": ""96ca043787ef8c38515cfa8d108d16b61b823e04""}, ""timezone"": {""timezone_name"": ""UTC"", ""utc_offset_hours"": 0.0}, ""timestamp"": 1752926592.0}",96ca043787ef8c38515cfa8d108d16b61b823e04,2025-07-19T14:06:33,1.1650570833333334,OPTIMAL,-42.16698130052295,-42.16698152368698,2.2316402947808456e-07,6.941267860310931e-12,0.0,14,"{""matlab_output"": {""solver_name"": ""SDPT3"", ""status"": ""optimal"", ""solve_time"": 1.1650570833333334, ""setup_time"": [], ""iterations"": 14, ""primal_objective_value"": -42.16698130052295, ""dual_objective_value"": -42.16698152368698, ""duality_gap"": 2.2316402947808456e-07, ""primal_infeasibility"": 6.941267860310931e-12, ""dual_infeasibility"": 0, ""solver_version"": ""SDPT3-4.0-20240410"", ""solver_options"": {}, ""termination_reason"": """", ""error_message"": """", ""timestamp"": ""2025-07-19 23:06:29"", ""matlab_version"": ""24.1.0.2537033 (R2024a)""}, ""matlab_version"": ""24.1.0.2537033 (R2024a)"", ""solver_backend"": ""sdpt3"", ""execution_environment"": ""matlab"", ""problem_class"": ""SDP""}"
1518,matlab_sedumi,SeDuMi-1.3.7 (MATLAB 24.1.0.2537033 (R2024a)),SDPLIB,theta3,SDP,"{""cpu"": {""cpu_count"": 8, ""cpu_count_physical"": 8, ""processor"": ""arm"", ""architecture"": ""64bit""}, ""memory"": {""total_gb"": 24.0}, ""os"": {""system"": ""Darwin"", ""machine"": ""arm64"", ""release"": ""23.5.0""}, ""python"": {""implementation"": ""CPython"", ""version"": ""3.12.2"", ""version_info"": ""3.12.2""}, ""git"": {""commit_hash"": ""96ca043787ef8c38515cfa8d108d16b61b823e04""}, ""timezone"": {""timezone_name"": ""UTC"", ""utc_offset_hours"": 0.0}, ""timestamp"": 1752926592.0}",96ca043787ef8c38515cfa8d108d16b61b823e04,2025-07-19T12:47:08,2.416633291666667,OPTIMAL,-42.16698154577349,-42.16698155040591,4.632418892924761e-09,4.565662075596726e-09,0.0,20,"{""matlab_output"": {""solver_name"": ""SeDuMi"", ""status"": ""optimal"", ""solve_time"": 2.416633291666667, ""setup_time"": [], ""iterations"": 20, ""primal_objective_value"": -42.16698154577349, ""dual_objective_value"": -42.16698155040591, ""duality_gap"": 4.632418892924761e-09, ""primal_infeasibility"": 4.565662075596726e-09, ""dual_infeasibility"": 0, ""solver_version"": ""SeDuMi-1.3.7"", ""solver_options"": {}, ""termination_reason"": """", ""error_message"": """", ""timestamp"": ""2025-07-19 21:47:06"", ""matlab_version"": ""24.1.0.2537033 (R2024a)""}, ""matlab_version"": ""24.1.0.2537033 (R2024a)"", ""solver_backend"": ""sedumi"", ""execution_environment"": ""matlab"", ""problem_class"": ""SDP""}"
1271,scipy_linprog,scipy-1.15.3,SDPLIB,theta3,SDP,"{""cpu"": {""cpu_count"": 8, ""cpu_count_physical"": 8, ""processor"": ""arm"", ""architecture"": ""64bit""}, ""memory"": {""total_gb"": 24.0}, ""os"": {""system"": ""Darwin"", ""machine"": ""arm64"", ""release"": ""23.5.0""}, ""python"": {""implementation"": ""CPython"", ""version"": ""3.12.2"", ""version_info"": ""3.12.2""}, ""git"": {""commit_hash"": ""443b599dca6666ab5976e2cf184c9398d48cda2b""}, ""timezone"": {""timezone_name"": ""UTC"", ""utc_offset_hours"": 0.0}, ""timestamp"": 1752416768.0}",443b599dca6666ab5976e2cf184c9398d48cda2b,2025-07-18T14:25:15,,UNSUPPORTED,,,,,,,"{""reason"": ""Solver does not support SDP problems"", ""problem_type"": ""SDP"", ""problem_class"": ""SDP""}"
1767,cvxpy_ecos,cvxpy-1.6.5-ECOS-2.0.14,SDPLIB,theta4,SDP,"{""cpu"": {""cpu_count"": 8, ""cpu_count_physical"": 8, ""processor"": ""arm"", ""architecture"": ""64bit""}, ""memory"": {""total_gb"": 24.0}, ""os"": {""system"": ""Darwin"", ""machine"": ""arm64"", ""release"": ""23.5.0""}, ""python"": {""implementation"": ""CPython"", ""version"": ""3.12.2"", ""version_info"": ""3.12.2""}, ""git"": {""commit_hash"": ""0d9be48d5161918e56908f73cddd63d9b51ecd84""}, ""timezone"": {""timezone_name"": ""UTC"", ""utc_offset_hours"": 0.0}, ""timestamp"": 1752926592.0}",0d9be48d5161918e56908f73cddd63d9b51ecd84,2025-07-22T14:42:19,,UNSUPPORTED,,,,,,,"{""reason"": ""Solver does not support SDP problems"", ""problem_type"": ""SDP"", ""problem_class"": ""SDP""}"
1769,cvxpy_highs,cvxpy-1.6.5-HIGHS-1.11.0,SDPLIB,theta4,SDP,"{""cpu"": {""cpu_count"": 8, ""cpu_count_physical"": 8, ""processor"": ""arm"", ""architecture"": ""64bit""}, ""memory"": {""total_gb"": 24.0}, ""os"": {""system"": ""Darwin"", ""machine"": ""arm64"", ""release"": ""23.5.0""}, ""python"": {""implementation"": ""CPython"", ""version"": ""3.12.2"", ""version_info"": ""3.12.2""}, ""git"": {""commit_hash"": ""0d9be48d5161918e56908f73cddd63d9b51ecd84""}, ""timezone"": {""timezone_name"": ""UTC"", ""utc_offset_hours"": 0.0}, ""timestamp"": 1752926592.0}",0d9be48d5161918e56908f73cddd63d9b51ecd84,2025-07-22T14:42:20,,UNSUPPORTED,,,,,,,"{""reason"": ""Solver does not support SDP problems"", ""problem_type"": ""SDP"", ""problem_class"": ""SDP""}"
1770,cvxpy_osqp,cvxpy-1.6.5-OSQP-1.0.4,SDPLIB,theta4,SDP,"{""cpu"": {""cpu_count"": 8, ""cpu_count_physical"": 8, ""processor"": ""arm"", ""architecture"": ""64bit""}, ""memory"": {""total_gb"": 24.0}, ""os"": {""system"": ""Darwin"", ""machine"": ""arm64"", ""release"": ""23.5.0""}, ""python"": {""implementation"": ""CPython"", ""version"": ""3.12.2"", ""version_info"": ""3.12.2""}, ""git"": {""commit_hash"": ""0d9be48d5161918e56908f73cddd63d9b51ecd84""}, ""timezone"": {""timezone_name"": ""UTC"", ""utc_offset_hours"": 0.0}, ""timestamp"": 1752926592.0}",0d9be48d5161918e56908f73cddd63d9b51ecd84,2025-07-22T14:42:20,,UNSUPPORTED,,,,,,,"{""reason"": ""Solver does not support SDP problems"", ""problem_type"": ""SDP"", ""problem_class"": ""SDP""}"
1768,cvxpy_scip,cvxpy-1.6.5-SCIP-5.5.0,SDPLIB,theta4,SDP,"{""cpu"": {""cpu_count"": 8, ""cpu_count_physical"": 8, ""processor"": ""arm"", ""architecture"": ""64bit""}, ""memory"": {""total_gb"": 24.0}, ""os"": {""system"": ""Darwin"", ""machine"": ""arm64"", ""release"": ""23.5.0""}, ""python"": {""implementation"": ""CPython"", ""version"": ""3.12.2"", ""version_info"": ""3.12.2""}, ""git"": {""commit_hash"": ""0d9be48d5161918e56908f73cddd63d9b51ecd84""}, ""timezone"": {""timezone_name"": ""UTC"", ""utc_offset_hours"": 0.0}, ""timestamp"": 1752926592.0}",0d9be48d5161918e56908f73cddd63d9b51ecd84,2025-07-22T14:42:19,,UNSUPPORTED,,,,,,,"{""reason"": ""Solver does not support SDP problems"", ""problem_type"": ""SDP"", ""problem_class"": ""SDP""}"
1659,matlab_sdpt3,SDPT3-4.0-20240410 (MATLAB 24.1.0.2537033 (R2024a)),SDPLIB,theta4,SDP,"{""cpu"": {""cpu_count"": 8, ""cpu_count_physical"": 8, ""processor"": ""arm"", ""architecture"": ""64bit""}, ""memory"": {""total_gb"": 24.0}, ""os"": {""system"": ""Darwin"", ""machine"": ""arm64"", ""release"": ""23.5.0""}, ""python"": {""implementation"": ""CPython"", ""version"": ""3.12.2"", ""version_info"": ""3.12.2""}, ""git"": {""commit_hash"": ""96ca043787ef8c38515cfa8d108d16b61b823e04""}, ""timezone"": {""timezone_name"": ""UTC"", ""utc_offset_hours"": 0.0}, ""timestamp"": 1752926592.0}",96ca043787ef8c38515cfa8d108d16b61b823e04,2025-07-19T14:10:09,1.6901592083333334,OPTIMAL,-50.321221317087485,-50.32122203998839,7.229009071352266e-07,3.4400304938930694e-13,0.0,14,"{""matlab_output"": {""solver_name"": ""SDPT3"", ""status"": ""optimal"", ""solve_time"": 1.6901592083333334, ""setup_time"": [], ""iterations"": 14, ""primal_objective_value"": -50.321221317087485, ""dual_objective_value"": -50.32122203998839, ""duality_gap"": 7.229009071352266e-07, ""primal_infeasibility"": 3.4400304938930694e-13, ""dual_infeasibility"": 0, ""solver_version"": ""SDPT3-4.0-20240410"", ""solver_options"": {}, ""termination_reason"": """", ""error_message"": """", ""timestamp"": ""2025-07-19 23:10:07"", ""matlab_version"": ""24.1.0.2537033 (R2024a)""}, ""matlab_version"": ""24.1.0.2537033 (R2024a)"", ""solver_backend"": ""sdpt3"", ""execution_environment"": ""matlab"", ""problem_class"": ""SDP""}"
1528,matlab_sedumi,SeDuMi-1.3.7 (MATLAB 24.1.0.2537033 (R2024a)),SDPLIB,theta4,SDP,"{""cpu"": {""cpu_count"": 8, ""cpu_count_physical"": 8, ""processor"": ""arm"", ""architecture"": ""64bit""}, ""memory"": {""total_gb"": 24.0}, ""os"": {""system"": ""Darwin"", ""machine"": ""arm64"", ""release"": ""23.5.0""}, ""python"": {""implementation"": ""CPython"", ""version"": ""3.12.2"", ""version_info"": ""3.12.2""}, ""git"": {""commit_hash"": ""96ca043787ef8c38515cfa8d108d16b61b823e04""}, ""timezone"": {""timezone_name"": ""UTC"", ""utc_offset_hours"": 0.0}, ""timestamp"": 1752926592.0}",96ca043787ef8c38515cfa8d108d16b61b823e04,2025-07-19T12:53:42,9.029102375,OPTIMAL,-50.32122201238018,-50.32122201939875,7.018570613581687e-09,4.163130295345427e-09,0.0,20,"{""matlab_output"": {""solver_name"": ""SeDuMi"", ""status"": ""optimal"", ""solve_time"": 9.029102375, ""setup_time"": [], ""iterations"": 20, ""primal_objective_value"": -50.32122201238018, ""dual_objective_value"": -50.32122201939875, ""duality_gap"": 7.018570613581687e-09, ""primal_infeasibility"": 4.163130295345427e-09, ""dual_infeasibility"": 0, ""solver_version"": ""SeDuMi-1.3.7"", ""solver_options"": {}, ""termination_reason"": """", ""error_message"": """", ""timestamp"": ""2025-07-19 21:53:40"", ""matlab_version"": ""24.1.0.2537033 (R2024a)""}, ""matlab_version"": ""24.1.0.2537033 (R2024a)"", ""solver_backend"": ""sedumi"", ""execution_environment"": ""matlab"", ""problem_class"": ""SDP""}"
1771,scipy_linprog,scipy-1.15.3,SDPLIB,theta4,SDP,"{""cpu"": {""cpu_count"": 8, ""cpu_count_physical"": 8, ""processor"": ""arm"", ""architecture"": ""64bit""}, ""memory"": {""total_gb"": 24.0}, ""os"": {""system"": ""Darwin"", ""machine"": ""arm64"", ""release"": ""23.5.0""}, ""python"": {""implementation"": ""CPython"", ""version"": ""3.12.2"", ""version_info"": ""3.12.2""}, ""git"": {""commit_hash"": ""0d9be48d5161918e56908f73cddd63d9b51ecd84""}, ""timezone"": {""timezone_name"": ""UTC"", ""utc_offset_hours"": 0.0}, ""timestamp"": 1752926592.0}",0d9be48d5161918e56908f73cddd63d9b51ecd84,2025-07-22T14:42:20,,UNSUPPORTED,,,,,,,"{""reason"": ""Solver does not support SDP problems"", ""problem_type"": ""SDP"", ""problem_class"": ""SDP""}"
1772,cvxpy_ecos,cvxpy-1.6.5-ECOS-2.0.14,SDPLIB,theta5,SDP,"{""cpu"": {""cpu_count"": 8, ""cpu_count_physical"": 8, ""processor"": ""arm"", ""architecture"": ""64bit""}, ""memory"": {""total_gb"": 24.0}, ""os"": {""system"": ""Darwin"", ""machine"": ""arm64"", ""release"": ""23.5.0""}, ""python"": {""implementation"": ""CPython"", ""version"": ""3.12.2"", ""version_info"": ""3.12.2""}, ""git"": {""commit_hash"": ""0d9be48d5161918e56908f73cddd63d9b51ecd84""}, ""timezone"": {""timezone_name"": ""UTC"", ""utc_offset_hours"": 0.0}, ""timestamp"": 1752926592.0}",0d9be48d5161918e56908f73cddd63d9b51ecd84,2025-07-22T14:42:21,,UNSUPPORTED,,,,,,,"{""reason"": ""Solver does not support SDP problems"", ""problem_type"": ""SDP"", ""problem_class"": ""SDP""}"
1774,cvxpy_highs,cvxpy-1.6.5-HIGHS-1.11.0,SDPLIB,theta5,SDP,"{""cpu"": {""cpu_count"": 8, ""cpu_count_physical"": 8, ""processor"": ""arm"", ""architecture"": ""64bit""}, ""memory"": {""total_gb"": 24.0}, ""os"": {""system"": ""Darwin"", ""machine"": ""arm64"", ""release"": ""23.5.0""}, ""python"": {""implementation"": ""CPython"", ""version"": ""3.12.2"", ""version_info"": ""3.12.2""}, ""git"": {""commit_hash"": ""0d9be48d5161918e56908f73cddd63d9b51ecd84""}, ""timezone"": {""timezone_name"": ""UTC"", ""utc_offset_hours"": 0.0}, ""timestamp"": 1752926592.0}",0d9be48d5161918e56908f73cddd63d9b51ecd84,2025-07-22T14:42:22,,UNSUPPORTED,,,,,,,"{""reason"": ""Solver does not support SDP problems"", ""problem_type"": ""SDP"", ""problem_class"": ""SDP""}"
1775,cvxpy_osqp,cvxpy-1.6.5-OSQP-1.0.4,SDPLIB,theta5,SDP,"{""cpu"": {""cpu_count"": 8, ""cpu_count_physical"": 8, ""processor"": ""arm"", ""architecture"": ""64bit""}, ""memory"": {""total_gb"": 24.0}, ""os"": {""system"": ""Darwin"", ""machine"": ""arm64"", ""release"": ""23.5.0""}, ""python"": {""implementation"": ""CPython"", ""version"": ""3.12.2"", ""version_info"": ""3.12.2""}, ""git"": {""commit_hash"": ""0d9be48d5161918e56908f73cddd63d9b51ecd84""}, ""timezone"": {""timezone_name"": ""UTC"", ""utc_offset_hours"": 0.0}, ""timestamp"": 1752926592.0}",0d9be48d5161918e56908f73cddd63d9b51ecd84,2025-07-22T14:42:22,,UNSUPPORTED,,,,,,,"{""reason"": ""Solver does not support SDP problems"", ""problem_type"": ""SDP"", ""problem_class"": ""SDP""}"
1773,cvxpy_scip,cvxpy-1.6.5-SCIP-5.5.0,SDPLIB,theta5,SDP,"{""cpu"": {""cpu_count"": 8, ""cpu_count_physical"": 8, ""processor"": ""arm"", ""architecture"": ""64bit""}, ""memory"": {""total_gb"": 24.0}, ""os"": {""system"": ""Darwin"", ""machine"": ""arm64"", ""release"": ""23.5.0""}, ""python"": {""implementation"": ""CPython"", ""version"": ""3.12.2"", ""version_info"": ""3.12.2""}, ""git"": {""commit_hash"": ""0d9be48d5161918e56908f73cddd63d9b51ecd84""}, ""timezone"": {""timezone_name"": ""UTC"", ""utc_offset_hours"": 0.0}, ""timestamp"": 1752926592.0}",0d9be48d5161918e56908f73cddd63d9b51ecd84,2025-07-22T14:42:21,,UNSUPPORTED,,,,,,,"{""reason"": ""Solver does not support SDP problems"", ""problem_type"": ""SDP"", ""problem_class"": ""SDP""}"
1660,matlab_sdpt3,SDPT3-4.0-20240410 (MATLAB 24.1.0.2537033 (R2024a)),SDPLIB,theta5,SDP,"{""cpu"": {""cpu_count"": 8, ""cpu_count_physical"": 8, ""processor"": ""arm"", ""architecture"": ""64bit""}, ""memory"": {""total_gb"": 24.0}, ""os"": {""system"": ""Darwin"", ""machine"": ""arm64"", ""release"": ""23.5.0""}, ""python"": {""implementation"": ""CPython"", ""version"": ""3.12.2"", ""version_info"": ""3.12.2""}, ""git"": {""commit_hash"": ""96ca043787ef8c38515cfa8d108d16b61b823e04""}, ""timezone"": {""timezone_name"": ""UTC"", ""utc_offset_hours"": 0.0}, ""timestamp"": 1752926592.0}",96ca043787ef8c38515cfa8d108d16b61b823e04,2025-07-19T14:10:21,3.2877647083333335,OPTIMAL,-57.23230683313342,-57.232307346760024,5.136266025829173e-07,4.815986565890254e-13,0.0,14,"{""matlab_output"": {""solver_name"": ""SDPT3"", ""status"": ""optimal"", ""solve_time"": 3.2877647083333335, ""setup_time"": [], ""iterations"": 14, ""primal_objective_value"": -57.23230683313342, ""dual_objective_value"": -57.232307346760024, ""duality_gap"": 5.136266025829173e-07, ""primal_infeasibility"": 4.815986565890254e-13, ""dual_infeasibility"": 0, ""solver_version"": ""SDPT3-4.0-20240410"", ""solver_options"": {}, ""termination_reason"": """", ""error_message"": """", ""timestamp"": ""2025-07-19 23:10:17"", ""matlab_version"": ""24.1.0.2537033 (R2024a)""}, ""matlab_version"": ""24.1.0.2537033 (R2024a)"", ""solver_backend"": ""sdpt3"", ""execution_environment"": ""matlab"", ""problem_class"": ""SDP""}"
1529,matlab_sedumi,SeDuMi-1.3.7 (MATLAB 24.1.0.2537033 (R2024a)),SDPLIB,theta5,SDP,"{""cpu"": {""cpu_count"": 8, ""cpu_count_physical"": 8, ""processor"": ""arm"", ""architecture"": ""64bit""}, ""memory"": {""total_gb"": 24.0}, ""os"": {""system"": ""Darwin"", ""machine"": ""arm64"", ""release"": ""23.5.0""}, ""python"": {""implementation"": ""CPython"", ""version"": ""3.12.2"", ""version_info"": ""3.12.2""}, ""git"": {""commit_hash"": ""96ca043787ef8c38515cfa8d108d16b61b823e04""}, ""timezone"": {""timezone_name"": ""UTC"", ""utc_offset_hours"": 0.0}, ""timestamp"": 1752926592.0}",96ca043787ef8c38515cfa8d108d16b61b823e04,2025-07-19T12:54:24,32.23979391666666,OPTIMAL,-57.23230747485862,-57.232307354157946,1.2070067612057755e-07,4.87171381111366e-09,0.0,23,"{""matlab_output"": {""solver_name"": ""SeDuMi"", ""status"": ""optimal"", ""solve_time"": 32.23979391666666, ""setup_time"": [], ""iterations"": 23, ""primal_objective_value"": -57.23230747485862, ""dual_objective_value"": -57.232307354157946, ""duality_gap"": 1.2070067612057755e-07, ""primal_infeasibility"": 4.87171381111366e-09, ""dual_infeasibility"": 0, ""solver_version"": ""SeDuMi-1.3.7"", ""solver_options"": {}, ""termination_reason"": """", ""error_message"": """", ""timestamp"": ""2025-07-19 21:54:20"", ""matlab_version"": ""24.1.0.2537033 (R2024a)""}, ""matlab_version"": ""24.1.0.2537033 (R2024a)"", ""solver_backend"": ""sedumi"", ""execution_environment"": ""matlab"", ""problem_class"": ""SDP""}"
1776,scipy_linprog,scipy-1.15.3,SDPLIB,theta5,SDP,"{""cpu"": {""cpu_count"": 8, ""cpu_count_physical"": 8, ""processor"": ""arm"", ""architecture"": ""64bit""}, ""memory"": {""total_gb"": 24.0}, ""os"": {""system"": ""Darwin"", ""machine"": ""arm64"", ""release"": ""23.5.0""}, ""python"": {""implementation"": ""CPython"", ""version"": ""3.12.2"", ""version_info"": ""3.12.2""}, ""git"": {""commit_hash"": ""0d9be48d5161918e56908f73cddd63d9b51ecd84""}, ""timezone"": {""timezone_name"": ""UTC"", ""utc_offset_hours"": 0.0}, ""timestamp"": 1752926592.0}",0d9be48d5161918e56908f73cddd63d9b51ecd84,2025-07-22T14:42:23,,UNSUPPORTED,,,,,,,"{""reason"": ""Solver does not support SDP problems"", ""problem_type"": ""SDP"", ""problem_class"": ""SDP""}"
1777,cvxpy_ecos,cvxpy-1.6.5-ECOS-2.0.14,SDPLIB,theta6,SDP,"{""cpu"": {""cpu_count"": 8, ""cpu_count_physical"": 8, ""processor"": ""arm"", ""architecture"": ""64bit""}, ""memory"": {""total_gb"": 24.0}, ""os"": {""system"": ""Darwin"", ""machine"": ""arm64"", ""release"": ""23.5.0""}, ""python"": {""implementation"": ""CPython"", ""version"": ""3.12.2"", ""version_info"": ""3.12.2""}, ""git"": {""commit_hash"": ""0d9be48d5161918e56908f73cddd63d9b51ecd84""}, ""timezone"": {""timezone_name"": ""UTC"", ""utc_offset_hours"": 0.0}, ""timestamp"": 1752926592.0}",0d9be48d5161918e56908f73cddd63d9b51ecd84,2025-07-22T14:42:23,,UNSUPPORTED,,,,,,,"{""reason"": ""Solver does not support SDP problems"", ""problem_type"": ""SDP"", ""problem_class"": ""SDP""}"
1779,cvxpy_highs,cvxpy-1.6.5-HIGHS-1.11.0,SDPLIB,theta6,SDP,"{""cpu"": {""cpu_count"": 8, ""cpu_count_physical"": 8, ""processor"": ""arm"", ""architecture"": ""64bit""}, ""memory"": {""total_gb"": 24.0}, ""os"": {""system"": ""Darwin"", ""machine"": ""arm64"", ""release"": ""23.5.0""}, ""python"": {""implementation"": ""CPython"", ""version"": ""3.12.2"", ""version_info"": ""3.12.2""}, ""git"": {""commit_hash"": ""0d9be48d5161918e56908f73cddd63d9b51ecd84""}, ""timezone"": {""timezone_name"": ""UTC"", ""utc_offset_hours"": 0.0}, ""timestamp"": 1752926592.0}",0d9be48d5161918e56908f73cddd63d9b51ecd84,2025-07-22T14:42:25,,UNSUPPORTED,,,,,,,"{""reason"": ""Solver does not support SDP problems"", ""problem_type"": ""SDP"", ""problem_class"": ""SDP""}"
1780,cvxpy_osqp,cvxpy-1.6.5-OSQP-1.0.4,SDPLIB,theta6,SDP,"{""cpu"": {""cpu_count"": 8, ""cpu_count_physical"": 8, ""processor"": ""arm"", ""architecture"": ""64bit""}, ""memory"": {""total_gb"": 24.0}, ""os"": {""system"": ""Darwin"", ""machine"": ""arm64"", ""release"": ""23.5.0""}, ""python"": {""implementation"": ""CPython"", ""version"": ""3.12.2"", ""version_info"": ""3.12.2""}, ""git"": {""commit_hash"": ""0d9be48d5161918e56908f73cddd63d9b51ecd84""}, ""timezone"": {""timezone_name"": ""UTC"", ""utc_offset_hours"": 0.0}, ""timestamp"": 1752926592.0}",0d9be48d5161918e56908f73cddd63d9b51ecd84,2025-07-22T14:42:25,,UNSUPPORTED,,,,,,,"{""reason"": ""Solver does not support SDP problems"", ""problem_type"": ""SDP"", ""problem_class"": ""SDP""}"
1778,cvxpy_scip,cvxpy-1.6.5-SCIP-5.5.0,SDPLIB,theta6,SDP,"{""cpu"": {""cpu_count"": 8, ""cpu_count_physical"": 8, ""processor"": ""arm"", ""architecture"": ""64bit""}, ""memory"": {""total_gb"": 24.0}, ""os"": {""system"": ""Darwin"", ""machine"": ""arm64"", ""release"": ""23.5.0""}, ""python"": {""implementation"": ""CPython"", ""version"": ""3.12.2"", ""version_info"": ""3.12.2""}, ""git"": {""commit_hash"": ""0d9be48d5161918e56908f73cddd63d9b51ecd84""}, ""timezone"": {""timezone_name"": ""UTC"", ""utc_offset_hours"": 0.0}, ""timestamp"": 1752926592.0}",0d9be48d5161918e56908f73cddd63d9b51ecd84,2025-07-22T14:42:24,,UNSUPPORTED,,,,,,,"{""reason"": ""Solver does not support SDP problems"", ""problem_type"": ""SDP"", ""problem_class"": ""SDP""}"
1661,matlab_sdpt3,SDPT3-4.0-20240410 (MATLAB 24.1.0.2537033 (R2024a)),SDPLIB,theta6,SDP,"{""cpu"": {""cpu_count"": 8, ""cpu_count_physical"": 8, ""processor"": ""arm"", ""architecture"": ""64bit""}, ""memory"": {""total_gb"": 24.0}, ""os"": {""system"": ""Darwin"", ""machine"": ""arm64"", ""release"": ""23.5.0""}, ""python"": {""implementation"": ""CPython"", ""version"": ""3.12.2"", ""version_info"": ""3.12.2""}, ""git"": {""commit_hash"": ""96ca043787ef8c38515cfa8d108d16b61b823e04""}, ""timezone"": {""timezone_name"": ""UTC"", ""utc_offset_hours"": 0.0}, ""timestamp"": 1752926592.0}",96ca043787ef8c38515cfa8d108d16b61b823e04,2025-07-19T14:10:38,5.631308958333333,OPTIMAL,-63.47708709665152,-63.477087197659806,1.010082826269354e-07,8.471542469613478e-13,0.0,14,"{""matlab_output"": {""solver_name"": ""SDPT3"", ""status"": ""optimal"", ""solve_time"": 5.631308958333333, ""setup_time"": [], ""iterations"": 14, ""primal_objective_value"": -63.47708709665152, ""dual_objective_value"": -63.477087197659806, ""duality_gap"": 1.010082826269354e-07, ""primal_infeasibility"": 8.471542469613478e-13, ""dual_infeasibility"": 0, ""solver_version"": ""SDPT3-4.0-20240410"", ""solver_options"": {}, ""termination_reason"": """", ""error_message"": """", ""timestamp"": ""2025-07-19 23:10:35"", ""matlab_version"": ""24.1.0.2537033 (R2024a)""}, ""matlab_version"": ""24.1.0.2537033 (R2024a)"", ""solver_backend"": ""sdpt3"", ""execution_environment"": ""matlab"", ""problem_class"": ""SDP""}"
1530,matlab_sedumi,SeDuMi-1.3.7 (MATLAB 24.1.0.2537033 (R2024a)),SDPLIB,theta6,SDP,"{""cpu"": {""cpu_count"": 8, ""cpu_count_physical"": 8, ""processor"": ""arm"", ""architecture"": ""64bit""}, ""memory"": {""total_gb"": 24.0}, ""os"": {""system"": ""Darwin"", ""machine"": ""arm64"", ""release"": ""23.5.0""}, ""python"": {""implementation"": ""CPython"", ""version"": ""3.12.2"", ""version_info"": ""3.12.2""}, ""git"": {""commit_hash"": ""96ca043787ef8c38515cfa8d108d16b61b823e04""}, ""timezone"": {""timezone_name"": ""UTC"", ""utc_offset_hours"": 0.0}, ""timestamp"": 1752926592.0}",96ca043787ef8c38515cfa8d108d16b61b823e04,2025-07-19T12:56:13,96.736359625,OPTIMAL,-63.47708710436236,-63.47708721576618,1.1140382127905468e-07,9.370169346520279e-10,0.0,24,"{""matlab_output"": {""solver_name"": ""SeDuMi"", ""status"": ""optimal"", ""solve_time"": 96.736359625, ""setup_time"": [], ""iterations"": 24, ""primal_objective_value"": -63.47708710436236, ""dual_objective_value"": -63.47708721576618, ""duality_gap"": 1.1140382127905468e-07, ""primal_infeasibility"": 9.370169346520279e-10, ""dual_infeasibility"": 0, ""solver_version"": ""SeDuMi-1.3.7"", ""solver_options"": {}, ""termination_reason"": """", ""error_message"": """", ""timestamp"": ""2025-07-19 21:56:09"", ""matlab_version"": ""24.1.0.2537033 (R2024a)""}, ""matlab_version"": ""24.1.0.2537033 (R2024a)"", ""solver_backend"": ""sedumi"", ""execution_environment"": ""matlab"", ""problem_class"": ""SDP""}"
1781,scipy_linprog,scipy-1.15.3,SDPLIB,theta6,SDP,"{""cpu"": {""cpu_count"": 8, ""cpu_count_physical"": 8, ""processor"": ""arm"", ""architecture"": ""64bit""}, ""memory"": {""total_gb"": 24.0}, ""os"": {""system"": ""Darwin"", ""machine"": ""arm64"", ""release"": ""23.5.0""}, ""python"": {""implementation"": ""CPython"", ""version"": ""3.12.2"", ""version_info"": ""3.12.2""}, ""git"": {""commit_hash"": ""0d9be48d5161918e56908f73cddd63d9b51ecd84""}, ""timezone"": {""timezone_name"": ""UTC"", ""utc_offset_hours"": 0.0}, ""timestamp"": 1752926592.0}",0d9be48d5161918e56908f73cddd63d9b51ecd84,2025-07-22T14:42:26,,UNSUPPORTED,,,,,,,"{""reason"": ""Solver does not support SDP problems"", ""problem_type"": ""SDP"", ""problem_class"": ""SDP""}"
1782,cvxpy_ecos,cvxpy-1.6.5-ECOS-2.0.14,SDPLIB,thetaG11,SDP,"{""cpu"": {""cpu_count"": 8, ""cpu_count_physical"": 8, ""processor"": ""arm"", ""architecture"": ""64bit""}, ""memory"": {""total_gb"": 24.0}, ""os"": {""system"": ""Darwin"", ""machine"": ""arm64"", ""release"": ""23.5.0""}, ""python"": {""implementation"": ""CPython"", ""version"": ""3.12.2"", ""version_info"": ""3.12.2""}, ""git"": {""commit_hash"": ""0d9be48d5161918e56908f73cddd63d9b51ecd84""}, ""timezone"": {""timezone_name"": ""UTC"", ""utc_offset_hours"": 0.0}, ""timestamp"": 1752926592.0}",0d9be48d5161918e56908f73cddd63d9b51ecd84,2025-07-22T14:42:26,,UNSUPPORTED,,,,,,,"{""reason"": ""Solver does not support SDP problems"", ""problem_type"": ""SDP"", ""problem_class"": ""SDP""}"
1784,cvxpy_highs,cvxpy-1.6.5-HIGHS-1.11.0,SDPLIB,thetaG11,SDP,"{""cpu"": {""cpu_count"": 8, ""cpu_count_physical"": 8, ""processor"": ""arm"", ""architecture"": ""64bit""}, ""memory"": {""total_gb"": 24.0}, ""os"": {""system"": ""Darwin"", ""machine"": ""arm64"", ""release"": ""23.5.0""}, ""python"": {""implementation"": ""CPython"", ""version"": ""3.12.2"", ""version_info"": ""3.12.2""}, ""git"": {""commit_hash"": ""0d9be48d5161918e56908f73cddd63d9b51ecd84""}, ""timezone"": {""timezone_name"": ""UTC"", ""utc_offset_hours"": 0.0}, ""timestamp"": 1752926592.0}",0d9be48d5161918e56908f73cddd63d9b51ecd84,2025-07-22T14:42:27,,UNSUPPORTED,,,,,,,"{""reason"": ""Solver does not support SDP problems"", ""problem_type"": ""SDP"", ""problem_class"": ""SDP""}"
1785,cvxpy_osqp,cvxpy-1.6.5-OSQP-1.0.4,SDPLIB,thetaG11,SDP,"{""cpu"": {""cpu_count"": 8, ""cpu_count_physical"": 8, ""processor"": ""arm"", ""architecture"": ""64bit""}, ""memory"": {""total_gb"": 24.0}, ""os"": {""system"": ""Darwin"", ""machine"": ""arm64"", ""release"": ""23.5.0""}, ""python"": {""implementation"": ""CPython"", ""version"": ""3.12.2"", ""version_info"": ""3.12.2""}, ""git"": {""commit_hash"": ""0d9be48d5161918e56908f73cddd63d9b51ecd84""}, ""timezone"": {""timezone_name"": ""UTC"", ""utc_offset_hours"": 0.0}, ""timestamp"": 1752926592.0}",0d9be48d5161918e56908f73cddd63d9b51ecd84,2025-07-22T14:42:28,,UNSUPPORTED,,,,,,,"{""reason"": ""Solver does not support SDP problems"", ""problem_type"": ""SDP"", ""problem_class"": ""SDP""}"
1783,cvxpy_scip,cvxpy-1.6.5-SCIP-5.5.0,SDPLIB,thetaG11,SDP,"{""cpu"": {""cpu_count"": 8, ""cpu_count_physical"": 8, ""processor"": ""arm"", ""architecture"": ""64bit""}, ""memory"": {""total_gb"": 24.0}, ""os"": {""system"": ""Darwin"", ""machine"": ""arm64"", ""release"": ""23.5.0""}, ""python"": {""implementation"": ""CPython"", ""version"": ""3.12.2"", ""version_info"": ""3.12.2""}, ""git"": {""commit_hash"": ""0d9be48d5161918e56908f73cddd63d9b51ecd84""}, ""timezone"": {""timezone_name"": ""UTC"", ""utc_offset_hours"": 0.0}, ""timestamp"": 1752926592.0}",0d9be48d5161918e56908f73cddd63d9b51ecd84,2025-07-22T14:42:27,,UNSUPPORTED,,,,,,,"{""reason"": ""Solver does not support SDP problems"", ""problem_type"": ""SDP"", ""problem_class"": ""SDP""}"
1678,matlab_sdpt3,SDPT3-4.0-20240410 (MATLAB 24.1.0.2537033 (R2024a)),SDPLIB,thetaG11,SDP,"{""cpu"": {""cpu_count"": 8, ""cpu_count_physical"": 8, ""processor"": ""arm"", ""architecture"": ""64bit""}, ""memory"": {""total_gb"": 24.0}, ""os"": {""system"": ""Darwin"", ""machine"": ""arm64"", ""release"": ""23.5.0""}, ""python"": {""implementation"": ""CPython"", ""version"": ""3.12.2"", ""version_info"": ""3.12.2""}, ""git"": {""commit_hash"": ""96ca043787ef8c38515cfa8d108d16b61b823e04""}, ""timezone"": {""timezone_name"": ""UTC"", ""utc_offset_hours"": 0.0}, ""timestamp"": 1752926592.0}",96ca043787ef8c38515cfa8d108d16b61b823e04,2025-07-19T14:30:23,6.12120375,OPTIMAL,-399.9999948753643,-400.0000001208191,5.2454548153946234e-06,5.104383506653095e-13,0.0,18,"{""matlab_output"": {""solver_name"": ""SDPT3"", ""status"": ""optimal"", ""solve_time"": 6.12120375, ""setup_time"": [], ""iterations"": 18, ""primal_objective_value"": -399.9999948753643, ""dual_objective_value"": -400.0000001208191, ""duality_gap"": 5.2454548153946234e-06, ""primal_infeasibility"": 5.104383506653095e-13, ""dual_infeasibility"": 0, ""solver_version"": ""SDPT3-4.0-20240410"", ""solver_options"": {}, ""termination_reason"": """", ""error_message"": """", ""timestamp"": ""2025-07-19 23:30:20"", ""matlab_version"": ""24.1.0.2537033 (R2024a)""}, ""matlab_version"": ""24.1.0.2537033 (R2024a)"", ""solver_backend"": ""sdpt3"", ""execution_environment"": ""matlab"", ""problem_class"": ""SDP""}"
1546,matlab_sedumi,SeDuMi-1.3.7 (MATLAB 24.1.0.2537033 (R2024a)),SDPLIB,thetaG11,SDP,"{""cpu"": {""cpu_count"": 8, ""cpu_count_physical"": 8, ""processor"": ""arm"", ""architecture"": ""64bit""}, ""memory"": {""total_gb"": 24.0}, ""os"": {""system"": ""Darwin"", ""machine"": ""arm64"", ""release"": ""23.5.0""}, ""python"": {""implementation"": ""CPython"", ""version"": ""3.12.2"", ""version_info"": ""3.12.2""}, ""git"": {""commit_hash"": ""96ca043787ef8c38515cfa8d108d16b61b823e04""}, ""timezone"": {""timezone_name"": ""UTC"", ""utc_offset_hours"": 0.0}, ""timestamp"": 1752926592.0}",96ca043787ef8c38515cfa8d108d16b61b823e04,2025-07-19T13:10:16,69.43002633333333,OPTIMAL,-399.9999995772125,-399.9999995761562,1.0563212526903953e-09,2.5194124567833976e-09,1.777169568338365e-12,33,"{""matlab_output"": {""solver_name"": ""SeDuMi"", ""status"": ""optimal"", ""solve_time"": 69.43002633333333, ""setup_time"": [], ""iterations"": 33, ""primal_objective_value"": -399.9999995772125, ""dual_objective_value"": -399.9999995761562, ""duality_gap"": 1.0563212526903953e-09, ""primal_infeasibility"": 2.5194124567833976e-09, ""dual_infeasibility"": 1.777169568338365e-12, ""solver_version"": ""SeDuMi-1.3.7"", ""solver_options"": {}, ""termination_reason"": """", ""error_message"": """", ""timestamp"": ""2025-07-19 22:10:13"", ""matlab_version"": ""24.1.0.2537033 (R2024a)""}, ""matlab_version"": ""24.1.0.2537033 (R2024a)"", ""solver_backend"": ""sedumi"", ""execution_environment"": ""matlab"", ""problem_class"": ""SDP""}"
1786,scipy_linprog,scipy-1.15.3,SDPLIB,thetaG11,SDP,"{""cpu"": {""cpu_count"": 8, ""cpu_count_physical"": 8, ""processor"": ""arm"", ""architecture"": ""64bit""}, ""memory"": {""total_gb"": 24.0}, ""os"": {""system"": ""Darwin"", ""machine"": ""arm64"", ""release"": ""23.5.0""}, ""python"": {""implementation"": ""CPython"", ""version"": ""3.12.2"", ""version_info"": ""3.12.2""}, ""git"": {""commit_hash"": ""0d9be48d5161918e56908f73cddd63d9b51ecd84""}, ""timezone"": {""timezone_name"": ""UTC"", ""utc_offset_hours"": 0.0}, ""timestamp"": 1752926592.0}",0d9be48d5161918e56908f73cddd63d9b51ecd84,2025-07-22T14:42:28,,UNSUPPORTED,,,,,,,"{""reason"": ""Solver does not support SDP problems"", ""problem_type"": ""SDP"", ""problem_class"": ""SDP""}"
1787,cvxpy_ecos,cvxpy-1.6.5-ECOS-2.0.14,SDPLIB,thetaG51,SDP,"{""cpu"": {""cpu_count"": 8, ""cpu_count_physical"": 8, ""processor"": ""arm"", ""architecture"": ""64bit""}, ""memory"": {""total_gb"": 24.0}, ""os"": {""system"": ""Darwin"", ""machine"": ""arm64"", ""release"": ""23.5.0""}, ""python"": {""implementation"": ""CPython"", ""version"": ""3.12.2"", ""version_info"": ""3.12.2""}, ""git"": {""commit_hash"": ""0d9be48d5161918e56908f73cddd63d9b51ecd84""}, ""timezone"": {""timezone_name"": ""UTC"", ""utc_offset_hours"": 0.0}, ""timestamp"": 1752926592.0}",0d9be48d5161918e56908f73cddd63d9b51ecd84,2025-07-22T14:42:29,,UNSUPPORTED,,,,,,,"{""reason"": ""Solver does not support SDP problems"", ""problem_type"": ""SDP"", ""problem_class"": ""SDP""}"
1789,cvxpy_highs,cvxpy-1.6.5-HIGHS-1.11.0,SDPLIB,thetaG51,SDP,"{""cpu"": {""cpu_count"": 8, ""cpu_count_physical"": 8, ""processor"": ""arm"", ""architecture"": ""64bit""}, ""memory"": {""total_gb"": 24.0}, ""os"": {""system"": ""Darwin"", ""machine"": ""arm64"", ""release"": ""23.5.0""}, ""python"": {""implementation"": ""CPython"", ""version"": ""3.12.2"", ""version_info"": ""3.12.2""}, ""git"": {""commit_hash"": ""0d9be48d5161918e56908f73cddd63d9b51ecd84""}, ""timezone"": {""timezone_name"": ""UTC"", ""utc_offset_hours"": 0.0}, ""timestamp"": 1752926592.0}",0d9be48d5161918e56908f73cddd63d9b51ecd84,2025-07-22T14:42:31,,UNSUPPORTED,,,,,,,"{""reason"": ""Solver does not support SDP problems"", ""problem_type"": ""SDP"", ""problem_class"": ""SDP""}"
1790,cvxpy_osqp,cvxpy-1.6.5-OSQP-1.0.4,SDPLIB,thetaG51,SDP,"{""cpu"": {""cpu_count"": 8, ""cpu_count_physical"": 8, ""processor"": ""arm"", ""architecture"": ""64bit""}, ""memory"": {""total_gb"": 24.0}, ""os"": {""system"": ""Darwin"", ""machine"": ""arm64"", ""release"": ""23.5.0""}, ""python"": {""implementation"": ""CPython"", ""version"": ""3.12.2"", ""version_info"": ""3.12.2""}, ""git"": {""commit_hash"": ""0d9be48d5161918e56908f73cddd63d9b51ecd84""}, ""timezone"": {""timezone_name"": ""UTC"", ""utc_offset_hours"": 0.0}, ""timestamp"": 1752926592.0}",0d9be48d5161918e56908f73cddd63d9b51ecd84,2025-07-22T14:42:32,,UNSUPPORTED,,,,,,,"{""reason"": ""Solver does not support SDP problems"", ""problem_type"": ""SDP"", ""problem_class"": ""SDP""}"
1788,cvxpy_scip,cvxpy-1.6.5-SCIP-5.5.0,SDPLIB,thetaG51,SDP,"{""cpu"": {""cpu_count"": 8, ""cpu_count_physical"": 8, ""processor"": ""arm"", ""architecture"": ""64bit""}, ""memory"": {""total_gb"": 24.0}, ""os"": {""system"": ""Darwin"", ""machine"": ""arm64"", ""release"": ""23.5.0""}, ""python"": {""implementation"": ""CPython"", ""version"": ""3.12.2"", ""version_info"": ""3.12.2""}, ""git"": {""commit_hash"": ""0d9be48d5161918e56908f73cddd63d9b51ecd84""}, ""timezone"": {""timezone_name"": ""UTC"", ""utc_offset_hours"": 0.0}, ""timestamp"": 1752926592.0}",0d9be48d5161918e56908f73cddd63d9b51ecd84,2025-07-22T14:42:30,,UNSUPPORTED,,,,,,,"{""reason"": ""Solver does not support SDP problems"", ""problem_type"": ""SDP"", ""problem_class"": ""SDP""}"
1679,matlab_sdpt3,SDPT3-4.0-20240410 (MATLAB 24.1.0.2537033 (R2024a)),SDPLIB,thetaG51,SDP,"{""cpu"": {""cpu_count"": 8, ""cpu_count_physical"": 8, ""processor"": ""arm"", ""architecture"": ""64bit""}, ""memory"": {""total_gb"": 24.0}, ""os"": {""system"": ""Darwin"", ""machine"": ""arm64"", ""release"": ""23.5.0""}, ""python"": {""implementation"": ""CPython"", ""version"": ""3.12.2"", ""version_info"": ""3.12.2""}, ""git"": {""commit_hash"": ""96ca043787ef8c38515cfa8d108d16b61b823e04""}, ""timezone"": {""timezone_name"": ""UTC"", ""utc_offset_hours"": 0.0}, ""timestamp"": 1752926592.0}",96ca043787ef8c38515cfa8d108d16b61b823e04,2025-07-19T14:34:40,138.05433633333334,UNKNOWN,-348.9999945185722,-349.0000002426005,5.724028312670271e-06,1.8779632575768103e-08,0.0,39,"{""matlab_output"": {""solver_name"": ""SDPT3"", ""status"": ""unknown"", ""solve_time"": 138.05433633333334, ""setup_time"": [], ""iterations"": 39, ""primal_objective_value"": -348.9999945185722, ""dual_objective_value"": -349.0000002426005, ""duality_gap"": 5.724028312670271e-06, ""primal_infeasibility"": 1.8779632575768103e-08, ""dual_infeasibility"": 0, ""solver_version"": ""SDPT3-4.0-20240410"", ""solver_options"": {}, ""termination_reason"": """", ""error_message"": """", ""timestamp"": ""2025-07-19 23:34:36"", ""matlab_version"": ""24.1.0.2537033 (R2024a)""}, ""matlab_version"": ""24.1.0.2537033 (R2024a)"", ""solver_backend"": ""sdpt3"", ""execution_environment"": ""matlab"", ""problem_class"": ""SDP""}"
1281,matlab_sedumi,unknown,SDPLIB,thetaG51,SDP,"{""cpu"": {""cpu_count"": 8, ""cpu_count_physical"": 8, ""processor"": ""arm"", ""architecture"": ""64bit""}, ""memory"": {""total_gb"": 24.0}, ""os"": {""system"": ""Darwin"", ""machine"": ""arm64"", ""release"": ""23.5.0""}, ""python"": {""implementation"": ""CPython"", ""version"": ""3.12.2"", ""version_info"": ""3.12.2""}, ""git"": {""commit_hash"": ""443b599dca6666ab5976e2cf184c9398d48cda2b""}, ""timezone"": {""timezone_name"": ""UTC"", ""utc_offset_hours"": 0.0}, ""timestamp"": 1752416768.0}",443b599dca6666ab5976e2cf184c9398d48cda2b,2025-07-18T14:41:01,300.0,TIMEOUT,,,,,,,"{""timeout_duration"": 300, ""problem_class"": ""SDP""}"
1791,scipy_linprog,scipy-1.15.3,SDPLIB,thetaG51,SDP,"{""cpu"": {""cpu_count"": 8, ""cpu_count_physical"": 8, ""processor"": ""arm"", ""architecture"": ""64bit""}, ""memory"": {""total_gb"": 24.0}, ""os"": {""system"": ""Darwin"", ""machine"": ""arm64"", ""release"": ""23.5.0""}, ""python"": {""implementation"": ""CPython"", ""version"": ""3.12.2"", ""version_info"": ""3.12.2""}, ""git"": {""commit_hash"": ""0d9be48d5161918e56908f73cddd63d9b51ecd84""}, ""timezone"": {""timezone_name"": ""UTC"", ""utc_offset_hours"": 0.0}, ""timestamp"": 1752926592.0}",0d9be48d5161918e56908f73cddd63d9b51ecd84,2025-07-22T14:42:33,,UNSUPPORTED,,,,,,,"{""reason"": ""Solver does not support SDP problems"", ""problem_type"": ""SDP"", ""problem_class"": ""SDP""}"
1318,cvxpy_clarabel,cvxpy-1.6.5-CLARABEL-0.11.0,SDPLIB,truss1,SDP,"{""cpu"": {""cpu_count"": 8, ""cpu_count_physical"": 8, ""processor"": ""arm"", ""architecture"": ""64bit""}, ""memory"": {""total_gb"": 24.0}, ""os"": {""system"": ""Darwin"", ""machine"": ""arm64"", ""release"": ""23.5.0""}, ""python"": {""implementation"": ""CPython"", ""version"": ""3.12.2"", ""version_info"": ""3.12.2""}, ""git"": {""commit_hash"": ""443b599dca6666ab5976e2cf184c9398d48cda2b""}, ""timezone"": {""timezone_name"": ""UTC"", ""utc_offset_hours"": 0.0}, ""timestamp"": 1752416768.0}",443b599dca6666ab5976e2cf184c9398d48cda2b,2025-07-18T16:08:51,0.00537109375,OPTIMAL,8.999996209209556,8.999996230766877,-2.1557321261411744e-08,1.8223965354693912e-08,9.58875201462206e-11,11,"{""solver_solve_time"": 0.000160999, ""problem_class"": ""SDP""}"
1319,cvxpy_cvxopt,cvxpy-1.6.5-CVXOPT-1.3.2,SDPLIB,truss1,SDP,"{""cpu"": {""cpu_count"": 8, ""cpu_count_physical"": 8, ""processor"": ""arm"", ""architecture"": ""64bit""}, ""memory"": {""total_gb"": 24.0}, ""os"": {""system"": ""Darwin"", ""machine"": ""arm64"", ""release"": ""23.5.0""}, ""python"": {""implementation"": ""CPython"", ""version"": ""3.12.2"", ""version_info"": ""3.12.2""}, ""git"": {""commit_hash"": ""443b599dca6666ab5976e2cf184c9398d48cda2b""}, ""timezone"": {""timezone_name"": ""UTC"", ""utc_offset_hours"": 0.0}, ""timestamp"": 1752416768.0}",443b599dca6666ab5976e2cf184c9398d48cda2b,2025-07-18T16:08:51,0.027730941772460938,OPTIMAL,8.999996217101113,8.999996231565662,-1.446454866993463e-08,2.1552454348135378e-08,1.3113686044545564e-09,,"{""iteration_info_limitation"": ""CVXOPT does not provide iteration count through CVXPY"", ""solver_solve_time"": null, ""problem_class"": ""SDP""}"
1342,cvxpy_ecos,cvxpy-1.6.5-ECOS-2.0.14,SDPLIB,truss1,SDP,"{""cpu"": {""cpu_count"": 8, ""cpu_count_physical"": 8, ""processor"": ""arm"", ""architecture"": ""64bit""}, ""memory"": {""total_gb"": 24.0}, ""os"": {""system"": ""Darwin"", ""machine"": ""arm64"", ""release"": ""23.5.0""}, ""python"": {""implementation"": ""CPython"", ""version"": ""3.12.2"", ""version_info"": ""3.12.2""}, ""git"": {""commit_hash"": ""443b599dca6666ab5976e2cf184c9398d48cda2b""}, ""timezone"": {""timezone_name"": ""UTC"", ""utc_offset_hours"": 0.0}, ""timestamp"": 1752416768.0}",443b599dca6666ab5976e2cf184c9398d48cda2b,2025-07-18T16:09:35,,UNSUPPORTED,,,,,,,"{""reason"": ""Solver does not support SDP problems"", ""problem_type"": ""SDP"", ""problem_class"": ""SDP""}"
1343,cvxpy_highs,cvxpy-1.6.5-HIGHS-1.11.0,SDPLIB,truss1,SDP,"{""cpu"": {""cpu_count"": 8, ""cpu_count_physical"": 8, ""processor"": ""arm"", ""architecture"": ""64bit""}, ""memory"": {""total_gb"": 24.0}, ""os"": {""system"": ""Darwin"", ""machine"": ""arm64"", ""release"": ""23.5.0""}, ""python"": {""implementation"": ""CPython"", ""version"": ""3.12.2"", ""version_info"": ""3.12.2""}, ""git"": {""commit_hash"": ""443b599dca6666ab5976e2cf184c9398d48cda2b""}, ""timezone"": {""timezone_name"": ""UTC"", ""utc_offset_hours"": 0.0}, ""timestamp"": 1752416768.0}",443b599dca6666ab5976e2cf184c9398d48cda2b,2025-07-18T16:09:35,,UNSUPPORTED,,,,,,,"{""reason"": ""Solver does not support SDP problems"", ""problem_type"": ""SDP"", ""problem_class"": ""SDP""}"
1344,cvxpy_osqp,cvxpy-1.6.5-OSQP-1.0.4,SDPLIB,truss1,SDP,"{""cpu"": {""cpu_count"": 8, ""cpu_count_physical"": 8, ""processor"": ""arm"", ""architecture"": ""64bit""}, ""memory"": {""total_gb"": 24.0}, ""os"": {""system"": ""Darwin"", ""machine"": ""arm64"", ""release"": ""23.5.0""}, ""python"": {""implementation"": ""CPython"", ""version"": ""3.12.2"", ""version_info"": ""3.12.2""}, ""git"": {""commit_hash"": ""443b599dca6666ab5976e2cf184c9398d48cda2b""}, ""timezone"": {""timezone_name"": ""UTC"", ""utc_offset_hours"": 0.0}, ""timestamp"": 1752416768.0}",443b599dca6666ab5976e2cf184c9398d48cda2b,2025-07-18T16:09:35,,UNSUPPORTED,,,,,,,"{""reason"": ""Solver does not support SDP problems"", ""problem_type"": ""SDP"", ""problem_class"": ""SDP""}"
1345,cvxpy_scip,cvxpy-1.6.5-SCIP-5.5.0,SDPLIB,truss1,SDP,"{""cpu"": {""cpu_count"": 8, ""cpu_count_physical"": 8, ""processor"": ""arm"", ""architecture"": ""64bit""}, ""memory"": {""total_gb"": 24.0}, ""os"": {""system"": ""Darwin"", ""machine"": ""arm64"", ""release"": ""23.5.0""}, ""python"": {""implementation"": ""CPython"", ""version"": ""3.12.2"", ""version_info"": ""3.12.2""}, ""git"": {""commit_hash"": ""443b599dca6666ab5976e2cf184c9398d48cda2b""}, ""timezone"": {""timezone_name"": ""UTC"", ""utc_offset_hours"": 0.0}, ""timestamp"": 1752416768.0}",443b599dca6666ab5976e2cf184c9398d48cda2b,2025-07-18T16:09:35,,UNSUPPORTED,,,,,,,"{""reason"": ""Solver does not support SDP problems"", ""problem_type"": ""SDP"", ""problem_class"": ""SDP""}"
1320,cvxpy_scs,cvxpy-1.6.5-SCS-3.2.7.post2,SDPLIB,truss1,SDP,"{""cpu"": {""cpu_count"": 8, ""cpu_count_physical"": 8, ""processor"": ""arm"", ""architecture"": ""64bit""}, ""memory"": {""total_gb"": 24.0}, ""os"": {""system"": ""Darwin"", ""machine"": ""arm64"", ""release"": ""23.5.0""}, ""python"": {""implementation"": ""CPython"", ""version"": ""3.12.2"", ""version_info"": ""3.12.2""}, ""git"": {""commit_hash"": ""443b599dca6666ab5976e2cf184c9398d48cda2b""}, ""timezone"": {""timezone_name"": ""UTC"", ""utc_offset_hours"": 0.0}, ""timestamp"": 1752416768.0}",443b599dca6666ab5976e2cf184c9398d48cda2b,2025-07-18T16:08:51,0.005390167236328125,OPTIMAL,9.000014086327363,9.000007538484402,6.547842961168726e-06,7.190939502213777e-07,2.017647402124318e-05,175,"{""solver_solve_time"": 0.000392291, ""problem_class"": ""SDP""}"
1321,cvxpy_sdpa,cvxpy-1.6.5-SDPA-0.2.2,SDPLIB,truss1,SDP,"{""cpu"": {""cpu_count"": 8, ""cpu_count_physical"": 8, ""processor"": ""arm"", ""architecture"": ""64bit""}, ""memory"": {""total_gb"": 24.0}, ""os"": {""system"": ""Darwin"", ""machine"": ""arm64"", ""release"": ""23.5.0""}, ""python"": {""implementation"": ""CPython"", ""version"": ""3.12.2"", ""version_info"": ""3.12.2""}, ""git"": {""commit_hash"": ""443b599dca6666ab5976e2cf184c9398d48cda2b""}, ""timezone"": {""timezone_name"": ""UTC"", ""utc_offset_hours"": 0.0}, ""timestamp"": 1752416768.0}",443b599dca6666ab5976e2cf184c9398d48cda2b,2025-07-18T16:08:51,0.013810157775878906,OPTIMAL,8.999996508066124,8.999996257439102,2.5062702135869586e-07,3.858578150973925e-14,0.0,,"{""iteration_info_limitation"": ""SDPA does not provide iteration count through CVXPY"", ""solver_solve_time"": null, ""problem_class"": ""SDP""}"
1640,matlab_sdpt3,SDPT3-4.0-20240410 (MATLAB 24.1.0.2537033 (R2024a)),SDPLIB,truss1,SDP,"{""cpu"": {""cpu_count"": 8, ""cpu_count_physical"": 8, ""processor"": ""arm"", ""architecture"": ""64bit""}, ""memory"": {""total_gb"": 24.0}, ""os"": {""system"": ""Darwin"", ""machine"": ""arm64"", ""release"": ""23.5.0""}, ""python"": {""implementation"": ""CPython"", ""version"": ""3.12.2"", ""version_info"": ""3.12.2""}, ""git"": {""commit_hash"": ""96ca043787ef8c38515cfa8d108d16b61b823e04""}, ""timezone"": {""timezone_name"": ""UTC"", ""utc_offset_hours"": 0.0}, ""timestamp"": 1752926592.0}",96ca043787ef8c38515cfa8d108d16b61b823e04,2025-07-19T14:05:43,0.24263908333333334,OPTIMAL,8.999996513737967,8.999996285281131,2.2845683567140895e-07,2.3112684240151632e-09,0.0,9,"{""matlab_output"": {""solver_name"": ""SDPT3"", ""status"": ""optimal"", ""solve_time"": 0.24263908333333334, ""setup_time"": [], ""iterations"": 9, ""primal_objective_value"": 8.999996513737967, ""dual_objective_value"": 8.999996285281131, ""duality_gap"": 2.2845683567140895e-07, ""primal_infeasibility"": 2.3112684240151632e-09, ""dual_infeasibility"": 0, ""solver_version"": ""SDPT3-4.0-20240410"", ""solver_options"": {}, ""termination_reason"": """", ""error_message"": """", ""timestamp"": ""2025-07-19 23:05:40"", ""matlab_version"": ""24.1.0.2537033 (R2024a)""}, ""matlab_version"": ""24.1.0.2537033 (R2024a)"", ""solver_backend"": ""sdpt3"", ""execution_environment"": ""matlab"", ""problem_class"": ""SDP""}"
1510,matlab_sedumi,SeDuMi-1.3.7 (MATLAB 24.1.0.2537033 (R2024a)),SDPLIB,truss1,SDP,"{""cpu"": {""cpu_count"": 8, ""cpu_count_physical"": 8, ""processor"": ""arm"", ""architecture"": ""64bit""}, ""memory"": {""total_gb"": 24.0}, ""os"": {""system"": ""Darwin"", ""machine"": ""arm64"", ""release"": ""23.5.0""}, ""python"": {""implementation"": ""CPython"", ""version"": ""3.12.2"", ""version_info"": ""3.12.2""}, ""git"": {""commit_hash"": ""96ca043787ef8c38515cfa8d108d16b61b823e04""}, ""timezone"": {""timezone_name"": ""UTC"", ""utc_offset_hours"": 0.0}, ""timestamp"": 1752926592.0}",96ca043787ef8c38515cfa8d108d16b61b823e04,2025-07-19T12:46:18,0.279735125,OPTIMAL,8.999996304463258,8.999996309461777,4.998518932097795e-09,2.0925600974181833e-09,0.0,13,"{""matlab_output"": {""solver_name"": ""SeDuMi"", ""status"": ""optimal"", ""solve_time"": 0.279735125, ""setup_time"": [], ""iterations"": 13, ""primal_objective_value"": 8.999996304463258, ""dual_objective_value"": 8.999996309461777, ""duality_gap"": 4.998518932097795e-09, ""primal_infeasibility"": 2.0925600974181833e-09, ""dual_infeasibility"": 0, ""solver_version"": ""SeDuMi-1.3.7"", ""solver_options"": {}, ""termination_reason"": """", ""error_message"": """", ""timestamp"": ""2025-07-19 21:46:15"", ""matlab_version"": ""24.1.0.2537033 (R2024a)""}, ""matlab_version"": ""24.1.0.2537033 (R2024a)"", ""solver_backend"": ""sedumi"", ""execution_environment"": ""matlab"", ""problem_class"": ""SDP""}"
1346,scipy_linprog,scipy-1.15.3,SDPLIB,truss1,SDP,"{""cpu"": {""cpu_count"": 8, ""cpu_count_physical"": 8, ""processor"": ""arm"", ""architecture"": ""64bit""}, ""memory"": {""total_gb"": 24.0}, ""os"": {""system"": ""Darwin"", ""machine"": ""arm64"", ""release"": ""23.5.0""}, ""python"": {""implementation"": ""CPython"", ""version"": ""3.12.2"", ""version_info"": ""3.12.2""}, ""git"": {""commit_hash"": ""443b599dca6666ab5976e2cf184c9398d48cda2b""}, ""timezone"": {""timezone_name"": ""UTC"", ""utc_offset_hours"": 0.0}, ""timestamp"": 1752416768.0}",443b599dca6666ab5976e2cf184c9398d48cda2b,2025-07-18T16:09:35,,UNSUPPORTED,,,,,,,"{""reason"": ""Solver does not support SDP problems"", ""problem_type"": ""SDP"", ""problem_class"": ""SDP""}"
1322,cvxpy_clarabel,cvxpy-1.6.5-CLARABEL-0.11.0,SDPLIB,truss2,SDP,"{""cpu"": {""cpu_count"": 8, ""cpu_count_physical"": 8, ""processor"": ""arm"", ""architecture"": ""64bit""}, ""memory"": {""total_gb"": 24.0}, ""os"": {""system"": ""Darwin"", ""machine"": ""arm64"", ""release"": ""23.5.0""}, ""python"": {""implementation"": ""CPython"", ""version"": ""3.12.2"", ""version_info"": ""3.12.2""}, ""git"": {""commit_hash"": ""443b599dca6666ab5976e2cf184c9398d48cda2b""}, ""timezone"": {""timezone_name"": ""UTC"", ""utc_offset_hours"": 0.0}, ""timestamp"": 1752416768.0}",443b599dca6666ab5976e2cf184c9398d48cda2b,2025-07-18T16:08:51,0.028374910354614258,OPTIMAL,123.38032438780319,123.38032501198148,-6.241782983806843e-07,4.5631147473518165e-07,5.400635161301182e-09,14,"{""solver_solve_time"": 0.003692876, ""problem_class"": ""SDP""}"
1323,cvxpy_cvxopt,cvxpy-1.6.5-CVXOPT-1.3.2,SDPLIB,truss2,SDP,"{""cpu"": {""cpu_count"": 8, ""cpu_count_physical"": 8, ""processor"": ""arm"", ""architecture"": ""64bit""}, ""memory"": {""total_gb"": 24.0}, ""os"": {""system"": ""Darwin"", ""machine"": ""arm64"", ""release"": ""23.5.0""}, ""python"": {""implementation"": ""CPython"", ""version"": ""3.12.2"", ""version_info"": ""3.12.2""}, ""git"": {""commit_hash"": ""443b599dca6666ab5976e2cf184c9398d48cda2b""}, ""timezone"": {""timezone_name"": ""UTC"", ""utc_offset_hours"": 0.0}, ""timestamp"": 1752416768.0}",443b599dca6666ab5976e2cf184c9398d48cda2b,2025-07-18T16:08:51,0.34323596954345703,OPTIMAL,123.38035632795552,123.38035633377643,-5.820908199893893e-09,2.6424809145593065e-09,3.955822371523896e-11,,"{""iteration_info_limitation"": ""CVXOPT does not provide iteration count through CVXPY"", ""solver_solve_time"": null, ""problem_class"": ""SDP""}"
1347,cvxpy_ecos,cvxpy-1.6.5-ECOS-2.0.14,SDPLIB,truss2,SDP,"{""cpu"": {""cpu_count"": 8, ""cpu_count_physical"": 8, ""processor"": ""arm"", ""architecture"": ""64bit""}, ""memory"": {""total_gb"": 24.0}, ""os"": {""system"": ""Darwin"", ""machine"": ""arm64"", ""release"": ""23.5.0""}, ""python"": {""implementation"": ""CPython"", ""version"": ""3.12.2"", ""version_info"": ""3.12.2""}, ""git"": {""commit_hash"": ""443b599dca6666ab5976e2cf184c9398d48cda2b""}, ""timezone"": {""timezone_name"": ""UTC"", ""utc_offset_hours"": 0.0}, ""timestamp"": 1752416768.0}",443b599dca6666ab5976e2cf184c9398d48cda2b,2025-07-18T16:09:35,,UNSUPPORTED,,,,,,,"{""reason"": ""Solver does not support SDP problems"", ""problem_type"": ""SDP"", ""problem_class"": ""SDP""}"
1348,cvxpy_highs,cvxpy-1.6.5-HIGHS-1.11.0,SDPLIB,truss2,SDP,"{""cpu"": {""cpu_count"": 8, ""cpu_count_physical"": 8, ""processor"": ""arm"", ""architecture"": ""64bit""}, ""memory"": {""total_gb"": 24.0}, ""os"": {""system"": ""Darwin"", ""machine"": ""arm64"", ""release"": ""23.5.0""}, ""python"": {""implementation"": ""CPython"", ""version"": ""3.12.2"", ""version_info"": ""3.12.2""}, ""git"": {""commit_hash"": ""443b599dca6666ab5976e2cf184c9398d48cda2b""}, ""timezone"": {""timezone_name"": ""UTC"", ""utc_offset_hours"": 0.0}, ""timestamp"": 1752416768.0}",443b599dca6666ab5976e2cf184c9398d48cda2b,2025-07-18T16:09:35,,UNSUPPORTED,,,,,,,"{""reason"": ""Solver does not support SDP problems"", ""problem_type"": ""SDP"", ""problem_class"": ""SDP""}"
1349,cvxpy_osqp,cvxpy-1.6.5-OSQP-1.0.4,SDPLIB,truss2,SDP,"{""cpu"": {""cpu_count"": 8, ""cpu_count_physical"": 8, ""processor"": ""arm"", ""architecture"": ""64bit""}, ""memory"": {""total_gb"": 24.0}, ""os"": {""system"": ""Darwin"", ""machine"": ""arm64"", ""release"": ""23.5.0""}, ""python"": {""implementation"": ""CPython"", ""version"": ""3.12.2"", ""version_info"": ""3.12.2""}, ""git"": {""commit_hash"": ""443b599dca6666ab5976e2cf184c9398d48cda2b""}, ""timezone"": {""timezone_name"": ""UTC"", ""utc_offset_hours"": 0.0}, ""timestamp"": 1752416768.0}",443b599dca6666ab5976e2cf184c9398d48cda2b,2025-07-18T16:09:35,,UNSUPPORTED,,,,,,,"{""reason"": ""Solver does not support SDP problems"", ""problem_type"": ""SDP"", ""problem_class"": ""SDP""}"
1350,cvxpy_scip,cvxpy-1.6.5-SCIP-5.5.0,SDPLIB,truss2,SDP,"{""cpu"": {""cpu_count"": 8, ""cpu_count_physical"": 8, ""processor"": ""arm"", ""architecture"": ""64bit""}, ""memory"": {""total_gb"": 24.0}, ""os"": {""system"": ""Darwin"", ""machine"": ""arm64"", ""release"": ""23.5.0""}, ""python"": {""implementation"": ""CPython"", ""version"": ""3.12.2"", ""version_info"": ""3.12.2""}, ""git"": {""commit_hash"": ""443b599dca6666ab5976e2cf184c9398d48cda2b""}, ""timezone"": {""timezone_name"": ""UTC"", ""utc_offset_hours"": 0.0}, ""timestamp"": 1752416768.0}",443b599dca6666ab5976e2cf184c9398d48cda2b,2025-07-18T16:09:35,,UNSUPPORTED,,,,,,,"{""reason"": ""Solver does not support SDP problems"", ""problem_type"": ""SDP"", ""problem_class"": ""SDP""}"
1324,cvxpy_scs,cvxpy-1.6.5-SCS-3.2.7.post2,SDPLIB,truss2,SDP,"{""cpu"": {""cpu_count"": 8, ""cpu_count_physical"": 8, ""processor"": ""arm"", ""architecture"": ""64bit""}, ""memory"": {""total_gb"": 24.0}, ""os"": {""system"": ""Darwin"", ""machine"": ""arm64"", ""release"": ""23.5.0""}, ""python"": {""implementation"": ""CPython"", ""version"": ""3.12.2"", ""version_info"": ""3.12.2""}, ""git"": {""commit_hash"": ""443b599dca6666ab5976e2cf184c9398d48cda2b""}, ""timezone"": {""timezone_name"": ""UTC"", ""utc_offset_hours"": 0.0}, ""timestamp"": 1752416768.0}",443b599dca6666ab5976e2cf184c9398d48cda2b,2025-07-18T16:08:52,0.8349161148071289,OPTIMAL,123.38606688355063,123.3860739362167,-7.052666077811409e-06,6.498518343337364e-06,0.0006916402494040062,20875,"{""solver_solve_time"": 0.810098083, ""problem_class"": ""SDP""}"
1325,cvxpy_sdpa,cvxpy-1.6.5-SDPA-0.2.2,SDPLIB,truss2,SDP,"{""cpu"": {""cpu_count"": 8, ""cpu_count_physical"": 8, ""processor"": ""arm"", ""architecture"": ""64bit""}, ""memory"": {""total_gb"": 24.0}, ""os"": {""system"": ""Darwin"", ""machine"": ""arm64"", ""release"": ""23.5.0""}, ""python"": {""implementation"": ""CPython"", ""version"": ""3.12.2"", ""version_info"": ""3.12.2""}, ""git"": {""commit_hash"": ""443b599dca6666ab5976e2cf184c9398d48cda2b""}, ""timezone"": {""timezone_name"": ""UTC"", ""utc_offset_hours"": 0.0}, ""timestamp"": 1752416768.0}",443b599dca6666ab5976e2cf184c9398d48cda2b,2025-07-18T16:08:53,0.07007503509521484,OPTIMAL,123.38036039934943,123.38035581736214,4.58198728381376e-06,4.557386001179585e-12,0.0,,"{""iteration_info_limitation"": ""SDPA does not provide iteration count through CVXPY"", ""solver_solve_time"": null, ""problem_class"": ""SDP""}"
1641,matlab_sdpt3,SDPT3-4.0-20240410 (MATLAB 24.1.0.2537033 (R2024a)),SDPLIB,truss2,SDP,"{""cpu"": {""cpu_count"": 8, ""cpu_count_physical"": 8, ""processor"": ""arm"", ""architecture"": ""64bit""}, ""memory"": {""total_gb"": 24.0}, ""os"": {""system"": ""Darwin"", ""machine"": ""arm64"", ""release"": ""23.5.0""}, ""python"": {""implementation"": ""CPython"", ""version"": ""3.12.2"", ""version_info"": ""3.12.2""}, ""git"": {""commit_hash"": ""96ca043787ef8c38515cfa8d108d16b61b823e04""}, ""timezone"": {""timezone_name"": ""UTC"", ""utc_offset_hours"": 0.0}, ""timestamp"": 1752926592.0}",96ca043787ef8c38515cfa8d108d16b61b823e04,2025-07-19T14:05:49,0.36276016666666666,OPTIMAL,123.38035721605554,123.38035631007274,9.059828016688698e-07,9.364706977581974e-10,0.0,13,"{""matlab_output"": {""solver_name"": ""SDPT3"", ""status"": ""optimal"", ""solve_time"": 0.36276016666666666, ""setup_time"": [], ""iterations"": 13, ""primal_objective_value"": 123.38035721605554, ""dual_objective_value"": 123.38035631007274, ""duality_gap"": 9.059828016688698e-07, ""primal_infeasibility"": 9.364706977581974e-10, ""dual_infeasibility"": 0, ""solver_version"": ""SDPT3-4.0-20240410"", ""solver_options"": {}, ""termination_reason"": """", ""error_message"": """", ""timestamp"": ""2025-07-19 23:05:46"", ""matlab_version"": ""24.1.0.2537033 (R2024a)""}, ""matlab_version"": ""24.1.0.2537033 (R2024a)"", ""solver_backend"": ""sdpt3"", ""execution_environment"": ""matlab"", ""problem_class"": ""SDP""}"
1511,matlab_sedumi,SeDuMi-1.3.7 (MATLAB 24.1.0.2537033 (R2024a)),SDPLIB,truss2,SDP,"{""cpu"": {""cpu_count"": 8, ""cpu_count_physical"": 8, ""processor"": ""arm"", ""architecture"": ""64bit""}, ""memory"": {""total_gb"": 24.0}, ""os"": {""system"": ""Darwin"", ""machine"": ""arm64"", ""release"": ""23.5.0""}, ""python"": {""implementation"": ""CPython"", ""version"": ""3.12.2"", ""version_info"": ""3.12.2""}, ""git"": {""commit_hash"": ""96ca043787ef8c38515cfa8d108d16b61b823e04""}, ""timezone"": {""timezone_name"": ""UTC"", ""utc_offset_hours"": 0.0}, ""timestamp"": 1752926592.0}",96ca043787ef8c38515cfa8d108d16b61b823e04,2025-07-19T12:46:24,0.3927455833333333,OPTIMAL,123.38035631112416,123.38035631802163,6.897465709698736e-09,2.9604864720439395e-09,3.2852692607373415e-11,20,"{""matlab_output"": {""solver_name"": ""SeDuMi"", ""status"": ""optimal"", ""solve_time"": 0.3927455833333333, ""setup_time"": [], ""iterations"": 20, ""primal_objective_value"": 123.38035631112416, ""dual_objective_value"": 123.38035631802163, ""duality_gap"": 6.897465709698736e-09, ""primal_infeasibility"": 2.9604864720439395e-09, ""dual_infeasibility"": 3.2852692607373415e-11, ""solver_version"": ""SeDuMi-1.3.7"", ""solver_options"": {}, ""termination_reason"": """", ""error_message"": """", ""timestamp"": ""2025-07-19 21:46:21"", ""matlab_version"": ""24.1.0.2537033 (R2024a)""}, ""matlab_version"": ""24.1.0.2537033 (R2024a)"", ""solver_backend"": ""sedumi"", ""execution_environment"": ""matlab"", ""problem_class"": ""SDP""}"
1351,scipy_linprog,scipy-1.15.3,SDPLIB,truss2,SDP,"{""cpu"": {""cpu_count"": 8, ""cpu_count_physical"": 8, ""processor"": ""arm"", ""architecture"": ""64bit""}, ""memory"": {""total_gb"": 24.0}, ""os"": {""system"": ""Darwin"", ""machine"": ""arm64"", ""release"": ""23.5.0""}, ""python"": {""implementation"": ""CPython"", ""version"": ""3.12.2"", ""version_info"": ""3.12.2""}, ""git"": {""commit_hash"": ""443b599dca6666ab5976e2cf184c9398d48cda2b""}, ""timezone"": {""timezone_name"": ""UTC"", ""utc_offset_hours"": 0.0}, ""timestamp"": 1752416768.0}",443b599dca6666ab5976e2cf184c9398d48cda2b,2025-07-18T16:09:36,,UNSUPPORTED,,,,,,,"{""reason"": ""Solver does not support SDP problems"", ""problem_type"": ""SDP"", ""problem_class"": ""SDP""}"
1415,cvxpy_clarabel,cvxpy-1.6.5-CLARABEL-0.11.0,SDPLIB,truss3,SDP,"{""cpu"": {""cpu_count"": 8, ""cpu_count_physical"": 8, ""processor"": ""arm"", ""architecture"": ""64bit""}, ""memory"": {""total_gb"": 24.0}, ""os"": {""system"": ""Darwin"", ""machine"": ""arm64"", ""release"": ""23.5.0""}, ""python"": {""implementation"": ""CPython"", ""version"": ""3.12.2"", ""version_info"": ""3.12.2""}, ""git"": {""commit_hash"": ""443b599dca6666ab5976e2cf184c9398d48cda2b""}, ""timezone"": {""timezone_name"": ""UTC"", ""utc_offset_hours"": 0.0}, ""timestamp"": 1752416768.0}",443b599dca6666ab5976e2cf184c9398d48cda2b,2025-07-18T16:33:41,0.008645772933959961,OPTIMAL,9.109996173192481,9.109996174546737,-1.3542553745082841e-09,4.4855110956190985e-09,3.2774392518465433e-10,12,"{""solver_solve_time"": 0.002515546, ""problem_class"": ""SDP""}"
1326,cvxpy_clarabel,cvxpy-1.6.5-CLARABEL-0.11.0,SDPLIB,truss3,SDP,"{""cpu"": {""cpu_count"": 8, ""cpu_count_physical"": 8, ""processor"": ""arm"", ""architecture"": ""64bit""}, ""memory"": {""total_gb"": 24.0}, ""os"": {""system"": ""Darwin"", ""machine"": ""arm64"", ""release"": ""23.5.0""}, ""python"": {""implementation"": ""CPython"", ""version"": ""3.12.2"", ""version_info"": ""3.12.2""}, ""git"": {""commit_hash"": ""443b599dca6666ab5976e2cf184c9398d48cda2b""}, ""timezone"": {""timezone_name"": ""UTC"", ""utc_offset_hours"": 0.0}, ""timestamp"": 1752416768.0}",443b599dca6666ab5976e2cf184c9398d48cda2b,2025-07-18T16:08:53,0.007981061935424805,OPTIMAL,9.109996173192481,9.109996174546737,-1.3542553745082841e-09,4.4855110956190985e-09,3.2774392518465433e-10,12,"{""solver_solve_time"": 0.002694167, ""problem_class"": ""SDP""}"
1416,cvxpy_cvxopt,cvxpy-1.6.5-CVXOPT-1.3.2,SDPLIB,truss3,SDP,"{""cpu"": {""cpu_count"": 8, ""cpu_count_physical"": 8, ""processor"": ""arm"", ""architecture"": ""64bit""}, ""memory"": {""total_gb"": 24.0}, ""os"": {""system"": ""Darwin"", ""machine"": ""arm64"", ""release"": ""23.5.0""}, ""python"": {""implementation"": ""CPython"", ""version"": ""3.12.2"", ""version_info"": ""3.12.2""}, ""git"": {""commit_hash"": ""443b599dca6666ab5976e2cf184c9398d48cda2b""}, ""timezone"": {""timezone_name"": ""UTC"", ""utc_offset_hours"": 0.0}, ""timestamp"": 1752416768.0}",443b599dca6666ab5976e2cf184c9398d48cda2b,2025-07-18T16:33:41,0.062148094177246094,OPTIMAL,9.10999614243476,9.109996145768458,-3.333697762286647e-09,1.0593331383658811e-08,3.349913566356823e-10,,"{""iteration_info_limitation"": ""CVXOPT does not provide iteration count through CVXPY"", ""solver_solve_time"": null, ""problem_class"": ""SDP""}"
1327,cvxpy_cvxopt,cvxpy-1.6.5-CVXOPT-1.3.2,SDPLIB,truss3,SDP,"{""cpu"": {""cpu_count"": 8, ""cpu_count_physical"": 8, ""processor"": ""arm"", ""architecture"": ""64bit""}, ""memory"": {""total_gb"": 24.0}, ""os"": {""system"": ""Darwin"", ""machine"": ""arm64"", ""release"": ""23.5.0""}, ""python"": {""implementation"": ""CPython"", ""version"": ""3.12.2"", ""version_info"": ""3.12.2""}, ""git"": {""commit_hash"": ""443b599dca6666ab5976e2cf184c9398d48cda2b""}, ""timezone"": {""timezone_name"": ""UTC"", ""utc_offset_hours"": 0.0}, ""timestamp"": 1752416768.0}",443b599dca6666ab5976e2cf184c9398d48cda2b,2025-07-18T16:08:53,0.05614018440246582,OPTIMAL,9.10999614243476,9.109996145768458,-3.333697762286647e-09,1.0593331383658811e-08,3.349913566356823e-10,,"{""iteration_info_limitation"": ""CVXOPT does not provide iteration count through CVXPY"", ""solver_solve_time"": null, ""problem_class"": ""SDP""}"
1419,cvxpy_ecos,cvxpy-1.6.5-ECOS-2.0.14,SDPLIB,truss3,SDP,"{""cpu"": {""cpu_count"": 8, ""cpu_count_physical"": 8, ""processor"": ""arm"", ""architecture"": ""64bit""}, ""memory"": {""total_gb"": 24.0}, ""os"": {""system"": ""Darwin"", ""machine"": ""arm64"", ""release"": ""23.5.0""}, ""python"": {""implementation"": ""CPython"", ""version"": ""3.12.2"", ""version_info"": ""3.12.2""}, ""git"": {""commit_hash"": ""443b599dca6666ab5976e2cf184c9398d48cda2b""}, ""timezone"": {""timezone_name"": ""UTC"", ""utc_offset_hours"": 0.0}, ""timestamp"": 1752416768.0}",443b599dca6666ab5976e2cf184c9398d48cda2b,2025-07-18T16:33:48,,UNSUPPORTED,,,,,,,"{""reason"": ""Solver does not support SDP problems"", ""problem_type"": ""SDP"", ""problem_class"": ""SDP""}"
1352,cvxpy_ecos,cvxpy-1.6.5-ECOS-2.0.14,SDPLIB,truss3,SDP,"{""cpu"": {""cpu_count"": 8, ""cpu_count_physical"": 8, ""processor"": ""arm"", ""architecture"": ""64bit""}, ""memory"": {""total_gb"": 24.0}, ""os"": {""system"": ""Darwin"", ""machine"": ""arm64"", ""release"": ""23.5.0""}, ""python"": {""implementation"": ""CPython"", ""version"": ""3.12.2"", ""version_info"": ""3.12.2""}, ""git"": {""commit_hash"": ""443b599dca6666ab5976e2cf184c9398d48cda2b""}, ""timezone"": {""timezone_name"": ""UTC"", ""utc_offset_hours"": 0.0}, ""timestamp"": 1752416768.0}",443b599dca6666ab5976e2cf184c9398d48cda2b,2025-07-18T16:09:36,,UNSUPPORTED,,,,,,,"{""reason"": ""Solver does not support SDP problems"", ""problem_type"": ""SDP"", ""problem_class"": ""SDP""}"
1420,cvxpy_highs,cvxpy-1.6.5-HIGHS-1.11.0,SDPLIB,truss3,SDP,"{""cpu"": {""cpu_count"": 8, ""cpu_count_physical"": 8, ""processor"": ""arm"", ""architecture"": ""64bit""}, ""memory"": {""total_gb"": 24.0}, ""os"": {""system"": ""Darwin"", ""machine"": ""arm64"", ""release"": ""23.5.0""}, ""python"": {""implementation"": ""CPython"", ""version"": ""3.12.2"", ""version_info"": ""3.12.2""}, ""git"": {""commit_hash"": ""443b599dca6666ab5976e2cf184c9398d48cda2b""}, ""timezone"": {""timezone_name"": ""UTC"", ""utc_offset_hours"": 0.0}, ""timestamp"": 1752416768.0}",443b599dca6666ab5976e2cf184c9398d48cda2b,2025-07-18T16:33:48,,UNSUPPORTED,,,,,,,"{""reason"": ""Solver does not support SDP problems"", ""problem_type"": ""SDP"", ""problem_class"": ""SDP""}"
1353,cvxpy_highs,cvxpy-1.6.5-HIGHS-1.11.0,SDPLIB,truss3,SDP,"{""cpu"": {""cpu_count"": 8, ""cpu_count_physical"": 8, ""processor"": ""arm"", ""architecture"": ""64bit""}, ""memory"": {""total_gb"": 24.0}, ""os"": {""system"": ""Darwin"", ""machine"": ""arm64"", ""release"": ""23.5.0""}, ""python"": {""implementation"": ""CPython"", ""version"": ""3.12.2"", ""version_info"": ""3.12.2""}, ""git"": {""commit_hash"": ""443b599dca6666ab5976e2cf184c9398d48cda2b""}, ""timezone"": {""timezone_name"": ""UTC"", ""utc_offset_hours"": 0.0}, ""timestamp"": 1752416768.0}",443b599dca6666ab5976e2cf184c9398d48cda2b,2025-07-18T16:09:36,,UNSUPPORTED,,,,,,,"{""reason"": ""Solver does not support SDP problems"", ""problem_type"": ""SDP"", ""problem_class"": ""SDP""}"
1421,cvxpy_osqp,cvxpy-1.6.5-OSQP-1.0.4,SDPLIB,truss3,SDP,"{""cpu"": {""cpu_count"": 8, ""cpu_count_physical"": 8, ""processor"": ""arm"", ""architecture"": ""64bit""}, ""memory"": {""total_gb"": 24.0}, ""os"": {""system"": ""Darwin"", ""machine"": ""arm64"", ""release"": ""23.5.0""}, ""python"": {""implementation"": ""CPython"", ""version"": ""3.12.2"", ""version_info"": ""3.12.2""}, ""git"": {""commit_hash"": ""443b599dca6666ab5976e2cf184c9398d48cda2b""}, ""timezone"": {""timezone_name"": ""UTC"", ""utc_offset_hours"": 0.0}, ""timestamp"": 1752416768.0}",443b599dca6666ab5976e2cf184c9398d48cda2b,2025-07-18T16:33:48,,UNSUPPORTED,,,,,,,"{""reason"": ""Solver does not support SDP problems"", ""problem_type"": ""SDP"", ""problem_class"": ""SDP""}"
1354,cvxpy_osqp,cvxpy-1.6.5-OSQP-1.0.4,SDPLIB,truss3,SDP,"{""cpu"": {""cpu_count"": 8, ""cpu_count_physical"": 8, ""processor"": ""arm"", ""architecture"": ""64bit""}, ""memory"": {""total_gb"": 24.0}, ""os"": {""system"": ""Darwin"", ""machine"": ""arm64"", ""release"": ""23.5.0""}, ""python"": {""implementation"": ""CPython"", ""version"": ""3.12.2"", ""version_info"": ""3.12.2""}, ""git"": {""commit_hash"": ""443b599dca6666ab5976e2cf184c9398d48cda2b""}, ""timezone"": {""timezone_name"": ""UTC"", ""utc_offset_hours"": 0.0}, ""timestamp"": 1752416768.0}",443b599dca6666ab5976e2cf184c9398d48cda2b,2025-07-18T16:09:36,,UNSUPPORTED,,,,,,,"{""reason"": ""Solver does not support SDP problems"", ""problem_type"": ""SDP"", ""problem_class"": ""SDP""}"
1422,cvxpy_scip,cvxpy-1.6.5-SCIP-5.5.0,SDPLIB,truss3,SDP,"{""cpu"": {""cpu_count"": 8, ""cpu_count_physical"": 8, ""processor"": ""arm"", ""architecture"": ""64bit""}, ""memory"": {""total_gb"": 24.0}, ""os"": {""system"": ""Darwin"", ""machine"": ""arm64"", ""release"": ""23.5.0""}, ""python"": {""implementation"": ""CPython"", ""version"": ""3.12.2"", ""version_info"": ""3.12.2""}, ""git"": {""commit_hash"": ""443b599dca6666ab5976e2cf184c9398d48cda2b""}, ""timezone"": {""timezone_name"": ""UTC"", ""utc_offset_hours"": 0.0}, ""timestamp"": 1752416768.0}",443b599dca6666ab5976e2cf184c9398d48cda2b,2025-07-18T16:33:48,,UNSUPPORTED,,,,,,,"{""reason"": ""Solver does not support SDP problems"", ""problem_type"": ""SDP"", ""problem_class"": ""SDP""}"
1355,cvxpy_scip,cvxpy-1.6.5-SCIP-5.5.0,SDPLIB,truss3,SDP,"{""cpu"": {""cpu_count"": 8, ""cpu_count_physical"": 8, ""processor"": ""arm"", ""architecture"": ""64bit""}, ""memory"": {""total_gb"": 24.0}, ""os"": {""system"": ""Darwin"", ""machine"": ""arm64"", ""release"": ""23.5.0""}, ""python"": {""implementation"": ""CPython"", ""version"": ""3.12.2"", ""version_info"": ""3.12.2""}, ""git"": {""commit_hash"": ""443b599dca6666ab5976e2cf184c9398d48cda2b""}, ""timezone"": {""timezone_name"": ""UTC"", ""utc_offset_hours"": 0.0}, ""timestamp"": 1752416768.0}",443b599dca6666ab5976e2cf184c9398d48cda2b,2025-07-18T16:09:36,,UNSUPPORTED,,,,,,,"{""reason"": ""Solver does not support SDP problems"", ""problem_type"": ""SDP"", ""problem_class"": ""SDP""}"
1417,cvxpy_scs,cvxpy-1.6.5-SCS-3.2.7.post2,SDPLIB,truss3,SDP,"{""cpu"": {""cpu_count"": 8, ""cpu_count_physical"": 8, ""processor"": ""arm"", ""architecture"": ""64bit""}, ""memory"": {""total_gb"": 24.0}, ""os"": {""system"": ""Darwin"", ""machine"": ""arm64"", ""release"": ""23.5.0""}, ""python"": {""implementation"": ""CPython"", ""version"": ""3.12.2"", ""version_info"": ""3.12.2""}, ""git"": {""commit_hash"": ""443b599dca6666ab5976e2cf184c9398d48cda2b""}, ""timezone"": {""timezone_name"": ""UTC"", ""utc_offset_hours"": 0.0}, ""timestamp"": 1752416768.0}",443b599dca6666ab5976e2cf184c9398d48cda2b,2025-07-18T16:33:41,0.5392508506774902,OPTIMAL,9.110041972462652,9.110042582572902,-6.101102503208722e-07,1.529861449889821e-06,1.7591794995023966e-05,44625,"{""solver_solve_time"": 0.533749833, ""problem_class"": ""SDP""}"
1328,cvxpy_scs,cvxpy-1.6.5-SCS-3.2.7.post2,SDPLIB,truss3,SDP,"{""cpu"": {""cpu_count"": 8, ""cpu_count_physical"": 8, ""processor"": ""arm"", ""architecture"": ""64bit""}, ""memory"": {""total_gb"": 24.0}, ""os"": {""system"": ""Darwin"", ""machine"": ""arm64"", ""release"": ""23.5.0""}, ""python"": {""implementation"": ""CPython"", ""version"": ""3.12.2"", ""version_info"": ""3.12.2""}, ""git"": {""commit_hash"": ""443b599dca6666ab5976e2cf184c9398d48cda2b""}, ""timezone"": {""timezone_name"": ""UTC"", ""utc_offset_hours"": 0.0}, ""timestamp"": 1752416768.0}",443b599dca6666ab5976e2cf184c9398d48cda2b,2025-07-18T16:08:53,0.5332508087158203,OPTIMAL,9.110041972462652,9.110042582572902,-6.101102503208722e-07,1.529861449889821e-06,1.7591794995023966e-05,44625,"{""solver_solve_time"": 0.5268769160000001, ""problem_class"": ""SDP""}"
1418,cvxpy_sdpa,cvxpy-1.6.5-SDPA-0.2.2,SDPLIB,truss3,SDP,"{""cpu"": {""cpu_count"": 8, ""cpu_count_physical"": 8, ""processor"": ""arm"", ""architecture"": ""64bit""}, ""memory"": {""total_gb"": 24.0}, ""os"": {""system"": ""Darwin"", ""machine"": ""arm64"", ""release"": ""23.5.0""}, ""python"": {""implementation"": ""CPython"", ""version"": ""3.12.2"", ""version_info"": ""3.12.2""}, ""git"": {""commit_hash"": ""443b599dca6666ab5976e2cf184c9398d48cda2b""}, ""timezone"": {""timezone_name"": ""UTC"", ""utc_offset_hours"": 0.0}, ""timestamp"": 1752416768.0}",443b599dca6666ab5976e2cf184c9398d48cda2b,2025-07-18T16:33:41,0.01682901382446289,OPTIMAL,9.109996393410452,9.109996016151454,3.7725899737495183e-07,2.3142072741567036e-13,0.0,,"{""iteration_info_limitation"": ""SDPA does not provide iteration count through CVXPY"", ""solver_solve_time"": null, ""problem_class"": ""SDP""}"
1329,cvxpy_sdpa,cvxpy-1.6.5-SDPA-0.2.2,SDPLIB,truss3,SDP,"{""cpu"": {""cpu_count"": 8, ""cpu_count_physical"": 8, ""processor"": ""arm"", ""architecture"": ""64bit""}, ""memory"": {""total_gb"": 24.0}, ""os"": {""system"": ""Darwin"", ""machine"": ""arm64"", ""release"": ""23.5.0""}, ""python"": {""implementation"": ""CPython"", ""version"": ""3.12.2"", ""version_info"": ""3.12.2""}, ""git"": {""commit_hash"": ""443b599dca6666ab5976e2cf184c9398d48cda2b""}, ""timezone"": {""timezone_name"": ""UTC"", ""utc_offset_hours"": 0.0}, ""timestamp"": 1752416768.0}",443b599dca6666ab5976e2cf184c9398d48cda2b,2025-07-18T16:08:53,0.0164947509765625,OPTIMAL,9.109996393410452,9.109996016151454,3.7725899737495183e-07,2.3142072741567036e-13,0.0,,"{""iteration_info_limitation"": ""SDPA does not provide iteration count through CVXPY"", ""solver_solve_time"": null, ""problem_class"": ""SDP""}"
1642,matlab_sdpt3,SDPT3-4.0-20240410 (MATLAB 24.1.0.2537033 (R2024a)),SDPLIB,truss3,SDP,"{""cpu"": {""cpu_count"": 8, ""cpu_count_physical"": 8, ""processor"": ""arm"", ""architecture"": ""64bit""}, ""memory"": {""total_gb"": 24.0}, ""os"": {""system"": ""Darwin"", ""machine"": ""arm64"", ""release"": ""23.5.0""}, ""python"": {""implementation"": ""CPython"", ""version"": ""3.12.2"", ""version_info"": ""3.12.2""}, ""git"": {""commit_hash"": ""96ca043787ef8c38515cfa8d108d16b61b823e04""}, ""timezone"": {""timezone_name"": ""UTC"", ""utc_offset_hours"": 0.0}, ""timestamp"": 1752926592.0}",96ca043787ef8c38515cfa8d108d16b61b823e04,2025-07-19T14:05:54,0.291210125,OPTIMAL,9.109996269927667,9.109996132678651,1.3724901570810744e-07,4.320402504061065e-14,0.0,12,"{""matlab_output"": {""solver_name"": ""SDPT3"", ""status"": ""optimal"", ""solve_time"": 0.291210125, ""setup_time"": [], ""iterations"": 12, ""primal_objective_value"": 9.109996269927667, ""dual_objective_value"": 9.109996132678651, ""duality_gap"": 1.3724901570810744e-07, ""primal_infeasibility"": 4.320402504061065e-14, ""dual_infeasibility"": 0, ""solver_version"": ""SDPT3-4.0-20240410"", ""solver_options"": {}, ""termination_reason"": """", ""error_message"": """", ""timestamp"": ""2025-07-19 23:05:51"", ""matlab_version"": ""24.1.0.2537033 (R2024a)""}, ""matlab_version"": ""24.1.0.2537033 (R2024a)"", ""solver_backend"": ""sdpt3"", ""execution_environment"": ""matlab"", ""problem_class"": ""SDP""}"
1512,matlab_sedumi,SeDuMi-1.3.7 (MATLAB 24.1.0.2537033 (R2024a)),SDPLIB,truss3,SDP,"{""cpu"": {""cpu_count"": 8, ""cpu_count_physical"": 8, ""processor"": ""arm"", ""architecture"": ""64bit""}, ""memory"": {""total_gb"": 24.0}, ""os"": {""system"": ""Darwin"", ""machine"": ""arm64"", ""release"": ""23.5.0""}, ""python"": {""implementation"": ""CPython"", ""version"": ""3.12.2"", ""version_info"": ""3.12.2""}, ""git"": {""commit_hash"": ""96ca043787ef8c38515cfa8d108d16b61b823e04""}, ""timezone"": {""timezone_name"": ""UTC"", ""utc_offset_hours"": 0.0}, ""timestamp"": 1752926592.0}",96ca043787ef8c38515cfa8d108d16b61b823e04,2025-07-19T12:46:29,0.2865194166666667,OPTIMAL,9.109996156256061,9.109996162091624,5.835563143818945e-09,7.261145648868141e-09,3.548770555535088e-10,15,"{""matlab_output"": {""solver_name"": ""SeDuMi"", ""status"": ""optimal"", ""solve_time"": 0.2865194166666667, ""setup_time"": [], ""iterations"": 15, ""primal_objective_value"": 9.109996156256061, ""dual_objective_value"": 9.109996162091624, ""duality_gap"": 5.835563143818945e-09, ""primal_infeasibility"": 7.261145648868141e-09, ""dual_infeasibility"": 3.548770555535088e-10, ""solver_version"": ""SeDuMi-1.3.7"", ""solver_options"": {}, ""termination_reason"": """", ""error_message"": """", ""timestamp"": ""2025-07-19 21:46:26"", ""matlab_version"": ""24.1.0.2537033 (R2024a)""}, ""matlab_version"": ""24.1.0.2537033 (R2024a)"", ""solver_backend"": ""sedumi"", ""execution_environment"": ""matlab"", ""problem_class"": ""SDP""}"
1423,scipy_linprog,scipy-1.15.3,SDPLIB,truss3,SDP,"{""cpu"": {""cpu_count"": 8, ""cpu_count_physical"": 8, ""processor"": ""arm"", ""architecture"": ""64bit""}, ""memory"": {""total_gb"": 24.0}, ""os"": {""system"": ""Darwin"", ""machine"": ""arm64"", ""release"": ""23.5.0""}, ""python"": {""implementation"": ""CPython"", ""version"": ""3.12.2"", ""version_info"": ""3.12.2""}, ""git"": {""commit_hash"": ""443b599dca6666ab5976e2cf184c9398d48cda2b""}, ""timezone"": {""timezone_name"": ""UTC"", ""utc_offset_hours"": 0.0}, ""timestamp"": 1752416768.0}",443b599dca6666ab5976e2cf184c9398d48cda2b,2025-07-18T16:33:48,,UNSUPPORTED,,,,,,,"{""reason"": ""Solver does not support SDP problems"", ""problem_type"": ""SDP"", ""problem_class"": ""SDP""}"
1356,scipy_linprog,scipy-1.15.3,SDPLIB,truss3,SDP,"{""cpu"": {""cpu_count"": 8, ""cpu_count_physical"": 8, ""processor"": ""arm"", ""architecture"": ""64bit""}, ""memory"": {""total_gb"": 24.0}, ""os"": {""system"": ""Darwin"", ""machine"": ""arm64"", ""release"": ""23.5.0""}, ""python"": {""implementation"": ""CPython"", ""version"": ""3.12.2"", ""version_info"": ""3.12.2""}, ""git"": {""commit_hash"": ""443b599dca6666ab5976e2cf184c9398d48cda2b""}, ""timezone"": {""timezone_name"": ""UTC"", ""utc_offset_hours"": 0.0}, ""timestamp"": 1752416768.0}",443b599dca6666ab5976e2cf184c9398d48cda2b,2025-07-18T16:09:36,,UNSUPPORTED,,,,,,,"{""reason"": ""Solver does not support SDP problems"", ""problem_type"": ""SDP"", ""problem_class"": ""SDP""}"
1440,cvxpy_clarabel,cvxpy-1.6.5-CLARABEL-0.11.0,SDPLIB,truss4,SDP,"{""cpu"": {""cpu_count"": 8, ""cpu_count_physical"": 8, ""processor"": ""arm"", ""architecture"": ""64bit""}, ""memory"": {""total_gb"": 24.0}, ""os"": {""system"": ""Darwin"", ""machine"": ""arm64"", ""release"": ""23.5.0""}, ""python"": {""implementation"": ""CPython"", ""version"": ""3.12.2"", ""version_info"": ""3.12.2""}, ""git"": {""commit_hash"": ""443b599dca6666ab5976e2cf184c9398d48cda2b""}, ""timezone"": {""timezone_name"": ""UTC"", ""utc_offset_hours"": 0.0}, ""timestamp"": 1752416768.0}",443b599dca6666ab5976e2cf184c9398d48cda2b,2025-07-18T16:43:12,0.005716085433959961,OPTIMAL,9.00999593358179,9.00999596605511,-3.2473320032977426e-08,4.6640533097330856e-08,2.7918005083928495e-09,10,"{""solver_solve_time"": 0.000377085, ""problem_class"": ""SDP""}"
1330,cvxpy_clarabel,cvxpy-1.6.5-CLARABEL-0.11.0,SDPLIB,truss4,SDP,"{""cpu"": {""cpu_count"": 8, ""cpu_count_physical"": 8, ""processor"": ""arm"", ""architecture"": ""64bit""}, ""memory"": {""total_gb"": 24.0}, ""os"": {""system"": ""Darwin"", ""machine"": ""arm64"", ""release"": ""23.5.0""}, ""python"": {""implementation"": ""CPython"", ""version"": ""3.12.2"", ""version_info"": ""3.12.2""}, ""git"": {""commit_hash"": ""443b599dca6666ab5976e2cf184c9398d48cda2b""}, ""timezone"": {""timezone_name"": ""UTC"", ""utc_offset_hours"": 0.0}, ""timestamp"": 1752416768.0}",443b599dca6666ab5976e2cf184c9398d48cda2b,2025-07-18T16:08:53,0.005547046661376953,OPTIMAL,9.00999593358179,9.00999596605511,-3.2473320032977426e-08,4.6640533097330856e-08,2.7918005083928495e-09,10,"{""solver_solve_time"": 0.000317915, ""problem_class"": ""SDP""}"
1441,cvxpy_cvxopt,cvxpy-1.6.5-CVXOPT-1.3.2,SDPLIB,truss4,SDP,"{""cpu"": {""cpu_count"": 8, ""cpu_count_physical"": 8, ""processor"": ""arm"", ""architecture"": ""64bit""}, ""memory"": {""total_gb"": 24.0}, ""os"": {""system"": ""Darwin"", ""machine"": ""arm64"", ""release"": ""23.5.0""}, ""python"": {""implementation"": ""CPython"", ""version"": ""3.12.2"", ""version_info"": ""3.12.2""}, ""git"": {""commit_hash"": ""443b599dca6666ab5976e2cf184c9398d48cda2b""}, ""timezone"": {""timezone_name"": ""UTC"", ""utc_offset_hours"": 0.0}, ""timestamp"": 1752416768.0}",443b599dca6666ab5976e2cf184c9398d48cda2b,2025-07-18T16:43:12,0.03877997398376465,OPTIMAL,9.009995897864977,9.009995926940062,-2.907508545035853e-08,4.360070834724522e-08,9.499477870988926e-10,,"{""iteration_info_limitation"": ""CVXOPT does not provide iteration count through CVXPY"", ""solver_solve_time"": null, ""problem_class"": ""SDP""}"
1444,cvxpy_ecos,cvxpy-1.6.5-ECOS-2.0.14,SDPLIB,truss4,SDP,"{""cpu"": {""cpu_count"": 8, ""cpu_count_physical"": 8, ""processor"": ""arm"", ""architecture"": ""64bit""}, ""memory"": {""total_gb"": 24.0}, ""os"": {""system"": ""Darwin"", ""machine"": ""arm64"", ""release"": ""23.5.0""}, ""python"": {""implementation"": ""CPython"", ""version"": ""3.12.2"", ""version_info"": ""3.12.2""}, ""git"": {""commit_hash"": ""443b599dca6666ab5976e2cf184c9398d48cda2b""}, ""timezone"": {""timezone_name"": ""UTC"", ""utc_offset_hours"": 0.0}, ""timestamp"": 1752416768.0}",443b599dca6666ab5976e2cf184c9398d48cda2b,2025-07-18T16:43:18,,UNSUPPORTED,,,,,,,"{""reason"": ""Solver does not support SDP problems"", ""problem_type"": ""SDP"", ""problem_class"": ""SDP""}"
1357,cvxpy_ecos,cvxpy-1.6.5-ECOS-2.0.14,SDPLIB,truss4,SDP,"{""cpu"": {""cpu_count"": 8, ""cpu_count_physical"": 8, ""processor"": ""arm"", ""architecture"": ""64bit""}, ""memory"": {""total_gb"": 24.0}, ""os"": {""system"": ""Darwin"", ""machine"": ""arm64"", ""release"": ""23.5.0""}, ""python"": {""implementation"": ""CPython"", ""version"": ""3.12.2"", ""version_info"": ""3.12.2""}, ""git"": {""commit_hash"": ""443b599dca6666ab5976e2cf184c9398d48cda2b""}, ""timezone"": {""timezone_name"": ""UTC"", ""utc_offset_hours"": 0.0}, ""timestamp"": 1752416768.0}",443b599dca6666ab5976e2cf184c9398d48cda2b,2025-07-18T16:09:36,,UNSUPPORTED,,,,,,,"{""reason"": ""Solver does not support SDP problems"", ""problem_type"": ""SDP"", ""problem_class"": ""SDP""}"
1445,cvxpy_highs,cvxpy-1.6.5-HIGHS-1.11.0,SDPLIB,truss4,SDP,"{""cpu"": {""cpu_count"": 8, ""cpu_count_physical"": 8, ""processor"": ""arm"", ""architecture"": ""64bit""}, ""memory"": {""total_gb"": 24.0}, ""os"": {""system"": ""Darwin"", ""machine"": ""arm64"", ""release"": ""23.5.0""}, ""python"": {""implementation"": ""CPython"", ""version"": ""3.12.2"", ""version_info"": ""3.12.2""}, ""git"": {""commit_hash"": ""443b599dca6666ab5976e2cf184c9398d48cda2b""}, ""timezone"": {""timezone_name"": ""UTC"", ""utc_offset_hours"": 0.0}, ""timestamp"": 1752416768.0}",443b599dca6666ab5976e2cf184c9398d48cda2b,2025-07-18T16:43:18,,UNSUPPORTED,,,,,,,"{""reason"": ""Solver does not support SDP problems"", ""problem_type"": ""SDP"", ""problem_class"": ""SDP""}"
1358,cvxpy_highs,cvxpy-1.6.5-HIGHS-1.11.0,SDPLIB,truss4,SDP,"{""cpu"": {""cpu_count"": 8, ""cpu_count_physical"": 8, ""processor"": ""arm"", ""architecture"": ""64bit""}, ""memory"": {""total_gb"": 24.0}, ""os"": {""system"": ""Darwin"", ""machine"": ""arm64"", ""release"": ""23.5.0""}, ""python"": {""implementation"": ""CPython"", ""version"": ""3.12.2"", ""version_info"": ""3.12.2""}, ""git"": {""commit_hash"": ""443b599dca6666ab5976e2cf184c9398d48cda2b""}, ""timezone"": {""timezone_name"": ""UTC"", ""utc_offset_hours"": 0.0}, ""timestamp"": 1752416768.0}",443b599dca6666ab5976e2cf184c9398d48cda2b,2025-07-18T16:09:36,,UNSUPPORTED,,,,,,,"{""reason"": ""Solver does not support SDP problems"", ""problem_type"": ""SDP"", ""problem_class"": ""SDP""}"
1446,cvxpy_osqp,cvxpy-1.6.5-OSQP-1.0.4,SDPLIB,truss4,SDP,"{""cpu"": {""cpu_count"": 8, ""cpu_count_physical"": 8, ""processor"": ""arm"", ""architecture"": ""64bit""}, ""memory"": {""total_gb"": 24.0}, ""os"": {""system"": ""Darwin"", ""machine"": ""arm64"", ""release"": ""23.5.0""}, ""python"": {""implementation"": ""CPython"", ""version"": ""3.12.2"", ""version_info"": ""3.12.2""}, ""git"": {""commit_hash"": ""443b599dca6666ab5976e2cf184c9398d48cda2b""}, ""timezone"": {""timezone_name"": ""UTC"", ""utc_offset_hours"": 0.0}, ""timestamp"": 1752416768.0}",443b599dca6666ab5976e2cf184c9398d48cda2b,2025-07-18T16:43:18,,UNSUPPORTED,,,,,,,"{""reason"": ""Solver does not support SDP problems"", ""problem_type"": ""SDP"", ""problem_class"": ""SDP""}"
1359,cvxpy_osqp,cvxpy-1.6.5-OSQP-1.0.4,SDPLIB,truss4,SDP,"{""cpu"": {""cpu_count"": 8, ""cpu_count_physical"": 8, ""processor"": ""arm"", ""architecture"": ""64bit""}, ""memory"": {""total_gb"": 24.0}, ""os"": {""system"": ""Darwin"", ""machine"": ""arm64"", ""release"": ""23.5.0""}, ""python"": {""implementation"": ""CPython"", ""version"": ""3.12.2"", ""version_info"": ""3.12.2""}, ""git"": {""commit_hash"": ""443b599dca6666ab5976e2cf184c9398d48cda2b""}, ""timezone"": {""timezone_name"": ""UTC"", ""utc_offset_hours"": 0.0}, ""timestamp"": 1752416768.0}",443b599dca6666ab5976e2cf184c9398d48cda2b,2025-07-18T16:09:36,,UNSUPPORTED,,,,,,,"{""reason"": ""Solver does not support SDP problems"", ""problem_type"": ""SDP"", ""problem_class"": ""SDP""}"
1447,cvxpy_scip,cvxpy-1.6.5-SCIP-5.5.0,SDPLIB,truss4,SDP,"{""cpu"": {""cpu_count"": 8, ""cpu_count_physical"": 8, ""processor"": ""arm"", ""architecture"": ""64bit""}, ""memory"": {""total_gb"": 24.0}, ""os"": {""system"": ""Darwin"", ""machine"": ""arm64"", ""release"": ""23.5.0""}, ""python"": {""implementation"": ""CPython"", ""version"": ""3.12.2"", ""version_info"": ""3.12.2""}, ""git"": {""commit_hash"": ""443b599dca6666ab5976e2cf184c9398d48cda2b""}, ""timezone"": {""timezone_name"": ""UTC"", ""utc_offset_hours"": 0.0}, ""timestamp"": 1752416768.0}",443b599dca6666ab5976e2cf184c9398d48cda2b,2025-07-18T16:43:18,,UNSUPPORTED,,,,,,,"{""reason"": ""Solver does not support SDP problems"", ""problem_type"": ""SDP"", ""problem_class"": ""SDP""}"
1360,cvxpy_scip,cvxpy-1.6.5-SCIP-5.5.0,SDPLIB,truss4,SDP,"{""cpu"": {""cpu_count"": 8, ""cpu_count_physical"": 8, ""processor"": ""arm"", ""architecture"": ""64bit""}, ""memory"": {""total_gb"": 24.0}, ""os"": {""system"": ""Darwin"", ""machine"": ""arm64"", ""release"": ""23.5.0""}, ""python"": {""implementation"": ""CPython"", ""version"": ""3.12.2"", ""version_info"": ""3.12.2""}, ""git"": {""commit_hash"": ""443b599dca6666ab5976e2cf184c9398d48cda2b""}, ""timezone"": {""timezone_name"": ""UTC"", ""utc_offset_hours"": 0.0}, ""timestamp"": 1752416768.0}",443b599dca6666ab5976e2cf184c9398d48cda2b,2025-07-18T16:09:36,,UNSUPPORTED,,,,,,,"{""reason"": ""Solver does not support SDP problems"", ""problem_type"": ""SDP"", ""problem_class"": ""SDP""}"
1442,cvxpy_scs,cvxpy-1.6.5-SCS-3.2.7.post2,SDPLIB,truss4,SDP,"{""cpu"": {""cpu_count"": 8, ""cpu_count_physical"": 8, ""processor"": ""arm"", ""architecture"": ""64bit""}, ""memory"": {""total_gb"": 24.0}, ""os"": {""system"": ""Darwin"", ""machine"": ""arm64"", ""release"": ""23.5.0""}, ""python"": {""implementation"": ""CPython"", ""version"": ""3.12.2"", ""version_info"": ""3.12.2""}, ""git"": {""commit_hash"": ""443b599dca6666ab5976e2cf184c9398d48cda2b""}, ""timezone"": {""timezone_name"": ""UTC"", ""utc_offset_hours"": 0.0}, ""timestamp"": 1752416768.0}",443b599dca6666ab5976e2cf184c9398d48cda2b,2025-07-18T16:43:12,0.0063629150390625,OPTIMAL,9.009997345729218,9.00999656325741,7.82471808236096e-07,1.658167187900526e-07,6.101049682851663e-06,225,"{""solver_solve_time"": 0.001095791, ""problem_class"": ""SDP""}"
1443,cvxpy_sdpa,cvxpy-1.6.5-SDPA-0.2.2,SDPLIB,truss4,SDP,"{""cpu"": {""cpu_count"": 8, ""cpu_count_physical"": 8, ""processor"": ""arm"", ""architecture"": ""64bit""}, ""memory"": {""total_gb"": 24.0}, ""os"": {""system"": ""Darwin"", ""machine"": ""arm64"", ""release"": ""23.5.0""}, ""python"": {""implementation"": ""CPython"", ""version"": ""3.12.2"", ""version_info"": ""3.12.2""}, ""git"": {""commit_hash"": ""443b599dca6666ab5976e2cf184c9398d48cda2b""}, ""timezone"": {""timezone_name"": ""UTC"", ""utc_offset_hours"": 0.0}, ""timestamp"": 1752416768.0}",443b599dca6666ab5976e2cf184c9398d48cda2b,2025-07-18T16:43:12,0.014675140380859375,OPTIMAL,9.009996558636908,9.009996064429895,4.94207013090886e-07,5.460020736031756e-14,0.0,,"{""iteration_info_limitation"": ""SDPA does not provide iteration count through CVXPY"", ""solver_solve_time"": null, ""problem_class"": ""SDP""}"
1643,matlab_sdpt3,SDPT3-4.0-20240410 (MATLAB 24.1.0.2537033 (R2024a)),SDPLIB,truss4,SDP,"{""cpu"": {""cpu_count"": 8, ""cpu_count_physical"": 8, ""processor"": ""arm"", ""architecture"": ""64bit""}, ""memory"": {""total_gb"": 24.0}, ""os"": {""system"": ""Darwin"", ""machine"": ""arm64"", ""release"": ""23.5.0""}, ""python"": {""implementation"": ""CPython"", ""version"": ""3.12.2"", ""version_info"": ""3.12.2""}, ""git"": {""commit_hash"": ""96ca043787ef8c38515cfa8d108d16b61b823e04""}, ""timezone"": {""timezone_name"": ""UTC"", ""utc_offset_hours"": 0.0}, ""timestamp"": 1752926592.0}",96ca043787ef8c38515cfa8d108d16b61b823e04,2025-07-19T14:06:00,0.2855519166666667,OPTIMAL,9.009996446153833,9.009996290338277,1.5581555601329455e-07,3.83955719920538e-09,0.0,11,"{""matlab_output"": {""solver_name"": ""SDPT3"", ""status"": ""optimal"", ""solve_time"": 0.2855519166666667, ""setup_time"": [], ""iterations"": 11, ""primal_objective_value"": 9.009996446153833, ""dual_objective_value"": 9.009996290338277, ""duality_gap"": 1.5581555601329455e-07, ""primal_infeasibility"": 3.83955719920538e-09, ""dual_infeasibility"": 0, ""solver_version"": ""SDPT3-4.0-20240410"", ""solver_options"": {}, ""termination_reason"": """", ""error_message"": """", ""timestamp"": ""2025-07-19 23:05:57"", ""matlab_version"": ""24.1.0.2537033 (R2024a)""}, ""matlab_version"": ""24.1.0.2537033 (R2024a)"", ""solver_backend"": ""sdpt3"", ""execution_environment"": ""matlab"", ""problem_class"": ""SDP""}"
1513,matlab_sedumi,SeDuMi-1.3.7 (MATLAB 24.1.0.2537033 (R2024a)),SDPLIB,truss4,SDP,"{""cpu"": {""cpu_count"": 8, ""cpu_count_physical"": 8, ""processor"": ""arm"", ""architecture"": ""64bit""}, ""memory"": {""total_gb"": 24.0}, ""os"": {""system"": ""Darwin"", ""machine"": ""arm64"", ""release"": ""23.5.0""}, ""python"": {""implementation"": ""CPython"", ""version"": ""3.12.2"", ""version_info"": ""3.12.2""}, ""git"": {""commit_hash"": ""96ca043787ef8c38515cfa8d108d16b61b823e04""}, ""timezone"": {""timezone_name"": ""UTC"", ""utc_offset_hours"": 0.0}, ""timestamp"": 1752926592.0}",96ca043787ef8c38515cfa8d108d16b61b823e04,2025-07-19T12:46:35,0.26377516666666667,OPTIMAL,9.00999626294251,9.009996268263059,5.320549334442148e-09,3.507575669410203e-09,2.959835844803862e-10,14,"{""matlab_output"": {""solver_name"": ""SeDuMi"", ""status"": ""optimal"", ""solve_time"": 0.26377516666666667, ""setup_time"": [], ""iterations"": 14, ""primal_objective_value"": 9.00999626294251, ""dual_objective_value"": 9.009996268263059, ""duality_gap"": 5.320549334442148e-09, ""primal_infeasibility"": 3.507575669410203e-09, ""dual_infeasibility"": 2.959835844803862e-10, ""solver_version"": ""SeDuMi-1.3.7"", ""solver_options"": {}, ""termination_reason"": """", ""error_message"": """", ""timestamp"": ""2025-07-19 21:46:32"", ""matlab_version"": ""24.1.0.2537033 (R2024a)""}, ""matlab_version"": ""24.1.0.2537033 (R2024a)"", ""solver_backend"": ""sedumi"", ""execution_environment"": ""matlab"", ""problem_class"": ""SDP""}"
1448,scipy_linprog,scipy-1.15.3,SDPLIB,truss4,SDP,"{""cpu"": {""cpu_count"": 8, ""cpu_count_physical"": 8, ""processor"": ""arm"", ""architecture"": ""64bit""}, ""memory"": {""total_gb"": 24.0}, ""os"": {""system"": ""Darwin"", ""machine"": ""arm64"", ""release"": ""23.5.0""}, ""python"": {""implementation"": ""CPython"", ""version"": ""3.12.2"", ""version_info"": ""3.12.2""}, ""git"": {""commit_hash"": ""443b599dca6666ab5976e2cf184c9398d48cda2b""}, ""timezone"": {""timezone_name"": ""UTC"", ""utc_offset_hours"": 0.0}, ""timestamp"": 1752416768.0}",443b599dca6666ab5976e2cf184c9398d48cda2b,2025-07-18T16:43:18,,UNSUPPORTED,,,,,,,"{""reason"": ""Solver does not support SDP problems"", ""problem_type"": ""SDP"", ""problem_class"": ""SDP""}"
1361,scipy_linprog,scipy-1.15.3,SDPLIB,truss4,SDP,"{""cpu"": {""cpu_count"": 8, ""cpu_count_physical"": 8, ""processor"": ""arm"", ""architecture"": ""64bit""}, ""memory"": {""total_gb"": 24.0}, ""os"": {""system"": ""Darwin"", ""machine"": ""arm64"", ""release"": ""23.5.0""}, ""python"": {""implementation"": ""CPython"", ""version"": ""3.12.2"", ""version_info"": ""3.12.2""}, ""git"": {""commit_hash"": ""443b599dca6666ab5976e2cf184c9398d48cda2b""}, ""timezone"": {""timezone_name"": ""UTC"", ""utc_offset_hours"": 0.0}, ""timestamp"": 1752416768.0}",443b599dca6666ab5976e2cf184c9398d48cda2b,2025-07-18T16:09:36,,UNSUPPORTED,,,,,,,"{""reason"": ""Solver does not support SDP problems"", ""problem_type"": ""SDP"", ""problem_class"": ""SDP""}"
1434,cvxpy_clarabel,cvxpy-1.6.5-CLARABEL-0.11.0,SDPLIB,truss5_sdp,SDP,"{""cpu"": {""cpu_count"": 8, ""cpu_count_physical"": 8, ""processor"": ""arm"", ""architecture"": ""64bit""}, ""memory"": {""total_gb"": 24.0}, ""os"": {""system"": ""Darwin"", ""machine"": ""arm64"", ""release"": ""23.5.0""}, ""python"": {""implementation"": ""CPython"", ""version"": ""3.12.2"", ""version_info"": ""3.12.2""}, ""git"": {""commit_hash"": ""443b599dca6666ab5976e2cf184c9398d48cda2b""}, ""timezone"": {""timezone_name"": ""UTC"", ""utc_offset_hours"": 0.0}, ""timestamp"": 1752416768.0}",443b599dca6666ab5976e2cf184c9398d48cda2b,2025-07-18T16:34:38,0.49745821952819824,OPTIMAL,132.63566253199446,132.6356626115363,-7.954184866321157e-08,1.2653383845157188e-07,2.366013540423536e-09,18,"{""solver_solve_time"": 0.382465791, ""problem_class"": ""SDP""}"
1435,cvxpy_cvxopt,cvxpy-1.6.5-CVXOPT-1.3.2,SDPLIB,truss5_sdp,SDP,"{""cpu"": {""cpu_count"": 8, ""cpu_count_physical"": 8, ""processor"": ""arm"", ""architecture"": ""64bit""}, ""memory"": {""total_gb"": 24.0}, ""os"": {""system"": ""Darwin"", ""machine"": ""arm64"", ""release"": ""23.5.0""}, ""python"": {""implementation"": ""CPython"", ""version"": ""3.12.2"", ""version_info"": ""3.12.2""}, ""git"": {""commit_hash"": ""443b599dca6666ab5976e2cf184c9398d48cda2b""}, ""timezone"": {""timezone_name"": ""UTC"", ""utc_offset_hours"": 0.0}, ""timestamp"": 1752416768.0}",443b599dca6666ab5976e2cf184c9398d48cda2b,2025-07-18T16:34:40,1.2629749774932861,OPTIMAL,132.6356762279693,132.6356762370283,-9.058993555299821e-09,1.4424052246283952e-08,3.0183302558080747e-10,,"{""iteration_info_limitation"": ""CVXOPT does not provide iteration count through CVXPY"", ""solver_solve_time"": null, ""problem_class"": ""SDP""}"
1815,cvxpy_ecos,cvxpy-1.6.6-ECOS-2.0.14,SDPLIB,truss5_sdp,SDP,"{""cpu"": {""cpu_count"": 8, ""cpu_count_physical"": 8, ""processor"": ""arm"", ""architecture"": ""64bit""}, ""memory"": {""total_gb"": 24.0}, ""os"": {""system"": ""Darwin"", ""machine"": ""arm64"", ""release"": ""23.5.0""}, ""python"": {""implementation"": ""CPython"", ""version"": ""3.12.2"", ""version_info"": ""3.12.2""}, ""git"": {""commit_hash"": ""0d9be48d5161918e56908f73cddd63d9b51ecd84""}, ""timezone"": {""timezone_name"": ""UTC"", ""utc_offset_hours"": 0.0}, ""timestamp"": 1752926592.0}",0d9be48d5161918e56908f73cddd63d9b51ecd84,2025-07-22T15:09:50,,UNSUPPORTED,,,,,,,"{""reason"": ""Solver does not support SDP problems"", ""problem_type"": ""SDP"", ""problem_class"": ""SDP""}"
1812,cvxpy_highs,unknown,SDPLIB,truss5_sdp,UNKNOWN,"{""cpu"": {""cpu_count"": 8, ""cpu_count_physical"": 8, ""processor"": ""arm"", ""architecture"": ""64bit""}, ""memory"": {""total_gb"": 24.0}, ""os"": {""system"": ""Darwin"", ""machine"": ""arm64"", ""release"": ""23.5.0""}, ""python"": {""implementation"": ""CPython"", ""version"": ""3.12.2"", ""version_info"": ""3.12.2""}, ""git"": {""commit_hash"": ""0d9be48d5161918e56908f73cddd63d9b51ecd84""}, ""timezone"": {""timezone_name"": ""UTC"", ""utc_offset_hours"": 0.0}, ""timestamp"": 1752926592.0}",0d9be48d5161918e56908f73cddd63d9b51ecd84,2025-07-22T15:06:09,0.0,ERROR,,,,,,,"{""error_message"": ""Benchmark execution failed: Failed to create solver 'cvxpy_highs' (backend: HIGHS): Requested backend HIGHS not available. Available backends: ['CLARABEL', 'ECOS', 'ECOS_BB', 'OSQP', 'SCIPY', 'SCS']""}"
1813,cvxpy_osqp,cvxpy-1.6.6-OSQP-1.0.4,SDPLIB,truss5_sdp,SDP,"{""cpu"": {""cpu_count"": 8, ""cpu_count_physical"": 8, ""processor"": ""arm"", ""architecture"": ""64bit""}, ""memory"": {""total_gb"": 24.0}, ""os"": {""system"": ""Darwin"", ""machine"": ""arm64"", ""release"": ""23.5.0""}, ""python"": {""implementation"": ""CPython"", ""version"": ""3.12.2"", ""version_info"": ""3.12.2""}, ""git"": {""commit_hash"": ""0d9be48d5161918e56908f73cddd63d9b51ecd84""}, ""timezone"": {""timezone_name"": ""UTC"", ""utc_offset_hours"": 0.0}, ""timestamp"": 1752926592.0}",0d9be48d5161918e56908f73cddd63d9b51ecd84,2025-07-22T15:06:10,,UNSUPPORTED,,,,,,,"{""reason"": ""Solver does not support SDP problems"", ""problem_type"": ""SDP"", ""problem_class"": ""SDP""}"
1811,cvxpy_scip,unknown,SDPLIB,truss5_sdp,UNKNOWN,"{""cpu"": {""cpu_count"": 8, ""cpu_count_physical"": 8, ""processor"": ""arm"", ""architecture"": ""64bit""}, ""memory"": {""total_gb"": 24.0}, ""os"": {""system"": ""Darwin"", ""machine"": ""arm64"", ""release"": ""23.5.0""}, ""python"": {""implementation"": ""CPython"", ""version"": ""3.12.2"", ""version_info"": ""3.12.2""}, ""git"": {""commit_hash"": ""0d9be48d5161918e56908f73cddd63d9b51ecd84""}, ""timezone"": {""timezone_name"": ""UTC"", ""utc_offset_hours"": 0.0}, ""timestamp"": 1752926592.0}",0d9be48d5161918e56908f73cddd63d9b51ecd84,2025-07-22T15:06:09,0.0,ERROR,,,,,,,"{""error_message"": ""Benchmark execution failed: Failed to create solver 'cvxpy_scip' (backend: SCIP): Requested backend SCIP not available. Available backends: ['CLARABEL', 'ECOS', 'ECOS_BB', 'OSQP', 'SCIPY', 'SCS']""}"
1436,cvxpy_scs,cvxpy-1.6.5-SCS-3.2.7.post2,SDPLIB,truss5_sdp,SDP,"{""cpu"": {""cpu_count"": 8, ""cpu_count_physical"": 8, ""processor"": ""arm"", ""architecture"": ""64bit""}, ""memory"": {""total_gb"": 24.0}, ""os"": {""system"": ""Darwin"", ""machine"": ""arm64"", ""release"": ""23.5.0""}, ""python"": {""implementation"": ""CPython"", ""version"": ""3.12.2"", ""version_info"": ""3.12.2""}, ""git"": {""commit_hash"": ""443b599dca6666ab5976e2cf184c9398d48cda2b""}, ""timezone"": {""timezone_name"": ""UTC"", ""utc_offset_hours"": 0.0}, ""timestamp"": 1752416768.0}",443b599dca6666ab5976e2cf184c9398d48cda2b,2025-07-18T16:35:03,22.394976139068604,OPTIMAL,132.67027858454858,132.67028269707538,-4.112526795552185e-06,2.547895198115238e-06,0.002408958215925523,83775,"{""solver_solve_time"": 22.277485625, ""problem_class"": ""SDP""}"
1437,cvxpy_sdpa,cvxpy-1.6.5-SDPA-0.2.2,SDPLIB,truss5_sdp,SDP,"{""cpu"": {""cpu_count"": 8, ""cpu_count_physical"": 8, ""processor"": ""arm"", ""architecture"": ""64bit""}, ""memory"": {""total_gb"": 24.0}, ""os"": {""system"": ""Darwin"", ""machine"": ""arm64"", ""release"": ""23.5.0""}, ""python"": {""implementation"": ""CPython"", ""version"": ""3.12.2"", ""version_info"": ""3.12.2""}, ""git"": {""commit_hash"": ""443b599dca6666ab5976e2cf184c9398d48cda2b""}, ""timezone"": {""timezone_name"": ""UTC"", ""utc_offset_hours"": 0.0}, ""timestamp"": 1752416768.0}",443b599dca6666ab5976e2cf184c9398d48cda2b,2025-07-18T16:35:04,0.2245340347290039,OPTIMAL,132.63567945392438,132.63567502877513,4.4251492568037065e-06,2.494296172882748e-11,0.0,,"{""iteration_info_limitation"": ""SDPA does not provide iteration count through CVXPY"", ""solver_solve_time"": null, ""problem_class"": ""SDP""}"
1680,matlab_sdpt3,SDPT3-4.0-20240410 (MATLAB 24.1.0.2537033 (R2024a)),SDPLIB,truss5_sdp,SDP,"{""cpu"": {""cpu_count"": 8, ""cpu_count_physical"": 8, ""processor"": ""arm"", ""architecture"": ""64bit""}, ""memory"": {""total_gb"": 24.0}, ""os"": {""system"": ""Darwin"", ""machine"": ""arm64"", ""release"": ""23.5.0""}, ""python"": {""implementation"": ""CPython"", ""version"": ""3.12.2"", ""version_info"": ""3.12.2""}, ""git"": {""commit_hash"": ""96ca043787ef8c38515cfa8d108d16b61b823e04""}, ""timezone"": {""timezone_name"": ""UTC"", ""utc_offset_hours"": 0.0}, ""timestamp"": 1752926592.0}",96ca043787ef8c38515cfa8d108d16b61b823e04,2025-07-19T14:34:48,1.0470835833333334,OPTIMAL,132.63567802335663,132.63567787176257,1.5159406530074193e-07,1.5244236469370746e-10,0.0,15,"{""matlab_output"": {""solver_name"": ""SDPT3"", ""status"": ""optimal"", ""solve_time"": 1.0470835833333334, ""setup_time"": [], ""iterations"": 15, ""primal_objective_value"": 132.63567802335663, ""dual_objective_value"": 132.63567787176257, ""duality_gap"": 1.5159406530074193e-07, ""primal_infeasibility"": 1.5244236469370746e-10, ""dual_infeasibility"": 0, ""solver_version"": ""SDPT3-4.0-20240410"", ""solver_options"": {}, ""termination_reason"": """", ""error_message"": """", ""timestamp"": ""2025-07-19 23:34:44"", ""matlab_version"": ""24.1.0.2537033 (R2024a)""}, ""matlab_version"": ""24.1.0.2537033 (R2024a)"", ""solver_backend"": ""sdpt3"", ""execution_environment"": ""matlab"", ""problem_class"": ""SDP""}"
1547,matlab_sedumi,SeDuMi-1.3.7 (MATLAB 24.1.0.2537033 (R2024a)),SDPLIB,truss5_sdp,SDP,"{""cpu"": {""cpu_count"": 8, ""cpu_count_physical"": 8, ""processor"": ""arm"", ""architecture"": ""64bit""}, ""memory"": {""total_gb"": 24.0}, ""os"": {""system"": ""Darwin"", ""machine"": ""arm64"", ""release"": ""23.5.0""}, ""python"": {""implementation"": ""CPython"", ""version"": ""3.12.2"", ""version_info"": ""3.12.2""}, ""git"": {""commit_hash"": ""96ca043787ef8c38515cfa8d108d16b61b823e04""}, ""timezone"": {""timezone_name"": ""UTC"", ""utc_offset_hours"": 0.0}, ""timestamp"": 1752926592.0}",96ca043787ef8c38515cfa8d108d16b61b823e04,2025-07-19T13:15:22,0.5942775,OPTIMAL,132.63567716018326,132.63567716469151,4.508251549850684e-09,6.3849327558778055e-09,1.2707989194505613e-10,23,"{""matlab_output"": {""solver_name"": ""SeDuMi"", ""status"": ""optimal"", ""solve_time"": 0.5942775, ""setup_time"": [], ""iterations"": 23, ""primal_objective_value"": 132.63567716018326, ""dual_objective_value"": 132.63567716469151, ""duality_gap"": 4.508251549850684e-09, ""primal_infeasibility"": 6.3849327558778055e-09, ""dual_infeasibility"": 1.2707989194505613e-10, ""solver_version"": ""SeDuMi-1.3.7"", ""solver_options"": {}, ""termination_reason"": """", ""error_message"": """", ""timestamp"": ""2025-07-19 22:15:19"", ""matlab_version"": ""24.1.0.2537033 (R2024a)""}, ""matlab_version"": ""24.1.0.2537033 (R2024a)"", ""solver_backend"": ""sedumi"", ""execution_environment"": ""matlab"", ""problem_class"": ""SDP""}"
1814,scipy_linprog,scipy-1.15.3,SDPLIB,truss5_sdp,SDP,"{""cpu"": {""cpu_count"": 8, ""cpu_count_physical"": 8, ""processor"": ""arm"", ""architecture"": ""64bit""}, ""memory"": {""total_gb"": 24.0}, ""os"": {""system"": ""Darwin"", ""machine"": ""arm64"", ""release"": ""23.5.0""}, ""python"": {""implementation"": ""CPython"", ""version"": ""3.12.2"", ""version_info"": ""3.12.2""}, ""git"": {""commit_hash"": ""0d9be48d5161918e56908f73cddd63d9b51ecd84""}, ""timezone"": {""timezone_name"": ""UTC"", ""utc_offset_hours"": 0.0}, ""timestamp"": 1752926592.0}",0d9be48d5161918e56908f73cddd63d9b51ecd84,2025-07-22T15:06:10,,UNSUPPORTED,,,,,,,"{""reason"": ""Solver does not support SDP problems"", ""problem_type"": ""SDP"", ""problem_class"": ""SDP""}"
1395,cvxpy_clarabel,cvxpy-1.6.5-CLARABEL-0.11.0,SDPLIB,truss6,SDP,"{""cpu"": {""cpu_count"": 8, ""cpu_count_physical"": 8, ""processor"": ""arm"", ""architecture"": ""64bit""}, ""memory"": {""total_gb"": 24.0}, ""os"": {""system"": ""Darwin"", ""machine"": ""arm64"", ""release"": ""23.5.0""}, ""python"": {""implementation"": ""CPython"", ""version"": ""3.12.2"", ""version_info"": ""3.12.2""}, ""git"": {""commit_hash"": ""443b599dca6666ab5976e2cf184c9398d48cda2b""}, ""timezone"": {""timezone_name"": ""UTC"", ""utc_offset_hours"": 0.0}, ""timestamp"": 1752416768.0}",443b599dca6666ab5976e2cf184c9398d48cda2b,2025-07-18T16:27:33,0.2537209987640381,OPTIMAL,901.0002651409602,901.0002705585873,-5.41762710781768e-06,1.4882091019913554e-06,6.463946489176919e-09,25,"{""solver_solve_time"": 0.023302585, ""problem_class"": ""SDP""}"
1396,cvxpy_cvxopt,unknown,SDPLIB,truss6,SDP,"{""cpu"": {""cpu_count"": 8, ""cpu_count_physical"": 8, ""processor"": ""arm"", ""architecture"": ""64bit""}, ""memory"": {""total_gb"": 24.0}, ""os"": {""system"": ""Darwin"", ""machine"": ""arm64"", ""release"": ""23.5.0""}, ""python"": {""implementation"": ""CPython"", ""version"": ""3.12.2"", ""version_info"": ""3.12.2""}, ""git"": {""commit_hash"": ""443b599dca6666ab5976e2cf184c9398d48cda2b""}, ""timezone"": {""timezone_name"": ""UTC"", ""utc_offset_hours"": 0.0}, ""timestamp"": 1752416768.0}",443b599dca6666ab5976e2cf184c9398d48cda2b,2025-07-18T16:27:37,1.9965460300445557,ERROR,,,,,,,"{""error_message"": ""Solver 'CVXOPT' failed. Try another solver, or solve with verbose=True for more information."", ""problem_class"": ""SDP""}"
1399,cvxpy_ecos,cvxpy-1.6.5-ECOS-2.0.14,SDPLIB,truss6,SDP,"{""cpu"": {""cpu_count"": 8, ""cpu_count_physical"": 8, ""processor"": ""arm"", ""architecture"": ""64bit""}, ""memory"": {""total_gb"": 24.0}, ""os"": {""system"": ""Darwin"", ""machine"": ""arm64"", ""release"": ""23.5.0""}, ""python"": {""implementation"": ""CPython"", ""version"": ""3.12.2"", ""version_info"": ""3.12.2""}, ""git"": {""commit_hash"": ""443b599dca6666ab5976e2cf184c9398d48cda2b""}, ""timezone"": {""timezone_name"": ""UTC"", ""utc_offset_hours"": 0.0}, ""timestamp"": 1752416768.0}",443b599dca6666ab5976e2cf184c9398d48cda2b,2025-07-18T16:28:05,,UNSUPPORTED,,,,,,,"{""reason"": ""Solver does not support SDP problems"", ""problem_type"": ""SDP"", ""problem_class"": ""SDP""}"
1400,cvxpy_highs,cvxpy-1.6.5-HIGHS-1.11.0,SDPLIB,truss6,SDP,"{""cpu"": {""cpu_count"": 8, ""cpu_count_physical"": 8, ""processor"": ""arm"", ""architecture"": ""64bit""}, ""memory"": {""total_gb"": 24.0}, ""os"": {""system"": ""Darwin"", ""machine"": ""arm64"", ""release"": ""23.5.0""}, ""python"": {""implementation"": ""CPython"", ""version"": ""3.12.2"", ""version_info"": ""3.12.2""}, ""git"": {""commit_hash"": ""443b599dca6666ab5976e2cf184c9398d48cda2b""}, ""timezone"": {""timezone_name"": ""UTC"", ""utc_offset_hours"": 0.0}, ""timestamp"": 1752416768.0}",443b599dca6666ab5976e2cf184c9398d48cda2b,2025-07-18T16:28:07,,UNSUPPORTED,,,,,,,"{""reason"": ""Solver does not support SDP problems"", ""problem_type"": ""SDP"", ""problem_class"": ""SDP""}"
1401,cvxpy_osqp,cvxpy-1.6.5-OSQP-1.0.4,SDPLIB,truss6,SDP,"{""cpu"": {""cpu_count"": 8, ""cpu_count_physical"": 8, ""processor"": ""arm"", ""architecture"": ""64bit""}, ""memory"": {""total_gb"": 24.0}, ""os"": {""system"": ""Darwin"", ""machine"": ""arm64"", ""release"": ""23.5.0""}, ""python"": {""implementation"": ""CPython"", ""version"": ""3.12.2"", ""version_info"": ""3.12.2""}, ""git"": {""commit_hash"": ""443b599dca6666ab5976e2cf184c9398d48cda2b""}, ""timezone"": {""timezone_name"": ""UTC"", ""utc_offset_hours"": 0.0}, ""timestamp"": 1752416768.0}",443b599dca6666ab5976e2cf184c9398d48cda2b,2025-07-18T16:28:08,,UNSUPPORTED,,,,,,,"{""reason"": ""Solver does not support SDP problems"", ""problem_type"": ""SDP"", ""problem_class"": ""SDP""}"
1402,cvxpy_scip,cvxpy-1.6.5-SCIP-5.5.0,SDPLIB,truss6,SDP,"{""cpu"": {""cpu_count"": 8, ""cpu_count_physical"": 8, ""processor"": ""arm"", ""architecture"": ""64bit""}, ""memory"": {""total_gb"": 24.0}, ""os"": {""system"": ""Darwin"", ""machine"": ""arm64"", ""release"": ""23.5.0""}, ""python"": {""implementation"": ""CPython"", ""version"": ""3.12.2"", ""version_info"": ""3.12.2""}, ""git"": {""commit_hash"": ""443b599dca6666ab5976e2cf184c9398d48cda2b""}, ""timezone"": {""timezone_name"": ""UTC"", ""utc_offset_hours"": 0.0}, ""timestamp"": 1752416768.0}",443b599dca6666ab5976e2cf184c9398d48cda2b,2025-07-18T16:28:10,,UNSUPPORTED,,,,,,,"{""reason"": ""Solver does not support SDP problems"", ""problem_type"": ""SDP"", ""problem_class"": ""SDP""}"
1397,cvxpy_scs,cvxpy-1.6.5-SCS-3.2.7.post2,SDPLIB,truss6,SDP,"{""cpu"": {""cpu_count"": 8, ""cpu_count_physical"": 8, ""processor"": ""arm"", ""architecture"": ""64bit""}, ""memory"": {""total_gb"": 24.0}, ""os"": {""system"": ""Darwin"", ""machine"": ""arm64"", ""release"": ""23.5.0""}, ""python"": {""implementation"": ""CPython"", ""version"": ""3.12.2"", ""version_info"": ""3.12.2""}, ""git"": {""commit_hash"": ""443b599dca6666ab5976e2cf184c9398d48cda2b""}, ""timezone"": {""timezone_name"": ""UTC"", ""utc_offset_hours"": 0.0}, ""timestamp"": 1752416768.0}",443b599dca6666ab5976e2cf184c9398d48cda2b,2025-07-18T16:27:53,14.329941987991333,OPTIMAL,901.0950988636213,901.0950990173255,-1.537042635391117e-07,8.45148707615466e-06,0.013751596838046476,99775,"{""solver_solve_time"": 14.097880625, ""problem_class"": ""SDP""}"
1398,cvxpy_sdpa,cvxpy-1.6.5-SDPA-0.2.2,SDPLIB,truss6,SDP,"{""cpu"": {""cpu_count"": 8, ""cpu_count_physical"": 8, ""processor"": ""arm"", ""architecture"": ""64bit""}, ""memory"": {""total_gb"": 24.0}, ""os"": {""system"": ""Darwin"", ""machine"": ""arm64"", ""release"": ""23.5.0""}, ""python"": {""implementation"": ""CPython"", ""version"": ""3.12.2"", ""version_info"": ""3.12.2""}, ""git"": {""commit_hash"": ""443b599dca6666ab5976e2cf184c9398d48cda2b""}, ""timezone"": {""timezone_name"": ""UTC"", ""utc_offset_hours"": 0.0}, ""timestamp"": 1752416768.0}",443b599dca6666ab5976e2cf184c9398d48cda2b,2025-07-18T16:27:56,0.29096198081970215,INFEASIBLE,,,,,,,"{""iteration_info_limitation"": ""SDPA does not provide iteration count through CVXPY"", ""solver_solve_time"": null, ""problem_class"": ""SDP""}"
1644,matlab_sdpt3,SDPT3-4.0-20240410 (MATLAB 24.1.0.2537033 (R2024a)),SDPLIB,truss6,SDP,"{""cpu"": {""cpu_count"": 8, ""cpu_count_physical"": 8, ""processor"": ""arm"", ""architecture"": ""64bit""}, ""memory"": {""total_gb"": 24.0}, ""os"": {""system"": ""Darwin"", ""machine"": ""arm64"", ""release"": ""23.5.0""}, ""python"": {""implementation"": ""CPython"", ""version"": ""3.12.2"", ""version_info"": ""3.12.2""}, ""git"": {""commit_hash"": ""96ca043787ef8c38515cfa8d108d16b61b823e04""}, ""timezone"": {""timezone_name"": ""UTC"", ""utc_offset_hours"": 0.0}, ""timestamp"": 1752926592.0}",96ca043787ef8c38515cfa8d108d16b61b823e04,2025-07-19T14:06:06,0.5691390416666666,MAX_ITER,901.0014346379526,901.0013611282227,7.3509729872967e-05,2.233921215694808e-08,0.0,24,"{""matlab_output"": {""solver_name"": ""SDPT3"", ""status"": ""max_iter"", ""solve_time"": 0.5691390416666666, ""setup_time"": [], ""iterations"": 24, ""primal_objective_value"": 901.0014346379526, ""dual_objective_value"": 901.0013611282227, ""duality_gap"": 7.3509729872967e-05, ""primal_infeasibility"": 2.233921215694808e-08, ""dual_infeasibility"": 0, ""solver_version"": ""SDPT3-4.0-20240410"", ""solver_options"": {}, ""termination_reason"": """", ""error_message"": """", ""timestamp"": ""2025-07-19 23:06:03"", ""matlab_version"": ""24.1.0.2537033 (R2024a)""}, ""matlab_version"": ""24.1.0.2537033 (R2024a)"", ""solver_backend"": ""sdpt3"", ""execution_environment"": ""matlab"", ""problem_class"": ""SDP""}"
1514,matlab_sedumi,SeDuMi-1.3.7 (MATLAB 24.1.0.2537033 (R2024a)),SDPLIB,truss6,SDP,"{""cpu"": {""cpu_count"": 8, ""cpu_count_physical"": 8, ""processor"": ""arm"", ""architecture"": ""64bit""}, ""memory"": {""total_gb"": 24.0}, ""os"": {""system"": ""Darwin"", ""machine"": ""arm64"", ""release"": ""23.5.0""}, ""python"": {""implementation"": ""CPython"", ""version"": ""3.12.2"", ""version_info"": ""3.12.2""}, ""git"": {""commit_hash"": ""96ca043787ef8c38515cfa8d108d16b61b823e04""}, ""timezone"": {""timezone_name"": ""UTC"", ""utc_offset_hours"": 0.0}, ""timestamp"": 1752926592.0}",96ca043787ef8c38515cfa8d108d16b61b823e04,2025-07-19T12:46:42,0.98678925,NUM_ERROR,901.0013890792242,901.0013891465655,6.734137514285976e-08,1.8145947199046974e-08,0.0,27,"{""matlab_output"": {""solver_name"": ""SeDuMi"", ""status"": ""num_error"", ""solve_time"": 0.98678925, ""setup_time"": [], ""iterations"": 27, ""primal_objective_value"": 901.0013890792242, ""dual_objective_value"": 901.0013891465655, ""duality_gap"": 6.734137514285976e-08, ""primal_infeasibility"": 1.8145947199046974e-08, ""dual_infeasibility"": 0, ""solver_version"": ""SeDuMi-1.3.7"", ""solver_options"": {}, ""termination_reason"": """", ""error_message"": """", ""timestamp"": ""2025-07-19 21:46:38"", ""matlab_version"": ""24.1.0.2537033 (R2024a)""}, ""matlab_version"": ""24.1.0.2537033 (R2024a)"", ""solver_backend"": ""sedumi"", ""execution_environment"": ""matlab"", ""problem_class"": ""SDP""}"
1403,scipy_linprog,scipy-1.15.3,SDPLIB,truss6,SDP,"{""cpu"": {""cpu_count"": 8, ""cpu_count_physical"": 8, ""processor"": ""arm"", ""architecture"": ""64bit""}, ""memory"": {""total_gb"": 24.0}, ""os"": {""system"": ""Darwin"", ""machine"": ""arm64"", ""release"": ""23.5.0""}, ""python"": {""implementation"": ""CPython"", ""version"": ""3.12.2"", ""version_info"": ""3.12.2""}, ""git"": {""commit_hash"": ""443b599dca6666ab5976e2cf184c9398d48cda2b""}, ""timezone"": {""timezone_name"": ""UTC"", ""utc_offset_hours"": 0.0}, ""timestamp"": 1752416768.0}",443b599dca6666ab5976e2cf184c9398d48cda2b,2025-07-18T16:28:12,,UNSUPPORTED,,,,,,,"{""reason"": ""Solver does not support SDP problems"", ""problem_type"": ""SDP"", ""problem_class"": ""SDP""}"
1406,cvxpy_clarabel,cvxpy-1.6.5-CLARABEL-0.11.0,SDPLIB,truss7,SDP,"{""cpu"": {""cpu_count"": 8, ""cpu_count_physical"": 8, ""processor"": ""arm"", ""architecture"": ""64bit""}, ""memory"": {""total_gb"": 24.0}, ""os"": {""system"": ""Darwin"", ""machine"": ""arm64"", ""release"": ""23.5.0""}, ""python"": {""implementation"": ""CPython"", ""version"": ""3.12.2"", ""version_info"": ""3.12.2""}, ""git"": {""commit_hash"": ""443b599dca6666ab5976e2cf184c9398d48cda2b""}, ""timezone"": {""timezone_name"": ""UTC"", ""utc_offset_hours"": 0.0}, ""timestamp"": 1752416768.0}",443b599dca6666ab5976e2cf184c9398d48cda2b,2025-07-18T16:28:38,0.13422012329101562,OPTIMAL,900.0010893310988,900.0010944910015,-5.159902684681583e-06,7.752164593566989e-07,0.0,22,"{""solver_solve_time"": 0.006702831, ""problem_class"": ""SDP""}"
1407,cvxpy_cvxopt,unknown,SDPLIB,truss7,SDP,"{""cpu"": {""cpu_count"": 8, ""cpu_count_physical"": 8, ""processor"": ""arm"", ""architecture"": ""64bit""}, ""memory"": {""total_gb"": 24.0}, ""os"": {""system"": ""Darwin"", ""machine"": ""arm64"", ""release"": ""23.5.0""}, ""python"": {""implementation"": ""CPython"", ""version"": ""3.12.2"", ""version_info"": ""3.12.2""}, ""git"": {""commit_hash"": ""443b599dca6666ab5976e2cf184c9398d48cda2b""}, ""timezone"": {""timezone_name"": ""UTC"", ""utc_offset_hours"": 0.0}, ""timestamp"": 1752416768.0}",443b599dca6666ab5976e2cf184c9398d48cda2b,2025-07-18T16:28:40,1.2562849521636963,ERROR,,,,,,,"{""error_message"": ""Solver 'CVXOPT' failed. Try another solver, or solve with verbose=True for more information."", ""problem_class"": ""SDP""}"
1410,cvxpy_ecos,cvxpy-1.6.5-ECOS-2.0.14,SDPLIB,truss7,SDP,"{""cpu"": {""cpu_count"": 8, ""cpu_count_physical"": 8, ""processor"": ""arm"", ""architecture"": ""64bit""}, ""memory"": {""total_gb"": 24.0}, ""os"": {""system"": ""Darwin"", ""machine"": ""arm64"", ""release"": ""23.5.0""}, ""python"": {""implementation"": ""CPython"", ""version"": ""3.12.2"", ""version_info"": ""3.12.2""}, ""git"": {""commit_hash"": ""443b599dca6666ab5976e2cf184c9398d48cda2b""}, ""timezone"": {""timezone_name"": ""UTC"", ""utc_offset_hours"": 0.0}, ""timestamp"": 1752416768.0}",443b599dca6666ab5976e2cf184c9398d48cda2b,2025-07-18T16:28:54,,UNSUPPORTED,,,,,,,"{""reason"": ""Solver does not support SDP problems"", ""problem_type"": ""SDP"", ""problem_class"": ""SDP""}"
1411,cvxpy_highs,cvxpy-1.6.5-HIGHS-1.11.0,SDPLIB,truss7,SDP,"{""cpu"": {""cpu_count"": 8, ""cpu_count_physical"": 8, ""processor"": ""arm"", ""architecture"": ""64bit""}, ""memory"": {""total_gb"": 24.0}, ""os"": {""system"": ""Darwin"", ""machine"": ""arm64"", ""release"": ""23.5.0""}, ""python"": {""implementation"": ""CPython"", ""version"": ""3.12.2"", ""version_info"": ""3.12.2""}, ""git"": {""commit_hash"": ""443b599dca6666ab5976e2cf184c9398d48cda2b""}, ""timezone"": {""timezone_name"": ""UTC"", ""utc_offset_hours"": 0.0}, ""timestamp"": 1752416768.0}",443b599dca6666ab5976e2cf184c9398d48cda2b,2025-07-18T16:28:55,,UNSUPPORTED,,,,,,,"{""reason"": ""Solver does not support SDP problems"", ""problem_type"": ""SDP"", ""problem_class"": ""SDP""}"
1412,cvxpy_osqp,cvxpy-1.6.5-OSQP-1.0.4,SDPLIB,truss7,SDP,"{""cpu"": {""cpu_count"": 8, ""cpu_count_physical"": 8, ""processor"": ""arm"", ""architecture"": ""64bit""}, ""memory"": {""total_gb"": 24.0}, ""os"": {""system"": ""Darwin"", ""machine"": ""arm64"", ""release"": ""23.5.0""}, ""python"": {""implementation"": ""CPython"", ""version"": ""3.12.2"", ""version_info"": ""3.12.2""}, ""git"": {""commit_hash"": ""443b599dca6666ab5976e2cf184c9398d48cda2b""}, ""timezone"": {""timezone_name"": ""UTC"", ""utc_offset_hours"": 0.0}, ""timestamp"": 1752416768.0}",443b599dca6666ab5976e2cf184c9398d48cda2b,2025-07-18T16:28:56,,UNSUPPORTED,,,,,,,"{""reason"": ""Solver does not support SDP problems"", ""problem_type"": ""SDP"", ""problem_class"": ""SDP""}"
1413,cvxpy_scip,cvxpy-1.6.5-SCIP-5.5.0,SDPLIB,truss7,SDP,"{""cpu"": {""cpu_count"": 8, ""cpu_count_physical"": 8, ""processor"": ""arm"", ""architecture"": ""64bit""}, ""memory"": {""total_gb"": 24.0}, ""os"": {""system"": ""Darwin"", ""machine"": ""arm64"", ""release"": ""23.5.0""}, ""python"": {""implementation"": ""CPython"", ""version"": ""3.12.2"", ""version_info"": ""3.12.2""}, ""git"": {""commit_hash"": ""443b599dca6666ab5976e2cf184c9398d48cda2b""}, ""timezone"": {""timezone_name"": ""UTC"", ""utc_offset_hours"": 0.0}, ""timestamp"": 1752416768.0}",443b599dca6666ab5976e2cf184c9398d48cda2b,2025-07-18T16:28:57,,UNSUPPORTED,,,,,,,"{""reason"": ""Solver does not support SDP problems"", ""problem_type"": ""SDP"", ""problem_class"": ""SDP""}"
1408,cvxpy_scs,cvxpy-1.6.5-SCS-3.2.7.post2,SDPLIB,truss7,SDP,"{""cpu"": {""cpu_count"": 8, ""cpu_count_physical"": 8, ""processor"": ""arm"", ""architecture"": ""64bit""}, ""memory"": {""total_gb"": 24.0}, ""os"": {""system"": ""Darwin"", ""machine"": ""arm64"", ""release"": ""23.5.0""}, ""python"": {""implementation"": ""CPython"", ""version"": ""3.12.2"", ""version_info"": ""3.12.2""}, ""git"": {""commit_hash"": ""443b599dca6666ab5976e2cf184c9398d48cda2b""}, ""timezone"": {""timezone_name"": ""UTC"", ""utc_offset_hours"": 0.0}, ""timestamp"": 1752416768.0}",443b599dca6666ab5976e2cf184c9398d48cda2b,2025-07-18T16:28:45,3.86313796043396,OPTIMAL,900.0356340281699,900.0356340614165,-3.3246692510147113e-08,9.397384533448782e-06,0.007035153135339471,59000,"{""solver_solve_time"": 3.7472856660000002, ""problem_class"": ""SDP""}"
1409,cvxpy_sdpa,cvxpy-1.6.5-SDPA-0.2.2,SDPLIB,truss7,SDP,"{""cpu"": {""cpu_count"": 8, ""cpu_count_physical"": 8, ""processor"": ""arm"", ""architecture"": ""64bit""}, ""memory"": {""total_gb"": 24.0}, ""os"": {""system"": ""Darwin"", ""machine"": ""arm64"", ""release"": ""23.5.0""}, ""python"": {""implementation"": ""CPython"", ""version"": ""3.12.2"", ""version_info"": ""3.12.2""}, ""git"": {""commit_hash"": ""443b599dca6666ab5976e2cf184c9398d48cda2b""}, ""timezone"": {""timezone_name"": ""UTC"", ""utc_offset_hours"": 0.0}, ""timestamp"": 1752416768.0}",443b599dca6666ab5976e2cf184c9398d48cda2b,2025-07-18T16:28:46,0.33388805389404297,OPTIMAL (INACCURATE),900.0013051383315,900.0014232785333,-0.00011814020172096207,3.7841041393477322e-06,2.3476799902441506e-08,,"{""iteration_info_limitation"": ""SDPA does not provide iteration count through CVXPY"", ""solver_solve_time"": null, ""problem_class"": ""SDP""}"
1645,matlab_sdpt3,SDPT3-4.0-20240410 (MATLAB 24.1.0.2537033 (R2024a)),SDPLIB,truss7,SDP,"{""cpu"": {""cpu_count"": 8, ""cpu_count_physical"": 8, ""processor"": ""arm"", ""architecture"": ""64bit""}, ""memory"": {""total_gb"": 24.0}, ""os"": {""system"": ""Darwin"", ""machine"": ""arm64"", ""release"": ""23.5.0""}, ""python"": {""implementation"": ""CPython"", ""version"": ""3.12.2"", ""version_info"": ""3.12.2""}, ""git"": {""commit_hash"": ""96ca043787ef8c38515cfa8d108d16b61b823e04""}, ""timezone"": {""timezone_name"": ""UTC"", ""utc_offset_hours"": 0.0}, ""timestamp"": 1752926592.0}",96ca043787ef8c38515cfa8d108d16b61b823e04,2025-07-19T14:06:13,0.544207125,UNKNOWN,900.001408675485,900.0013926810119,1.5994473073988047e-05,2.362075343263456e-08,0.0,22,"{""matlab_output"": {""solver_name"": ""SDPT3"", ""status"": ""unknown"", ""solve_time"": 0.544207125, ""setup_time"": [], ""iterations"": 22, ""primal_objective_value"": 900.001408675485, ""dual_objective_value"": 900.0013926810119, ""duality_gap"": 1.5994473073988047e-05, ""primal_infeasibility"": 2.362075343263456e-08, ""dual_infeasibility"": 0, ""solver_version"": ""SDPT3-4.0-20240410"", ""solver_options"": {}, ""termination_reason"": """", ""error_message"": """", ""timestamp"": ""2025-07-19 23:06:09"", ""matlab_version"": ""24.1.0.2537033 (R2024a)""}, ""matlab_version"": ""24.1.0.2537033 (R2024a)"", ""solver_backend"": ""sdpt3"", ""execution_environment"": ""matlab"", ""problem_class"": ""SDP""}"
1515,matlab_sedumi,SeDuMi-1.3.7 (MATLAB 24.1.0.2537033 (R2024a)),SDPLIB,truss7,SDP,"{""cpu"": {""cpu_count"": 8, ""cpu_count_physical"": 8, ""processor"": ""arm"", ""architecture"": ""64bit""}, ""memory"": {""total_gb"": 24.0}, ""os"": {""system"": ""Darwin"", ""machine"": ""arm64"", ""release"": ""23.5.0""}, ""python"": {""implementation"": ""CPython"", ""version"": ""3.12.2"", ""version_info"": ""3.12.2""}, ""git"": {""commit_hash"": ""96ca043787ef8c38515cfa8d108d16b61b823e04""}, ""timezone"": {""timezone_name"": ""UTC"", ""utc_offset_hours"": 0.0}, ""timestamp"": 1752926592.0}",96ca043787ef8c38515cfa8d108d16b61b823e04,2025-07-19T12:46:50,1.1931540833333334,OPTIMAL,900.0013983712862,900.0013984344562,6.316997769317823e-08,7.3597907002225245e-09,0.0,27,"{""matlab_output"": {""solver_name"": ""SeDuMi"", ""status"": ""optimal"", ""solve_time"": 1.1931540833333334, ""setup_time"": [], ""iterations"": 27, ""primal_objective_value"": 900.0013983712862, ""dual_objective_value"": 900.0013984344562, ""duality_gap"": 6.316997769317823e-08, ""primal_infeasibility"": 7.3597907002225245e-09, ""dual_infeasibility"": 0, ""solver_version"": ""SeDuMi-1.3.7"", ""solver_options"": {}, ""termination_reason"": """", ""error_message"": """", ""timestamp"": ""2025-07-19 21:46:46"", ""matlab_version"": ""24.1.0.2537033 (R2024a)""}, ""matlab_version"": ""24.1.0.2537033 (R2024a)"", ""solver_backend"": ""sedumi"", ""execution_environment"": ""matlab"", ""problem_class"": ""SDP""}"
1414,scipy_linprog,scipy-1.15.3,SDPLIB,truss7,SDP,"{""cpu"": {""cpu_count"": 8, ""cpu_count_physical"": 8, ""processor"": ""arm"", ""architecture"": ""64bit""}, ""memory"": {""total_gb"": 24.0}, ""os"": {""system"": ""Darwin"", ""machine"": ""arm64"", ""release"": ""23.5.0""}, ""python"": {""implementation"": ""CPython"", ""version"": ""3.12.2"", ""version_info"": ""3.12.2""}, ""git"": {""commit_hash"": ""443b599dca6666ab5976e2cf184c9398d48cda2b""}, ""timezone"": {""timezone_name"": ""UTC"", ""utc_offset_hours"": 0.0}, ""timestamp"": 1752416768.0}",443b599dca6666ab5976e2cf184c9398d48cda2b,2025-07-18T16:28:58,,UNSUPPORTED,,,,,,,"{""reason"": ""Solver does not support SDP problems"", ""problem_type"": ""SDP"", ""problem_class"": ""SDP""}"
1438,cvxpy_clarabel,cvxpy-1.6.5-CLARABEL-0.11.0,SDPLIB,truss8_sdp,SDP,"{""cpu"": {""cpu_count"": 8, ""cpu_count_physical"": 8, ""processor"": ""arm"", ""architecture"": ""64bit""}, ""memory"": {""total_gb"": 24.0}, ""os"": {""system"": ""Darwin"", ""machine"": ""arm64"", ""release"": ""23.5.0""}, ""python"": {""implementation"": ""CPython"", ""version"": ""3.12.2"", ""version_info"": ""3.12.2""}, ""git"": {""commit_hash"": ""443b599dca6666ab5976e2cf184c9398d48cda2b""}, ""timezone"": {""timezone_name"": ""UTC"", ""utc_offset_hours"": 0.0}, ""timestamp"": 1752416768.0}",443b599dca6666ab5976e2cf184c9398d48cda2b,2025-07-18T16:35:13,8.423373937606812,OPTIMAL,133.1145235740515,133.11452372670436,-1.5265285924215277e-07,5.798818510869592e-07,1.8795571691601026e-08,20,"{""solver_solve_time"": 7.601113419, ""problem_class"": ""SDP""}"
1439,cvxpy_cvxopt,cvxpy-1.6.5-CVXOPT-1.3.2,SDPLIB,truss8_sdp,SDP,"{""cpu"": {""cpu_count"": 8, ""cpu_count_physical"": 8, ""processor"": ""arm"", ""architecture"": ""64bit""}, ""memory"": {""total_gb"": 24.0}, ""os"": {""system"": ""Darwin"", ""machine"": ""arm64"", ""release"": ""23.5.0""}, ""python"": {""implementation"": ""CPython"", ""version"": ""3.12.2"", ""version_info"": ""3.12.2""}, ""git"": {""commit_hash"": ""443b599dca6666ab5976e2cf184c9398d48cda2b""}, ""timezone"": {""timezone_name"": ""UTC"", ""utc_offset_hours"": 0.0}, ""timestamp"": 1752416768.0}",443b599dca6666ab5976e2cf184c9398d48cda2b,2025-07-18T16:35:20,5.338012933731079,OPTIMAL,133.1145887359414,133.1145887345484,1.3930048226029612e-09,4.487143094483282e-09,9.45481793646842e-11,,"{""iteration_info_limitation"": ""CVXOPT does not provide iteration count through CVXPY"", ""solver_solve_time"": null, ""problem_class"": ""SDP""}"
1681,matlab_sdpt3,SDPT3-4.0-20240410 (MATLAB 24.1.0.2537033 (R2024a)),SDPLIB,truss8_sdp,SDP,"{""cpu"": {""cpu_count"": 8, ""cpu_count_physical"": 8, ""processor"": ""arm"", ""architecture"": ""64bit""}, ""memory"": {""total_gb"": 24.0}, ""os"": {""system"": ""Darwin"", ""machine"": ""arm64"", ""release"": ""23.5.0""}, ""python"": {""implementation"": ""CPython"", ""version"": ""3.12.2"", ""version_info"": ""3.12.2""}, ""git"": {""commit_hash"": ""96ca043787ef8c38515cfa8d108d16b61b823e04""}, ""timezone"": {""timezone_name"": ""UTC"", ""utc_offset_hours"": 0.0}, ""timestamp"": 1752926592.0}",96ca043787ef8c38515cfa8d108d16b61b823e04,2025-07-19T14:34:56,1.0130884583333333,OPTIMAL,133.11458916487112,133.11458909069876,7.417236247420078e-08,1.8201739000684703e-10,0.0,16,"{""matlab_output"": {""solver_name"": ""SDPT3"", ""status"": ""optimal"", ""solve_time"": 1.0130884583333333, ""setup_time"": [], ""iterations"": 16, ""primal_objective_value"": 133.11458916487112, ""dual_objective_value"": 133.11458909069876, ""duality_gap"": 7.417236247420078e-08, ""primal_infeasibility"": 1.8201739000684703e-10, ""dual_infeasibility"": 0, ""solver_version"": ""SDPT3-4.0-20240410"", ""solver_options"": {}, ""termination_reason"": """", ""error_message"": """", ""timestamp"": ""2025-07-19 23:34:52"", ""matlab_version"": ""24.1.0.2537033 (R2024a)""}, ""matlab_version"": ""24.1.0.2537033 (R2024a)"", ""solver_backend"": ""sdpt3"", ""execution_environment"": ""matlab"", ""problem_class"": ""SDP""}"
1548,matlab_sedumi,SeDuMi-1.3.7 (MATLAB 24.1.0.2537033 (R2024a)),SDPLIB,truss8_sdp,SDP,"{""cpu"": {""cpu_count"": 8, ""cpu_count_physical"": 8, ""processor"": ""arm"", ""architecture"": ""64bit""}, ""memory"": {""total_gb"": 24.0}, ""os"": {""system"": ""Darwin"", ""machine"": ""arm64"", ""release"": ""23.5.0""}, ""python"": {""implementation"": ""CPython"", ""version"": ""3.12.2"", ""version_info"": ""3.12.2""}, ""git"": {""commit_hash"": ""96ca043787ef8c38515cfa8d108d16b61b823e04""}, ""timezone"": {""timezone_name"": ""UTC"", ""utc_offset_hours"": 0.0}, ""timestamp"": 1752926592.0}",96ca043787ef8c38515cfa8d108d16b61b823e04,2025-07-19T13:15:30,1.1123747916666666,OPTIMAL,133.11458828413384,133.11458828656077,2.426929768262198e-09,7.281149777057451e-09,2.2946480299761797e-10,24,"{""matlab_output"": {""solver_name"": ""SeDuMi"", ""status"": ""optimal"", ""solve_time"": 1.1123747916666666, ""setup_time"": [], ""iterations"": 24, ""primal_objective_value"": 133.11458828413384, ""dual_objective_value"": 133.11458828656077, ""duality_gap"": 2.426929768262198e-09, ""primal_infeasibility"": 7.281149777057451e-09, ""dual_infeasibility"": 2.2946480299761797e-10, ""solver_version"": ""SeDuMi-1.3.7"", ""solver_options"": {}, ""termination_reason"": """", ""error_message"": """", ""timestamp"": ""2025-07-19 22:15:26"", ""matlab_version"": ""24.1.0.2537033 (R2024a)""}, ""matlab_version"": ""24.1.0.2537033 (R2024a)"", ""solver_backend"": ""sedumi"", ""execution_environment"": ""matlab"", ""problem_class"": ""SDP""}"
