{
  "metadata": {
    "analysis_date": "2025-06-11T19:28:47.482174",
    "total_results": 66,
    "unique_solvers": 8,
    "unique_problems": 5,
    "problem_types": {
      "LP": 33,
      "QP": 23,
      "Unknown": 10
    }
  },
  "solver_metrics": {
    "OSQP (via CVXPY)": {
      "success_rate": 1.0,
      "geometric_mean_time": 0.0029971730191538253,
      "relative_performance": 1.447005085038649,
      "coefficient_of_variation": 0.2669450580140921,
      "problems_per_second": 323.24796732303184
    },
    "ECOS (via CVXPY)": {
      "success_rate": 1.0,
      "geometric_mean_time": 0.0033849458904877928,
      "relative_performance": 1.634217939643454,
      "coefficient_of_variation": 1.1740409066442905,
      "problems_per_second": 187.12736736439007
    },
    "SCS (via CVXPY)": {
      "success_rate": 1.0,
      "geometric_mean_time": 0.002071294047369413,
      "relative_performance": 1.0,
      "coefficient_of_variation": 0.1557174230825704,
      "problems_per_second": 476.91449363250456
    },
    "CLARABEL (via CVXPY)": {
      "success_rate": 0.6666666666666666,
      "geometric_mean_time": 0.004309654066555358,
      "relative_performance": 2.080657776247998,
      "coefficient_of_variation": 0.46958801707249687,
      "problems_per_second": 209.82273415125252
    },
    "SciPy": {
      "success_rate": 1.0,
      "geometric_mean_time": 0.00306209474827844,
      "relative_performance": 1.478348644977455,
      "coefficient_of_variation": 0.9514420336786654,
      "problems_per_second": 192.93914163484982
    },
    "scipy": {
      "success_rate": 0.0,
      "geometric_mean_time": Infinity,
      "relative_performance": Infinity,
      "coefficient_of_variation": Infinity,
      "problems_per_second": 0.0
    },
    "TestSolver": {
      "success_rate": 1.0,
      "geometric_mean_time": 0.005000000099999998,
      "relative_performance": 2.4139499200270977,
      "coefficient_of_variation": 0.0,
      "problems_per_second": 200.0
    },
    "CVXPY": {
      "success_rate": 1.0,
      "geometric_mean_time": 0.005140203835033895,
      "relative_performance": 2.4816388776678338,
      "coefficient_of_variation": 0.1304867673771585,
      "problems_per_second": 192.8814697293693
    }
  },
  "pairwise_comparisons": {},
  "solver_characterizations": {
    "OSQP (via CVXPY)": {
      "overall_score": 100,
      "scaling_coefficient": 0.005041252426552378,
      "size_sensitivity": "Low",
      "stability_score": 0.866527470992954,
      "strengths": [
        "Excellent reliability",
        "Very fast solver",
        "Highly stable performance",
        "Excellent scaling with problem size",
        "Specialized for QP problems"
      ],
      "weaknesses": [],
      "failure_modes": [
        "None observed"
      ]
    },
    "ECOS (via CVXPY)": {
      "overall_score": 100,
      "scaling_coefficient": -0.03156183255312936,
      "size_sensitivity": "Low",
      "stability_score": 0.41297954667785475,
      "strengths": [
        "Excellent reliability",
        "Very fast solver",
        "Excellent scaling with problem size",
        "Specialized for LP problems"
      ],
      "weaknesses": [
        "Inconsistent performance"
      ],
      "failure_modes": [
        "None observed"
      ]
    },
    "SCS (via CVXPY)": {
      "overall_score": 100,
      "scaling_coefficient": -0.002834712449964948,
      "size_sensitivity": "Low",
      "stability_score": 0.9221412884587148,
      "strengths": [
        "Excellent reliability",
        "Very fast solver",
        "Highly stable performance",
        "Excellent scaling with problem size",
        "Specialized for LP problems"
      ],
      "weaknesses": [],
      "failure_modes": [
        "None observed"
      ]
    },
    "CLARABEL (via CVXPY)": {
      "overall_score": 64.31872658130418,
      "scaling_coefficient": Infinity,
      "size_sensitivity": "High",
      "stability_score": 0.7652059914637516,
      "strengths": [
        "Very fast solver",
        "Specialized for QP problems"
      ],
      "weaknesses": [
        "Low success rate",
        "Poor scaling with problem size"
      ],
      "failure_modes": [
        "error (2 cases)"
      ]
    },
    "SciPy": {
      "overall_score": 100,
      "scaling_coefficient": -0.04118386708768006,
      "size_sensitivity": "Low",
      "stability_score": 0.5242789831606673,
      "strengths": [
        "Excellent reliability",
        "Very fast solver",
        "Excellent scaling with problem size",
        "Specialized for LP problems"
      ],
      "weaknesses": [],
      "failure_modes": [
        "None observed"
      ]
    },
    "scipy": {
      "overall_score": 0.0,
      "scaling_coefficient": Infinity,
      "size_sensitivity": "High",
      "stability_score": 0.0,
      "strengths": [],
      "weaknesses": [
        "Low success rate",
        "Slow performance",
        "Inconsistent performance",
        "Poor scaling with problem size"
      ],
      "failure_modes": [
        "error (10 cases)"
      ]
    },
    "TestSolver": {
      "overall_score": 80.0,
      "scaling_coefficient": Infinity,
      "size_sensitivity": "High",
      "stability_score": 1.0,
      "strengths": [
        "Excellent reliability",
        "Very fast solver",
        "Highly stable performance",
        "Specialized for LP problems"
      ],
      "weaknesses": [
        "Poor scaling with problem size"
      ],
      "failure_modes": [
        "None observed"
      ]
    },
    "CVXPY": {
      "overall_score": 79.34756616311421,
      "scaling_coefficient": Infinity,
      "size_sensitivity": "High",
      "stability_score": 0.9347566163114207,
      "strengths": [
        "Excellent reliability",
        "Very fast solver",
        "Highly stable performance",
        "Specialized for QP problems"
      ],
      "weaknesses": [
        "Poor scaling with problem size"
      ],
      "failure_modes": [
        "None observed"
      ]
    }
  }
}